frame,elapsed_seconds,interval_ms,cpu_active_ms,fence_ms,acquire_ms,present_ms,gpu_frame_ms,gpu_shadow_ms,submitted,width,height,action,character_deformation_ms,character_upload_ms,route_decision_ms,actor_physics_ms,character_pose_ms,world_player_doors_ms,character_audio_ms
0,0.000000,27.393500,27.393500,0.000000,0.000000,0.000000,,,0,1920,1080,"scripted-0",0.000000,0.000000,0.000000,0.000000,0.000000,0.000000,0.025100
1,0.027394,36.835900,3.538500,0.005900,0.131100,33.159800,10.845500,3.049020,1,1920,1080,"scripted-0",0.000000,0.000000,0.000300,0.000300,0.000200,0.079400,0.013600
2,0.064230,1.952800,1.732500,0.003900,0.070700,0.145100,10.011560,1.863520,1,1920,1080,"scripted-0",0.000000,0.000000,0.000300,0.000400,0.000100,0.028600,0.010500
3,0.066183,36.935800,0.549900,0.008800,36.258300,0.118400,9.382200,1.654720,1,1920,1080,"scripted-0",0.000000,0.000000,0.000000,0.000000,0.000000,0.000000,0.011200
4,0.103119,16.297700,0.619000,0.008000,15.514000,0.156000,9.489720,1.750440,1,1920,1080,"scripted-0",0.000000,0.000000,0.000900,0.000700,0.000400,0.044400,0.013100
5,0.119416,16.547400,0.346900,0.006300,16.122000,0.071500,9.367920,1.668400,1,1920,1080,"scripted-0",0.000000,0.000000,0.000400,0.000200,0.000100,0.026700,0.013300
6,0.135964,17.243300,0.556100,0.009000,16.558400,0.119300,9.492560,1.758440,1,1920,1080,"scripted-0",0.000000,0.000000,0.000300,0.000400,0.000200,0.020300,0.006300
7,0.153207,16.439700,0.818100,0.010400,15.518300,0.092100,9.357760,1.653240,1,1920,1080,"scripted-0",0.000000,0.000000,0.000200,0.000800,0.000200,0.037500,0.012400
8,0.169647,16.337200,0.343300,0.006700,15.902900,0.083800,9.573840,1.773760,1,1920,1080,"scripted-0",0.000000,0.000000,0.000100,0.000400,0.000200,0.019200,0.005900
9,0.185984,17.155000,0.583100,0.009000,16.445400,0.116800,9.409840,1.672240,1,1920,1080,"scripted-0",0.000000,0.000000,0.000200,0.000500,0.000100,0.021600,0.007300
10,0.203139,16.676700,0.635100,0.011400,15.967000,0.062700,9.507080,1.759400,1,1920,1080,"scripted-0",0.000000,0.000000,0.000400,0.000800,0.000100,0.033200,0.013200
11,0.219815,17.131400,0.732800,0.011800,16.301000,0.085400,9.370400,1.683520,1,1920,1080,"scripted-0",0.000000,0.000000,0.000200,0.000300,0.000200,0.019400,0.005900
12,0.236947,16.603400,0.757800,0.008000,15.680500,0.156200,9.560000,1.839480,1,1920,1080,"scripted-0",0.000000,0.000000,0.000300,0.000100,0.000200,0.040300,0.008700
13,0.253551,16.536200,0.768900,0.009900,15.668300,0.087900,9.361560,1.667680,1,1920,1080,"scripted-0",0.000000,0.000000,0.001200,0.000600,0.000300,0.076800,0.017700
14,0.270086,16.659400,0.607000,0.010100,15.908400,0.133500,9.532400,1.825040,1,1920,1080,"scripted-0",0.000000,0.000000,0.000200,0.000200,0.000100,0.020600,0.006200
15,0.286747,16.449000,0.675200,0.010900,15.694300,0.067300,9.454760,1.684760,1,1920,1080,"scripted-0",0.000000,0.000000,0.000500,0.000300,0.000300,0.066300,0.016700
16,0.303195,17.024700,0.789100,0.008800,15.941000,0.285300,9.518680,1.765960,1,1920,1080,"scripted-0",0.000000,0.000000,0.000300,0.000200,0.000300,0.020100,0.007200
17,0.320220,16.039100,0.373200,0.010000,15.573200,0.082100,9.320360,1.654440,1,1920,1080,"scripted-0",0.000000,0.000000,0.000300,0.000400,0.000300,0.032700,0.014500
18,0.336259,16.978700,0.589600,0.011000,16.294600,0.083100,9.428200,1.743480,1,1920,1080,"scripted-0",0.000000,0.000000,0.000200,0.000300,0.000100,0.019300,0.006700
19,0.353237,16.186100,0.341600,0.005000,15.732300,0.106800,9.377960,1.686240,1,1920,1080,"scripted-0",0.000000,0.000000,0.000100,0.000400,0.000100,0.021600,0.008100
20,0.369424,16.521400,0.412000,0.008800,16.027100,0.073000,9.466840,1.760640,1,1920,1080,"scripted-0",0.000000,0.000000,0.000800,0.000800,0.000500,0.027300,0.020300
21,0.385945,16.476100,0.381300,0.006200,16.016500,0.071600,9.337760,1.652680,1,1920,1080,"scripted-0",0.000000,0.000000,0.000100,0.000500,0.000100,0.020100,0.006500
22,0.402421,17.264400,0.426600,0.010200,16.744500,0.082600,9.556680,1.867000,1,1920,1080,"scripted-0",0.000000,0.000000,0.000300,0.000300,0.000300,0.020500,0.006900
23,0.419686,16.655900,0.606500,0.007500,15.973600,0.066800,9.340200,1.661440,1,1920,1080,"scripted-0",0.000000,0.000000,0.000900,0.000300,0.000200,0.037900,0.008900
24,0.436341,16.691700,0.599200,0.009700,15.949000,0.133200,9.421800,1.736440,1,1920,1080,"scripted-0",0.000000,0.000000,0.000100,0.000500,0.000200,0.020300,0.005900
25,0.453033,16.770800,0.469300,0.010400,16.199600,0.090900,9.478240,1.781640,1,1920,1080,"scripted-0",0.000000,0.000000,0.000300,0.000200,0.000200,0.026100,0.015700
26,0.469804,16.734300,0.733400,0.008700,15.897300,0.094200,9.432520,1.734680,1,1920,1080,"scripted-0",0.000000,0.000000,0.000500,0.000600,0.000300,0.033800,0.022700
27,0.486538,16.881000,0.730300,0.015200,16.049700,0.085300,9.367800,1.665520,1,1920,1080,"scripted-0",0.000000,0.000000,0.000200,0.000200,0.000100,0.018600,0.006800
28,0.503419,16.278400,0.573800,0.009200,15.606800,0.087900,9.600320,1.892800,1,1920,1080,"scripted-0",0.000000,0.000000,0.000300,0.000200,0.000100,0.040200,0.006400
29,0.519698,16.926200,0.624900,0.009000,16.216200,0.075500,9.353520,1.672160,1,1920,1080,"scripted-0",0.000000,0.000000,0.000500,0.000200,0.000200,0.035800,0.009100
30,0.536624,16.872100,0.845000,0.008200,15.857700,0.160800,9.458600,1.756040,1,1920,1080,"scripted-0",0.000000,0.000000,0.000500,0.000400,0.000100,0.023400,0.006300
31,0.553496,16.272200,0.604500,0.008400,15.588700,0.069700,9.427440,1.673800,1,1920,1080,"scripted-0",0.000000,0.000000,0.000400,0.000300,0.000200,0.082900,0.011000
32,0.569768,16.814200,0.688800,0.009800,16.031200,0.083900,9.473920,1.724840,1,1920,1080,"scripted-0",0.000000,0.000000,0.000300,0.000300,0.000200,0.019000,0.006100
33,0.586582,16.344900,0.439300,0.007200,15.806300,0.091800,9.484320,1.795640,1,1920,1080,"scripted-0",0.000000,0.000000,0.000200,0.000300,0.000100,0.020600,0.006200
34,0.602927,17.143400,0.412700,0.009500,16.653900,0.066700,9.495680,1.757800,1,1920,1080,"scripted-0",0.000000,0.000000,0.000800,0.000400,0.000200,0.046400,0.009200
35,0.620070,16.041300,0.329200,0.004700,15.637000,0.069900,9.559660,1.873910,1,1920,1080,"scripted-0",0.000000,0.000000,0.000300,0.000400,0.000100,0.020100,0.006000
36,0.636112,16.726000,0.430300,0.009300,16.209700,0.076200,9.463880,1.757320,1,1920,1080,"scripted-0",0.000000,0.000000,0.000200,0.000400,0.000200,0.021100,0.007100
37,0.652838,16.532600,0.513700,0.005100,15.878800,0.134500,9.347600,1.661320,1,1920,1080,"scripted-0",0.000000,0.000000,0.000300,0.000200,0.000100,0.020600,0.007600
38,0.669370,16.822200,0.641000,0.008900,16.035800,0.136000,11.486510,3.573390,1,1920,1080,"scripted-0",0.000000,0.000000,0.000200,0.000400,0.000200,0.037500,0.015600
39,0.686193,16.713800,0.588900,0.008600,16.043600,0.072100,9.333800,1.638800,1,1920,1080,"scripted-0",0.000000,0.000000,0.000500,0.000600,0.000400,0.039800,0.015300
40,0.702906,17.247200,0.457300,0.010100,16.713200,0.066300,9.449720,1.748640,1,1920,1080,"scripted-0",0.000000,0.000000,0.000300,0.000300,0.000200,0.021000,0.007700
41,0.720154,16.851100,0.680000,0.010200,16.081600,0.078800,9.357320,1.644720,1,1920,1080,"scripted-0",0.000000,0.000000,0.000200,0.000200,0.000100,0.018500,0.006200
42,0.737005,16.132500,0.553800,0.008500,15.504900,0.064900,9.444960,1.747000,1,1920,1080,"scripted-0",0.000000,0.000000,0.000400,0.000200,0.000200,0.020300,0.006400
43,0.753137,17.049000,0.555700,0.010000,16.418800,0.064100,9.374160,1.653240,1,1920,1080,"scripted-0",0.000000,0.000000,0.000300,0.000300,0.000200,0.023300,0.006500
44,0.770186,16.900900,0.707900,0.012000,16.097200,0.083200,9.496480,1.755240,1,1920,1080,"scripted-0",0.000000,0.000000,0.000200,0.000200,0.000100,0.018400,0.006200
45,0.787087,16.044600,0.660100,0.008500,15.294000,0.081500,9.340880,1.675240,1,1920,1080,"scripted-0",0.000000,0.000000,0.000200,0.000100,0.000100,0.021600,0.007600
46,0.803132,16.914900,0.775400,0.010400,16.044000,0.084700,9.560840,1.771960,1,1920,1080,"scripted-0",0.000000,0.000000,0.000200,0.000300,0.000200,0.020800,0.007700
47,0.820047,16.123500,0.455300,0.007100,15.399100,0.261100,9.390240,1.685760,1,1920,1080,"scripted-0",0.000000,0.000000,0.000300,0.000200,0.000400,0.044300,0.009100
48,0.836170,17.271700,0.614600,0.010400,16.526700,0.119300,9.463440,1.739600,1,1920,1080,"scripted-0",0.000000,0.000000,0.000500,0.000400,0.000400,0.026000,0.010600
49,0.853442,15.978800,0.455300,0.008000,15.428700,0.086300,9.428440,1.676200,1,1920,1080,"scripted-0",0.000000,0.000000,0.000500,0.000400,0.000300,0.035500,0.013600
50,0.869421,16.410800,0.358400,0.006600,15.948800,0.096500,9.562240,1.832640,1,1920,1080,"scripted-0",0.000000,0.000000,0.000200,0.000300,0.000100,0.022800,0.012500
51,0.885831,16.787900,0.515800,0.004100,16.157100,0.110500,9.354040,1.672920,1,1920,1080,"scripted-0",0.000000,0.000000,0.000200,0.000400,0.000100,0.019600,0.009000
52,0.902619,17.579600,0.600000,0.009100,16.901700,0.068300,9.479480,1.760640,1,1920,1080,"scripted-0",0.000000,0.000000,0.000400,0.000200,0.000200,0.025500,0.010600
53,0.920199,16.095400,0.582400,0.006800,15.430300,0.075500,9.405600,1.667200,1,1920,1080,"scripted-0",0.000000,0.000000,0.000200,0.000200,0.000300,0.018900,0.006900
54,0.936294,17.072500,0.619700,0.007400,16.375400,0.069600,9.448680,1.738320,1,1920,1080,"scripted-0",0.000000,0.000000,0.000300,0.000300,0.000100,0.019800,0.006800
55,0.953367,16.857500,0.663000,0.008000,16.026700,0.159400,9.364560,1.658360,1,1920,1080,"scripted-0",0.000000,0.000000,0.000300,0.000100,0.000100,0.019900,0.006500
56,0.970225,16.353200,0.779400,0.008100,15.476600,0.088300,9.459040,1.736800,1,1920,1080,"scripted-0",0.000000,0.000000,0.000300,0.000100,0.000200,0.022100,0.009200
57,0.986577,17.000800,0.585700,0.010100,16.335800,0.068700,9.334800,1.640720,1,1920,1080,"scripted-0",0.000000,0.000000,0.000300,0.000200,0.000100,0.020600,0.007900
58,1.003578,15.953000,0.560100,0.007700,15.322300,0.062500,9.505440,1.746720,1,1920,1080,"scripted-0",0.000000,0.000000,0.000300,0.000100,0.000200,0.020000,0.007100
59,1.019531,16.904500,0.670200,0.007500,16.144300,0.081900,9.374320,1.671680,1,1920,1080,"scripted-0",0.000000,0.000000,0.000200,0.000200,0.000200,0.019200,0.006600
60,1.036436,16.648800,0.699900,0.006100,15.764100,0.178300,9.583760,1.852600,1,1920,1080,"scripted-0",0.000000,0.000000,0.000300,0.000200,0.000100,0.029700,0.011100
61,1.053086,16.479300,0.750200,0.009200,15.645100,0.073000,9.394480,1.670440,1,1920,1080,"scripted-0",0.000000,0.000000,0.001000,0.000700,0.000400,0.068400,0.027400
62,1.069564,16.760400,0.614900,0.009500,16.019800,0.115800,9.511840,1.751040,1,1920,1080,"scripted-0",0.000000,0.000000,0.000200,0.000300,0.000100,0.020100,0.007400
63,1.086324,16.867900,0.758900,0.008700,15.923800,0.175900,9.547800,1.815520,1,1920,1080,"scripted-0",0.000000,0.000000,0.000300,0.000600,0.000200,0.033900,0.012000
64,1.103193,16.886700,0.856300,0.009100,15.507500,0.512900,9.447600,1.753760,1,1920,1080,"scripted-0",0.000000,0.000000,0.000700,0.000200,0.000300,0.070800,0.022800
65,1.120079,16.184000,0.540600,0.011500,15.543100,0.087800,9.447400,1.747160,1,1920,1080,"scripted-0",0.000000,0.000000,0.000500,0.000200,0.000400,0.039200,0.019800
66,1.136263,16.250700,0.417400,0.005300,15.731600,0.095800,9.525280,1.752080,1,1920,1080,"scripted-0",0.000000,0.000000,0.000400,0.000300,0.000300,0.034000,0.021100
67,1.152513,16.382800,0.322500,0.005300,15.983200,0.071400,9.337160,1.658880,1,1920,1080,"scripted-0",0.000000,0.000000,0.000600,0.000200,0.000100,0.022800,0.009100
68,1.168896,17.596900,0.553100,0.006600,16.913700,0.123000,9.497800,1.791840,1,1920,1080,"scripted-0",0.000000,0.000000,0.000100,0.000600,0.000100,0.020200,0.007200
69,1.186493,16.456600,0.475800,0.008800,15.904900,0.066600,9.408600,1.658600,1,1920,1080,"scripted-0",0.000000,0.000000,0.000400,0.000100,0.000200,0.026800,0.010400
70,1.202950,16.807700,0.653600,0.006600,15.964200,0.182500,9.439680,1.732480,1,1920,1080,"scripted-0",0.000000,0.000000,0.000200,0.000200,0.000100,0.019400,0.005900
71,1.219759,16.203700,0.480300,0.006800,15.598700,0.116400,9.359600,1.663720,1,1920,1080,"scripted-0",0.000000,0.000000,0.000300,0.000200,0.000300,0.034000,0.010300
72,1.235962,17.129100,0.594700,0.007800,16.462200,0.063600,9.473280,1.755440,1,1920,1080,"scripted-0",0.000000,0.000000,0.000700,0.000900,0.000500,0.035200,0.015300
73,1.253090,17.078600,0.500400,0.010000,16.502900,0.064900,9.386120,1.653520,1,1920,1080,"scripted-0",0.000000,0.000000,0.000300,0.000300,0.000100,0.020400,0.006400
74,1.270169,16.549500,0.533300,0.006200,15.880300,0.129300,9.503440,1.776320,1,1920,1080,"scripted-0",0.000000,0.000000,0.000200,0.000100,0.000100,0.019000,0.006000
75,1.286719,16.442200,0.699100,0.008300,15.664900,0.069400,9.412000,1.674920,1,1920,1080,"scripted-0",0.000000,0.000000,0.000400,0.000200,0.000200,0.025900,0.010900
76,1.303161,16.743500,0.669600,0.007600,15.910400,0.155300,9.474080,1.762280,1,1920,1080,"scripted-0",0.000000,0.000000,0.000300,0.000100,0.000300,0.019700,0.007000
77,1.319905,16.816200,0.700600,0.007900,15.949100,0.157200,9.433840,1.671680,1,1920,1080,"scripted-0",0.000000,0.000000,0.000300,0.000300,0.000300,0.030000,0.012800
78,1.336721,16.307000,0.713100,0.009000,15.423500,0.160400,9.431800,1.737840,1,1920,1080,"scripted-0",0.000000,0.000000,0.000600,0.000500,0.000700,0.044400,0.016400
79,1.353028,16.925200,0.508400,0.007300,16.289400,0.119200,9.536800,1.725720,1,1920,1080,"scripted-0",0.000000,0.000000,0.000700,0.000500,0.000300,0.035800,0.011600
80,1.369953,15.948300,0.376900,0.006400,15.492400,0.071700,9.648260,1.786190,1,1920,1080,"scripted-0",0.000000,0.000000,0.000600,0.000800,0.000300,0.051200,0.012200
81,1.385901,16.712900,0.408400,0.004100,16.180300,0.119600,9.355880,1.663800,1,1920,1080,"scripted-0",0.000000,0.000000,0.000300,0.000100,0.000100,0.019300,0.007100
82,1.402614,17.210100,0.349600,0.007900,16.786900,0.065100,9.510480,1.757640,1,1920,1080,"scripted-0",0.000000,0.000000,0.000600,0.000500,0.000400,0.031900,0.014100
83,1.419824,16.618400,0.575500,0.007500,15.957400,0.077100,9.423840,1.662360,1,1920,1080,"scripted-0",0.000000,0.000000,0.000200,0.000400,0.000200,0.019700,0.006400
84,1.436442,17.003100,0.567700,0.010300,16.361400,0.063300,9.448560,1.730240,1,1920,1080,"scripted-0",0.000000,0.000000,0.000200,0.000100,0.000100,0.019200,0.007600
85,1.453445,16.299400,0.529900,0.006200,15.644400,0.118400,9.393600,1.666880,1,1920,1080,"scripted-0",0.000000,0.000000,0.000200,0.000300,0.000200,0.019300,0.006100
86,1.469745,16.689400,0.758300,0.010400,15.836600,0.083600,9.430960,1.741360,1,1920,1080,"scripted-0",0.000000,0.000000,0.000300,0.000900,0.000200,0.036600,0.012800
87,1.486434,16.867900,0.781900,0.007800,15.900100,0.177400,9.415840,1.720240,1,1920,1080,"scripted-0",0.000000,0.000000,0.000300,0.000200,0.000300,0.040500,0.011600
88,1.503303,16.165000,0.481800,0.007100,15.610400,0.063800,9.459360,1.744640,1,1920,1080,"scripted-0",0.000000,0.000000,0.000600,0.000300,0.000200,0.062900,0.009400
89,1.519468,16.911100,0.649900,0.009200,16.185500,0.065400,9.368760,1.661120,1,1920,1080,"scripted-0",0.000000,0.000000,0.000200,0.000200,0.000200,0.020200,0.006200
90,1.536378,16.773900,0.732800,0.009000,15.856200,0.175500,9.558920,1.830000,1,1920,1080,"scripted-0",0.000000,0.000000,0.000200,0.000300,0.000200,0.019100,0.008200
91,1.553153,16.468600,0.714800,0.010000,15.671500,0.070500,9.355280,1.665080,1,1920,1080,"scripted-0",0.000000,0.000000,0.001500,0.000500,0.000900,0.093800,0.027100
92,1.569621,16.854900,0.616500,0.006600,16.099500,0.131900,9.495840,1.760960,1,1920,1080,"scripted-0",0.000000,0.000000,0.000200,0.000200,0.000100,0.020400,0.006300
93,1.586476,15.929400,0.351200,0.005500,15.508900,0.063300,9.611640,1.915080,1,1920,1080,"scripted-0",0.000000,0.000000,0.000600,0.000700,0.000200,0.030800,0.012400
94,1.602405,17.641500,0.632400,0.007300,16.650500,0.350900,9.491600,1.747480,1,1920,1080,"scripted-0",0.000000,0.000000,0.000200,0.000400,0.000100,0.020200,0.005700
95,1.620047,16.501000,0.718900,0.011400,15.703800,0.066200,9.348960,1.663000,1,1920,1080,"scripted-0",0.000000,0.000000,0.000400,0.000500,0.000200,0.041700,0.019300
96,1.636547,16.152400,0.450300,0.006700,15.563200,0.131800,9.468200,1.754560,1,1920,1080,"scripted-0",0.000000,0.000000,0.000200,0.000300,0.000100,0.021600,0.005900
97,1.652700,16.955900,0.708700,0.006700,16.129500,0.110300,9.371480,1.644040,1,1920,1080,"scripted-0",0.000000,0.000000,0.000600,0.000800,0.000300,0.053700,0.012100
98,1.669656,17.056800,0.671700,0.009300,16.269100,0.106200,9.533160,1.745760,1,1920,1080,"scripted-0",0.000000,0.000000,0.000300,0.000400,0.000100,0.019000,0.007500
99,1.686713,15.668500,0.329300,0.005600,15.260300,0.072900,9.590000,1.744480,1,1920,1080,"scripted-0",0.000000,0.000000,0.000200,0.000200,0.000300,0.019200,0.007800
100,1.702381,17.098900,0.579900,0.007800,16.366000,0.144700,9.549760,1.777640,1,1920,1080,"scripted-0",0.000000,0.000000,0.000400,0.000100,0.000200,0.025700,0.008700
101,1.719480,16.516500,0.386500,0.006900,16.045900,0.076700,9.465920,1.699000,1,1920,1080,"scripted-0",0.000000,0.000000,0.000200,0.000800,0.000400,0.035900,0.016900
102,1.735996,17.346000,0.714700,0.011500,16.462500,0.156800,9.468800,1.750200,1,1920,1080,"scripted-0",0.000000,0.000000,0.000200,0.000600,0.000200,0.022900,0.009800
103,1.753343,16.503600,0.760000,0.009600,15.585400,0.147800,9.341280,1.663560,1,1920,1080,"scripted-0",0.000000,0.000000,0.000600,0.000400,0.000400,0.039700,0.015300
104,1.769846,16.814000,0.773800,0.008900,15.859800,0.171000,9.517280,1.805320,1,1920,1080,"scripted-0",0.000000,0.000000,0.000300,0.000600,0.000200,0.033900,0.008400
105,1.786661,16.439400,0.710100,0.010800,15.645800,0.071000,9.365400,1.654360,1,1920,1080,"scripted-0",0.000000,0.000000,0.000800,0.002200,0.001600,0.088000,0.024100
106,1.803099,16.682600,0.721600,0.007300,15.785800,0.167500,9.540720,1.815040,1,1920,1080,"scripted-0",0.000000,0.000000,0.000200,0.000300,0.000200,0.019500,0.006700
107,1.819783,17.542900,0.636000,0.012600,16.744400,0.148800,9.736400,1.811960,1,1920,1080,"scripted-0",0.000000,0.000000,0.002200,0.001000,0.000700,0.084100,0.019600
108,1.837326,15.149000,0.371100,0.007900,14.697600,0.071200,9.714440,1.982960,1,1920,1080,"scripted-0",0.000000,0.000000,0.000900,0.000700,0.000300,0.046700,0.019100
109,1.852474,16.944300,0.594700,0.006200,16.191700,0.151300,9.433920,1.682800,1,1920,1080,"scripted-0",0.000000,0.000000,0.000200,0.000300,0.000200,0.019300,0.006500
110,1.869419,17.157800,0.369500,0.006700,16.717300,0.063500,9.448120,1.742600,1,1920,1080,"scripted-0",0.000000,0.000000,0.000600,0.000400,0.000200,0.034300,0.020800
111,1.886576,16.219100,0.551100,0.006400,15.550200,0.111000,9.345880,1.663040,1,1920,1080,"scripted-0",0.000000,0.000000,0.000200,0.000700,0.000200,0.019300,0.006000
112,1.902796,17.512600,0.766300,0.011200,16.637600,0.096600,9.417680,1.715920,1,1920,1080,"scripted-0",0.000000,0.000000,0.000300,0.000400,0.000100,0.038200,0.011400
113,1.920308,16.056400,0.519300,0.008100,15.457500,0.071100,9.373840,1.641800,1,1920,1080,"scripted-0",0.000000,0.000000,0.000600,0.000200,0.000100,0.021000,0.006100
114,1.936364,16.753100,0.712700,0.007800,15.880800,0.151200,9.488840,1.765440,1,1920,1080,"scripted-0",0.000000,0.000000,0.000300,0.000300,0.000200,0.019100,0.007300
115,1.953117,16.535500,0.357300,0.004600,16.111300,0.061700,9.404680,1.659320,1,1920,1080,"scripted-0",0.000000,0.000000,0.000500,0.000400,0.000200,0.037100,0.009800
116,1.969653,16.867100,0.455900,0.007300,16.333100,0.070400,9.486880,1.751320,1,1920,1080,"scripted-0",0.000000,0.000000,0.000200,0.000300,0.000100,0.019400,0.005500
117,1.986520,16.265200,0.543700,0.006100,15.575700,0.139300,9.359680,1.668800,1,1920,1080,"scripted-0",0.000000,0.000000,0.000200,0.000100,0.000200,0.019700,0.006400
118,2.002785,16.639600,0.541100,0.009900,16.022000,0.066200,9.522040,1.763920,1,1920,1080,"scripted-0",0.000000,0.000000,0.000900,0.000700,0.000400,0.030400,0.016100
119,2.019425,16.671000,0.534800,0.007000,15.993300,0.135400,9.520280,1.673960,1,1920,1080,"scripted-0",0.000000,0.000000,0.000300,0.000300,0.000100,0.021400,0.006400
120,2.036096,16.680600,0.658800,0.008300,15.847800,0.165100,9.471760,1.744800,1,1920,1080,"scripted-0",0.000000,0.000000,0.000400,0.000700,0.000200,0.032600,0.014200
121,2.052776,16.863700,0.405800,0.013600,16.364800,0.078900,9.408920,1.684920,1,1920,1080,"scripted-0",0.000000,0.000000,0.000600,0.000500,0.000300,0.039000,0.020000
122,2.069640,16.469400,0.531100,0.006100,15.815200,0.116400,9.532320,1.776320,1,1920,1080,"scripted-0",0.000000,0.000000,0.000100,0.000500,0.000200,0.021100,0.007400
123,2.086110,17.190000,0.604000,0.009300,16.010200,0.565700,9.480120,1.704600,1,1920,1080,"scripted-0",0.000000,0.000000,0.000500,0.000800,0.000200,0.037800,0.011800
124,2.103300,15.834500,0.388000,0.010800,15.351800,0.083100,9.500040,1.773560,1,1920,1080,"scripted-0",0.000000,0.000000,0.000600,0.001100,0.000400,0.044400,0.018500
125,2.119134,16.613300,0.425900,0.004800,16.055600,0.126500,9.653680,1.715000,1,1920,1080,"scripted-0",0.000000,0.000000,0.000200,0.000400,0.000200,0.020800,0.006800
126,2.135747,16.742800,0.373800,0.006300,16.272200,0.089700,9.459920,1.752920,1,1920,1080,"scripted-0",0.000000,0.000000,0.000200,0.001300,0.000200,0.039600,0.012100
127,2.152490,17.080500,0.918300,0.010200,15.966300,0.185300,9.377600,1.661520,1,1920,1080,"scripted-0",0.000000,0.000000,0.000300,0.000700,0.000100,0.032300,0.013600
128,2.169571,16.659600,0.622300,0.006900,15.910500,0.119200,9.436720,1.721880,1,1920,1080,"scripted-0",0.000000,0.000000,0.000500,0.000200,0.000200,0.029500,0.014900
129,2.186230,16.732600,0.592900,0.008000,16.065100,0.066000,9.369800,1.666800,1,1920,1080,"scripted-0",0.000000,0.000000,0.000200,0.000400,0.000200,0.027000,0.014200
130,2.202963,16.968500,0.537400,0.009800,16.358600,0.062300,9.452920,1.732480,1,1920,1080,"scripted-0",0.000000,0.000000,0.000100,0.000700,0.000100,0.019000,0.006200
131,2.219931,16.487600,0.740000,0.007200,15.568600,0.171300,9.504480,1.810320,1,1920,1080,"scripted-0",0.000000,0.000000,0.000200,0.000300,0.000200,0.019000,0.006300
132,2.236420,16.079200,0.463200,0.007300,15.539700,0.067500,9.537360,1.811960,1,1920,1080,"scripted-0",0.000000,0.000000,0.001400,0.001100,0.000600,0.083100,0.022800
133,2.252498,17.558400,0.549300,0.009900,16.932200,0.066600,9.526520,1.689800,1,1920,1080,"scripted-0",0.000000,0.000000,0.000100,0.000900,0.000100,0.018700,0.006100
134,2.270056,16.083500,0.414100,0.007800,15.589200,0.071800,9.493920,1.769240,1,1920,1080,"scripted-0",0.000000,0.000000,0.000200,0.000300,0.000100,0.019600,0.005900
135,2.286140,17.504300,0.432300,0.006300,16.973700,0.091600,9.412240,1.671160,1,1920,1080,"scripted-0",0.000000,0.000000,0.000300,0.000200,0.000100,0.019300,0.006500
136,2.303644,15.272100,0.317000,0.004800,14.882500,0.067400,9.493560,1.746080,1,1920,1080,"scripted-0",0.000000,0.000000,0.000200,0.000400,0.000200,0.021200,0.008500
137,2.318916,17.788800,0.668900,0.007600,16.947800,0.164100,9.376480,1.653560,1,1920,1080,"scripted-0",0.000000,0.000000,0.000100,0.000700,0.000300,0.020300,0.008500
138,2.336706,15.517400,0.470400,0.007900,14.966000,0.071900,9.484560,1.741880,1,1920,1080,"scripted-0",0.000000,0.000000,0.000300,0.000500,0.000200,0.046200,0.016200
139,2.352222,17.115200,0.589400,0.007300,16.403200,0.114800,9.359720,1.671560,1,1920,1080,"scripted-0",0.000000,0.000000,0.000300,0.000100,0.000100,0.019600,0.006400
140,2.369338,17.235100,0.703100,0.009100,16.365400,0.157000,9.512760,1.766120,1,1920,1080,"scripted-0",0.000000,0.000000,0.000500,0.000400,0.000200,0.033900,0.013500
141,2.386573,16.240500,0.621000,0.009500,15.482900,0.126200,9.359040,1.659880,1,1920,1080,"scripted-0",0.000000,0.000000,0.000900,0.000400,0.000300,0.046300,0.015600
142,2.402814,17.033000,0.775200,0.008400,16.077300,0.170800,9.556320,1.830200,1,1920,1080,"scripted-0",0.000000,0.000000,0.000400,0.000800,0.000300,0.039100,0.013900
143,2.419848,16.546900,0.684900,0.010700,15.782700,0.066500,9.425120,1.656000,1,1920,1080,"scripted-0",0.000000,0.000000,0.001000,0.001100,0.000300,0.087100,0.026200
144,2.436393,16.520700,0.674000,0.007500,15.666700,0.172100,9.493800,1.742480,1,1920,1080,"scripted-0",0.000000,0.000000,0.000100,0.000400,0.000100,0.019100,0.006200
145,2.452915,16.939700,0.451800,0.011300,16.393900,0.081400,9.493720,1.758920,1,1920,1080,"scripted-0",0.000000,0.000000,0.000600,0.000800,0.000400,0.046800,0.016700
146,2.469854,16.671800,0.443400,0.008900,16.141800,0.077100,9.597240,1.740760,1,1920,1080,"scripted-0",0.000000,0.000000,0.000300,0.000800,0.000200,0.031700,0.010300
147,2.486525,16.800100,0.675500,0.006600,15.540600,0.577000,9.468320,1.733840,1,1920,1080,"scripted-0",0.000000,0.000000,0.000200,0.000200,0.000200,0.019300,0.006500
148,2.503326,16.599600,0.410600,0.006000,16.074500,0.107400,9.632720,1.820240,1,1920,1080,"scripted-0",0.000000,0.000000,0.000400,0.000900,0.000300,0.038200,0.016200
149,2.519925,15.936700,0.357800,0.006200,15.490500,0.081600,9.601520,1.871240,1,1920,1080,"scripted-0",0.000000,0.000000,0.000200,0.000300,0.000300,0.027300,0.010500
150,2.535862,16.602300,0.446900,0.008700,16.052900,0.093300,9.461920,1.759000,1,1920,1080,"scripted-0",0.000000,0.000000,0.000100,0.000600,0.000200,0.023100,0.007000
151,2.552464,17.209200,0.531500,0.007900,16.605400,0.064000,9.338000,1.665400,1,1920,1080,"scripted-0",0.000000,0.000000,0.000200,0.000400,0.000100,0.020600,0.009200
152,2.569673,16.800900,0.658800,0.007500,16.038200,0.096000,9.443040,1.747400,1,1920,1080,"scripted-0",0.000000,0.000000,0.000200,0.000400,0.000100,0.021600,0.006500
153,2.586474,16.655100,0.755600,0.008000,15.718100,0.172900,9.457600,1.765680,1,1920,1080,"scripted-0",0.000000,0.000000,0.000900,0.000400,0.000100,0.034600,0.010400
154,2.603130,16.398300,0.796300,0.009900,15.506600,0.084100,9.527200,1.773360,1,1920,1080,"scripted-0",0.000000,0.000000,0.001700,0.000900,0.000800,0.074800,0.019300
155,2.619528,16.792500,0.685900,0.007500,15.933900,0.164500,9.376160,1.656920,1,1920,1080,"scripted-0",0.000000,0.000000,0.000400,0.000200,0.000400,0.024300,0.008800
156,2.636320,16.509600,0.662900,0.009900,15.749600,0.086600,9.595440,1.896800,1,1920,1080,"scripted-0",0.000000,0.000000,0.000600,0.000400,0.000300,0.042000,0.016700
157,2.652830,17.094500,0.502700,0.010100,16.515500,0.065600,9.358000,1.666160,1,1920,1080,"scripted-0",0.000000,0.000000,0.000700,0.000700,0.000900,0.039100,0.019700
158,2.669924,16.474600,0.542700,0.006300,15.781100,0.144100,9.543360,1.767800,1,1920,1080,"scripted-0",0.000000,0.000000,0.000200,0.000100,0.000200,0.019000,0.006000
159,2.686399,16.424700,0.578600,0.007400,15.706100,0.132000,9.386640,1.668840,1,1920,1080,"scripted-0",0.000000,0.000000,0.000400,0.001000,0.000200,0.034600,0.014600
160,2.702824,16.557600,0.590200,0.007700,15.815700,0.143500,9.527160,1.752160,1,1920,1080,"scripted-0",0.000000,0.000000,0.000700,0.000700,0.000200,0.035800,0.013600
161,2.719382,16.663100,0.594000,0.007600,15.926700,0.133800,9.378840,1.653520,1,1920,1080,"scripted-0",0.000000,0.000000,0.000400,0.000500,0.000400,0.040200,0.014600
162,2.736044,16.622800,0.572500,0.007700,15.937400,0.104700,9.545480,1.761840,1,1920,1080,"scripted-0",0.000000,0.000000,0.000700,0.000900,0.000400,0.030900,0.015600
163,2.752667,16.542900,0.551100,0.006700,15.844000,0.140500,9.522320,1.688800,1,1920,1080,"scripted-0",0.000000,0.000000,0.000100,0.000500,0.000100,0.019900,0.008100
164,2.769210,17.149000,0.413300,0.010700,16.258400,0.466100,9.642840,1.822280,1,1920,1080,"scripted-0",0.000000,0.000000,0.000400,0.001100,0.000100,0.036300,0.014900
165,2.786359,16.434700,0.746000,0.012400,15.584500,0.091000,9.383400,1.674720,1,1920,1080,"scripted-0",0.000000,0.000000,0.001100,0.000400,0.000300,0.055600,0.021000
166,2.802793,17.518400,0.606800,0.007100,16.749500,0.154600,9.530160,1.773560,1,1920,1080,"scripted-0",0.000000,0.000000,0.000200,0.000500,0.000200,0.024400,0.007600
167,2.820312,15.616600,0.580600,0.008500,14.891400,0.135300,9.398520,1.685760,1,1920,1080,"scripted-0",0.000000,0.000000,0.000400,0.001000,0.000300,0.038500,0.016000
168,2.835929,16.734100,0.560600,0.007800,16.040200,0.124900,9.545560,1.755680,1,1920,1080,"scripted-0",0.000000,0.000000,0.000400,0.000200,0.000200,0.027100,0.016600
169,2.852663,16.416200,0.461000,0.008700,15.873200,0.072800,9.493840,1.673800,1,1920,1080,"scripted-0",0.000000,0.000000,0.000200,0.000200,0.000300,0.033200,0.012200
170,2.869079,16.861800,0.532600,0.005300,16.196400,0.127000,9.489360,1.759920,1,1920,1080,"scripted-0",0.000000,0.000000,0.000200,0.000500,0.000100,0.020500,0.006700
171,2.885941,16.421900,0.545200,0.006200,15.728800,0.141200,9.410880,1.668440,1,1920,1080,"scripted-0",0.000000,0.000000,0.000200,0.000300,0.000100,0.017700,0.006800
172,2.902363,16.548500,0.356500,0.007200,16.119700,0.064500,9.500360,1.766960,1,1920,1080,"scripted-0",0.000000,0.000000,0.000200,0.000800,0.000200,0.037800,0.012100
173,2.918911,16.921100,0.351300,0.025000,16.473400,0.070900,9.399550,1.712400,1,1920,1080,"scripted-0",0.000000,0.000000,0.000200,0.000400,0.000100,0.020100,0.006700
174,2.935832,17.066100,0.691100,0.006500,16.188600,0.179500,9.542160,1.823320,1,1920,1080,"scripted-0",0.000000,0.000000,0.000300,0.000200,0.000100,0.020000,0.008900
175,2.952899,16.446500,0.700700,0.009400,15.636000,0.099600,9.513560,1.804280,1,1920,1080,"scripted-0",0.000000,0.000000,0.000600,0.001700,0.000800,0.085900,0.025400
176,2.969345,16.921300,0.769400,0.007700,16.047200,0.096200,9.549720,1.751720,1,1920,1080,"scripted-0",0.000000,0.000000,0.000300,0.000800,0.000200,0.032900,0.011800
177,2.986266,16.717200,0.781000,0.017000,15.764600,0.153800,9.452640,1.660440,1,1920,1080,"scripted-0",0.000000,0.000000,0.001100,0.001100,0.000700,0.041100,0.018600
178,3.002984,16.394200,0.631700,0.009200,15.658100,0.094100,9.652960,1.937600,1,1920,1080,"scripted-0",0.000000,0.000000,0.000500,0.000200,0.000200,0.040800,0.015300
179,3.019378,17.187700,0.682600,0.006900,15.946400,0.551200,9.338920,1.664120,1,1920,1080,"scripted-0",0.000000,0.000000,0.000300,0.000800,0.000200,0.033900,0.010700
180,3.036566,16.627500,0.776500,0.013600,15.665500,0.171000,10.127320,2.419720,1,1920,1080,"scripted-0",0.000000,0.000000,0.000800,0.000400,0.000600,0.052700,0.031300
181,3.053193,15.698700,0.395900,0.005000,15.206300,0.090800,9.719240,1.877280,1,1920,1080,"scripted-0",0.000000,0.000000,0.000400,0.000700,0.000300,0.042200,0.011400
182,3.068891,17.405300,0.929800,0.013200,16.300900,0.160800,9.532800,1.831680,1,1920,1080,"scripted-0",0.000000,0.000000,0.000400,0.000200,0.000200,0.027000,0.016400
183,3.086297,17.152800,0.373800,0.008700,16.699200,0.070500,9.361600,1.660000,1,1920,1080,"scripted-0",0.000000,0.000000,0.000300,0.000500,0.000200,0.031200,0.013000
184,3.103450,16.028500,0.697600,0.041300,15.173900,0.115100,9.455720,1.744720,1,1920,1080,"scripted-0",0.000000,0.000000,0.001000,0.000400,0.000300,0.036800,0.010800
185,3.119478,16.923900,0.741400,0.010400,15.999600,0.172000,9.423760,1.728680,1,1920,1080,"scripted-0",0.000000,0.000000,0.000300,0.000300,0.000100,0.021800,0.006700
186,3.136404,16.580100,0.779700,0.008200,15.621800,0.168300,9.446680,1.753320,1,1920,1080,"scripted-0",0.000000,0.000000,0.000900,0.001200,0.000100,0.075000,0.019100
187,3.152982,16.704500,0.743300,0.011100,15.869800,0.079300,9.365480,1.680720,1,1920,1080,"scripted-0",0.000000,0.000000,0.000400,0.000700,0.000400,0.043500,0.016900
188,3.169686,16.908500,0.612300,0.007600,16.198900,0.089300,9.522440,1.748560,1,1920,1080,"scripted-0",0.000000,0.000000,0.000200,0.000400,0.000100,0.023200,0.006900
189,3.186595,16.219600,0.561900,0.008000,15.576700,0.072300,9.383800,1.667360,1,1920,1080,"scripted-0",0.000000,0.000000,0.000200,0.000200,0.000400,0.043000,0.013400
190,3.202815,17.205500,0.598000,0.010000,16.519900,0.076300,9.544440,1.791640,1,1920,1080,"scripted-0",0.000000,0.000000,0.000200,0.000300,0.000100,0.022400,0.006600
191,3.220021,16.863700,0.710000,0.010300,16.060400,0.082000,9.467760,1.681320,1,1920,1080,"scripted-0",0.000000,0.000000,0.000700,0.000300,0.000300,0.028000,0.008700
192,3.236884,15.892400,0.647200,0.006800,15.123100,0.114900,9.477800,1.744200,1,1920,1080,"scripted-0",0.000000,0.000000,0.000100,0.000400,0.000100,0.020100,0.005800
193,3.252776,17.049600,0.712600,0.008500,15.948400,0.379300,9.358400,1.662680,1,1920,1080,"scripted-0",0.000000,0.000000,0.000300,0.000200,0.000200,0.019400,0.006900
194,3.269826,16.284200,0.368200,0.012900,15.816800,0.085700,9.541320,1.768200,1,1920,1080,"scripted-0",0.000000,0.000000,0.000400,0.000300,0.000100,0.035900,0.010800
195,3.286110,16.077800,0.318000,0.004900,15.686500,0.068100,9.676280,1.951320,1,1920,1080,"scripted-0",0.000000,0.000000,0.000300,0.000100,0.000100,0.021800,0.007200
196,3.302188,17.575400,0.527600,0.006000,16.936500,0.104800,9.508560,1.750160,1,1920,1080,"scripted-0",0.000000,0.000000,0.000200,0.000300,0.000200,0.021400,0.006500
197,3.319763,15.880600,0.330500,0.004400,15.471800,0.073400,9.412680,1.668640,1,1920,1080,"scripted-0",0.000000,0.000000,0.000200,0.000400,0.000100,0.017900,0.007400
198,3.335644,16.546600,0.322400,0.005700,16.151300,0.066700,9.475280,1.737960,1,1920,1080,"scripted-0",0.000000,0.000000,0.000200,0.000500,0.000100,0.019900,0.006300
199,3.352190,17.236200,0.498400,0.007300,16.654400,0.075500,9.359120,1.657960,1,1920,1080,"scripted-0",0.000000,0.000000,0.000200,0.000400,0.000100,0.019600,0.006400
200,3.369427,16.044000,0.319400,0.004800,15.647600,0.071700,9.462160,1.746120,1,1920,1080,"scripted-0",0.000000,0.000000,0.000100,0.000500,0.000100,0.018800,0.006700
201,3.385471,17.556000,0.790600,0.007800,16.610800,0.146300,9.335520,1.655560,1,1920,1080,"scripted-0",0.000000,0.000000,0.000200,0.000400,0.000100,0.022800,0.006700
202,3.403027,16.997300,0.683700,0.007600,16.203000,0.102200,9.465760,1.758960,1,1920,1080,"scripted-0",0.000000,0.000000,0.000100,0.000400,0.000100,0.031200,0.009800
203,3.420024,16.188800,0.637600,0.008400,15.472100,0.069900,9.394200,1.669640,1,1920,1080,"scripted-0",0.000000,0.000000,0.000300,0.000400,0.000400,0.032800,0.007800
204,3.436213,16.826800,0.609300,0.007800,16.076000,0.133200,9.490240,1.789960,1,1920,1080,"scripted-0",0.000000,0.000000,0.000200,0.000600,0.000100,0.020700,0.006700
205,3.453040,16.768600,0.470900,0.006700,16.204100,0.086100,9.425320,1.733720,1,1920,1080,"scripted-0",0.000000,0.000000,0.000300,0.000300,0.000400,0.036400,0.008300
206,3.469809,16.491400,0.627200,0.008400,15.784700,0.070200,9.491000,1.752240,1,1920,1080,"scripted-0",0.000000,0.000000,0.000400,0.000400,0.000300,0.034800,0.011600
207,3.486299,16.667000,0.738000,0.007900,15.741200,0.179400,9.427360,1.748480,1,1920,1080,"scripted-0",0.000000,0.000000,0.000300,0.000100,0.000100,0.019800,0.006300
208,3.502967,16.154500,0.483600,0.007100,15.579500,0.083400,9.481240,1.747800,1,1920,1080,"scripted-0",0.000000,0.000000,0.001200,0.001300,0.000800,0.085800,0.028700
209,3.519121,16.765100,0.326300,0.004800,16.362000,0.071600,9.614400,1.788280,1,1920,1080,"scripted-0",0.000000,0.000000,0.000300,0.000300,0.000100,0.019600,0.006300
210,3.535886,17.401000,0.645100,0.007600,16.647100,0.100500,9.501360,1.767840,1,1920,1080,"scripted-0",0.000000,0.000000,0.000100,0.000500,0.000100,0.020100,0.006600
211,3.553288,16.255300,0.517500,0.010800,15.640400,0.085700,9.414680,1.677920,1,1920,1080,"scripted-0",0.000000,0.000000,0.000400,0.000400,0.000400,0.032700,0.013000
212,3.569542,17.284800,0.624900,0.008500,16.063000,0.587900,9.621920,1.782480,1,1920,1080,"scripted-0",0.000000,0.000000,0.000100,0.000400,0.000100,0.020900,0.008100
213,3.586829,15.809400,0.654100,0.009100,15.070600,0.073100,9.353240,1.653680,1,1920,1080,"scripted-0",0.000000,0.000000,0.000700,0.001400,0.000300,0.041600,0.015100
214,3.602637,16.698400,0.339600,0.006100,16.281800,0.070500,9.459720,1.752360,1,1920,1080,"scripted-0",0.000000,0.000000,0.000100,0.000400,0.000100,0.023000,0.006300
215,3.619335,17.108700,0.669500,0.007800,16.276400,0.154500,9.374960,1.648400,1,1920,1080,"scripted-0",0.000000,0.000000,0.000300,0.000300,0.000400,0.026600,0.006600
216,3.636444,17.095500,0.740900,0.009800,16.257700,0.086500,9.448000,1.732040,1,1920,1080,"scripted-0",0.000000,0.000000,0.000300,0.000300,0.000200,0.019000,0.006600
217,3.653539,16.074700,0.752900,0.007700,15.231000,0.082700,9.329360,1.639040,1,1920,1080,"scripted-0",0.000000,0.000000,0.000300,0.000200,0.000100,0.020800,0.005800
218,3.669614,16.680600,0.441100,0.010800,15.923000,0.305200,9.566880,1.846280,1,1920,1080,"scripted-0",0.000000,0.000000,0.000200,0.000600,0.000200,0.020600,0.006900
219,3.686295,16.473700,0.748600,0.009400,15.632600,0.082400,9.363880,1.677280,1,1920,1080,"scripted-0",0.000000,0.000000,0.001400,0.001100,0.000400,0.077600,0.020000
220,3.702768,16.882700,0.675600,0.007500,16.081600,0.117500,9.514760,1.759320,1,1920,1080,"scripted-0",0.000000,0.000000,0.000300,0.000100,0.000200,0.020000,0.009700
221,3.719651,16.588200,0.763900,0.009800,15.639000,0.174700,9.460600,1.761480,1,1920,1080,"scripted-0",0.000000,0.000000,0.000400,0.001000,0.000300,0.024600,0.013900
222,3.736241,16.938900,0.611000,0.012400,16.226400,0.087200,9.651120,1.859120,1,1920,1080,"scripted-0",0.000000,0.000000,0.001300,0.000800,0.000500,0.092700,0.021800
223,3.753178,16.257400,0.702200,0.006900,15.380300,0.167200,9.394480,1.651920,1,1920,1080,"scripted-0",0.000000,0.000000,0.000400,0.000400,0.000600,0.035600,0.017200
224,3.769436,17.364800,0.479500,0.012700,16.783200,0.088200,9.466080,1.755480,1,1920,1080,"scripted-0",0.000000,0.000000,0.000400,0.001000,0.000300,0.044600,0.016800
225,3.786800,16.041900,0.685500,0.007900,15.269200,0.078700,9.418560,1.673600,1,1920,1080,"scripted-0",0.000000,0.000000,0.000400,0.000400,0.000200,0.031700,0.023600
226,3.802842,16.061200,0.318700,0.004200,15.671100,0.066700,9.533200,1.749680,1,1920,1080,"scripted-0",0.000000,0.000000,0.000200,0.000400,0.000200,0.020400,0.007000
227,3.818903,17.561500,0.661800,0.007300,16.731700,0.160300,9.371760,1.662640,1,1920,1080,"scripted-0",0.000000,0.000000,0.000300,0.000100,0.000100,0.020300,0.006500
228,3.836465,17.061100,0.706500,0.007000,16.184300,0.162300,9.476600,1.748120,1,1920,1080,"scripted-0",0.000000,0.000000,0.000400,0.000600,0.000300,0.046900,0.017000
229,3.853526,15.486700,0.523800,0.007300,14.870500,0.084300,9.344360,1.654360,1,1920,1080,"scripted-0",0.000000,0.000000,0.000500,0.001000,0.000400,0.040600,0.016100
230,3.869013,17.043300,0.598100,0.007300,16.362300,0.075200,9.474440,1.751480,1,1920,1080,"scripted-0",0.000000,0.000000,0.000200,0.000300,0.000300,0.020500,0.007300
231,3.886056,16.675200,0.659000,0.007500,15.819000,0.189200,10.037560,2.328840,1,1920,1080,"scripted-0",0.000000,0.000000,0.000100,0.000400,0.000100,0.023100,0.007200
232,3.902732,16.552500,0.507200,0.010500,15.968000,0.065700,9.443920,1.746800,1,1920,1080,"scripted-0",0.000000,0.000000,0.000900,0.000100,0.000500,0.038000,0.017100
233,3.919284,17.039400,0.465000,0.007300,16.494700,0.071900,9.358560,1.660640,1,1920,1080,"scripted-0",0.000000,0.000000,0.000200,0.000200,0.000100,0.018100,0.006200
234,3.936323,16.557700,0.718900,0.007500,15.664800,0.166100,9.528320,1.824560,1,1920,1080,"scripted-0",0.000000,0.000000,0.000300,0.000300,0.000200,0.019800,0.006200
235,3.952883,16.984700,0.986600,0.009800,15.801600,0.183800,9.472320,1.776440,1,1920,1080,"scripted-0",0.000000,0.000000,0.001500,0.001500,0.000300,0.080800,0.021800
236,3.969866,16.366500,0.759500,0.010300,15.518600,0.077300,9.466840,1.756920,1,1920,1080,"scripted-0",0.000000,0.000000,0.000900,0.000900,0.000500,0.082100,0.027300
237,3.986232,16.535900,0.606100,0.006700,15.772000,0.150700,9.563960,1.760280,1,1920,1080,"scripted-0",0.000000,0.000000,0.000200,0.000500,0.000200,0.019700,0.007000
238,4.002770,16.710000,0.645100,0.008700,15.978900,0.074900,9.473080,1.774000,1,1920,1080,"scripted-0",0.000000,0.000000,0.001500,0.001000,0.000500,0.066200,0.024100
239,4.019478,15.983600,0.327700,0.008100,15.573400,0.073900,9.453280,1.697440,1,1920,1080,"scripted-0",0.000000,0.000000,0.000100,0.000400,0.000100,0.019500,0.006600
240,4.035461,17.091600,0.334300,0.005100,16.674100,0.077600,9.479880,1.756440,1,1920,1080,"scripted-0",0.000000,0.000000,0.000200,0.000400,0.000200,0.021200,0.008800
241,4.052553,16.402400,0.326100,0.006600,16.001500,0.067900,9.464680,1.771720,1,1920,1080,"scripted-0",0.000000,0.000000,0.000200,0.000300,0.000100,0.019900,0.009000
242,4.068955,16.532500,0.334200,0.006400,16.098400,0.093100,9.500760,1.751240,1,1920,1080,"scripted-0",0.000000,0.000000,0.000200,0.000200,0.000200,0.020000,0.006800
243,4.085488,17.124800,0.523400,0.006300,16.516700,0.077900,9.552760,1.809200,1,1920,1080,"scripted-0",0.000000,0.000000,0.000200,0.000300,0.000300,0.020800,0.007800
244,4.102613,16.816500,0.735300,0.007300,15.910400,0.162800,9.501240,1.757120,1,1920,1080,"scripted-0",0.000000,0.000000,0.000400,0.000300,0.000300,0.035400,0.008000
245,4.119429,16.737800,0.609400,0.008300,15.984800,0.134700,9.478490,1.774630,1,1920,1080,"scripted-0",0.000000,0.000000,0.000400,0.000400,0.000200,0.024500,0.009100
246,4.136167,16.904000,0.571000,0.008900,16.203500,0.120100,9.470400,1.745880,1,1920,1080,"scripted-0",0.000000,0.000000,0.000300,0.000400,0.000200,0.025200,0.011700
247,4.153071,16.753800,0.522900,0.011400,16.155000,0.064000,9.402560,1.662080,1,1920,1080,"scripted-0",0.000000,0.000000,0.000400,0.000300,0.000300,0.037300,0.013000
248,4.169825,16.351900,0.718200,0.007700,15.456000,0.169600,9.573680,1.854680,1,1920,1080,"scripted-0",0.000000,0.000000,0.000200,0.000200,0.000200,0.019400,0.006100
249,4.186179,16.646200,0.720300,0.011000,15.831700,0.080600,9.389440,1.672320,1,1920,1080,"scripted-0",0.000000,0.000000,0.002400,0.001600,0.000900,0.072700,0.024300
250,4.202823,17.050200,0.561200,0.009900,16.414400,0.064200,9.455320,1.737320,1,1920,1080,"scripted-0",0.000000,0.000000,0.000200,0.000200,0.000200,0.021900,0.007100
251,4.219873,16.794500,0.686400,0.007700,16.001100,0.098800,9.385160,1.662960,1,1920,1080,"scripted-0",0.000000,0.000000,0.000200,0.000200,0.000200,0.019300,0.006100
252,4.236668,16.095900,0.705400,0.007500,15.297100,0.085300,9.482680,1.772280,1,1920,1080,"scripted-0",0.000000,0.000000,0.000200,0.000200,0.000100,0.019800,0.006900
253,4.252764,16.951300,0.676400,0.010000,16.194100,0.070000,9.402600,1.677960,1,1920,1080,"scripted-0",0.000000,0.000000,0.000400,0.000400,0.000300,0.055300,0.009900
254,4.269715,16.238100,0.530000,0.006100,15.596900,0.104700,9.665920,1.919200,1,1920,1080,"scripted-0",0.000000,0.000000,0.000200,0.000500,0.000100,0.019500,0.006000
255,4.285953,17.000600,0.620700,0.006900,15.839100,0.533000,9.342720,1.657560,1,1920,1080,"scripted-0",0.000000,0.000000,0.000300,0.000400,0.000300,0.042800,0.021500
256,4.302954,16.523700,0.503900,0.008600,15.904400,0.105800,9.583040,1.869840,1,1920,1080,"scripted-0",0.000000,0.000000,0.000800,0.000500,0.000300,0.037700,0.015800
257,4.319477,16.331400,0.551500,0.005800,15.696200,0.077100,9.361480,1.643680,1,1920,1080,"scripted-0",0.000000,0.000000,0.000400,0.000500,0.000400,0.034300,0.010600
258,4.335809,16.380100,0.413300,0.005200,15.806300,0.154800,9.495280,1.753840,1,1920,1080,"scripted-0",0.000000,0.000000,0.000200,0.000300,0.000200,0.019100,0.006500
259,4.352189,17.640300,0.726600,0.009400,16.744000,0.159700,9.386640,1.657000,1,1920,1080,"scripted-0",0.000000,0.000000,0.000500,0.000400,0.000300,0.050100,0.016100
260,4.369829,16.243200,0.738700,0.009200,15.410100,0.084300,9.460880,1.751560,1,1920,1080,"scripted-0",0.000000,0.000000,0.000800,0.001300,0.000200,0.032200,0.009500
261,4.386073,17.165400,0.605900,0.010000,16.482200,0.066500,9.396280,1.671920,1,1920,1080,"scripted-0",0.000000,0.000000,0.000300,0.000500,0.000100,0.040300,0.014400
262,4.403238,16.372100,0.524900,0.007700,15.724500,0.114600,9.478040,1.748160,1,1920,1080,"scripted-0",0.000000,0.000000,0.000300,0.000300,0.000100,0.018900,0.006200
263,4.419611,16.473300,0.726500,0.008400,15.628900,0.107600,9.355960,1.655480,1,1920,1080,"scripted-0",0.000000,0.000000,0.000300,0.000800,0.000400,0.037200,0.011300
264,4.436083,17.204400,0.675300,0.010200,16.451400,0.067100,9.459080,1.723800,1,1920,1080,"scripted-0",0.000000,0.000000,0.000200,0.000500,0.000100,0.021400,0.015500
265,4.453287,15.955700,0.550200,0.006800,15.321800,0.076500,9.341160,1.647880,1,1920,1080,"scripted-0",0.000000,0.000000,0.000300,0.000100,0.000100,0.019400,0.005800
266,4.469243,16.798100,0.634700,0.009000,16.037000,0.117000,9.453480,1.751880,1,1920,1080,"scripted-0",0.000000,0.000000,0.000900,0.000600,0.000600,0.030000,0.008500
267,4.486042,17.319700,0.742500,0.012400,16.479000,0.084700,9.462920,1.678600,1,1920,1080,"scripted-0",0.000000,0.000000,0.000500,0.000400,0.000500,0.038300,0.012800
268,4.503361,15.879800,0.712300,0.008700,15.045600,0.112800,9.534920,1.776160,1,1920,1080,"scripted-0",0.000000,0.000000,0.000300,0.000200,0.000200,0.021000,0.006100
269,4.519241,16.685000,0.601800,0.006500,15.950000,0.125400,9.365400,1.670400,1,1920,1080,"scripted-0",0.000000,0.000000,0.000400,0.000200,0.000300,0.035700,0.008500
270,4.535927,16.824400,0.392700,0.007600,16.338600,0.084200,9.517560,1.757760,1,1920,1080,"scripted-0",0.000000,0.000000,0.000200,0.000900,0.000400,0.038000,0.013700
271,4.552750,16.042800,0.312200,0.005000,15.652600,0.072500,9.541680,1.840720,1,1920,1080,"scripted-0",0.000000,0.000000,0.000200,0.000400,0.000100,0.019700,0.007000
272,4.568793,17.674400,0.755300,0.008900,16.823100,0.086700,9.461840,1.740080,1,1920,1080,"scripted-0",0.000000,0.000000,0.000200,0.000200,0.000200,0.019400,0.006700
273,4.586468,16.052200,0.615400,0.007900,15.351300,0.076800,9.374960,1.642280,1,1920,1080,"scripted-0",0.000000,0.000000,0.000600,0.000800,0.000200,0.053800,0.013400
274,4.602519,16.953100,0.762600,0.007500,16.096400,0.086200,9.463880,1.758120,1,1920,1080,"scripted-0",0.000000,0.000000,0.000200,0.000500,0.000100,0.019000,0.006500
275,4.619473,16.598000,0.675300,0.007500,15.750200,0.164500,9.374120,1.671840,1,1920,1080,"scripted-0",0.000000,0.000000,0.000200,0.000500,0.000200,0.023500,0.017400
276,4.636071,16.506500,0.602100,0.009500,15.820100,0.073900,9.502800,1.754480,1,1920,1080,"scripted-0",0.000000,0.000000,0.000300,0.000800,0.000200,0.045300,0.015300
277,4.652577,16.624200,0.573300,0.006800,15.914800,0.128800,9.344200,1.666560,1,1920,1080,"scripted-0",0.000000,0.000000,0.000300,0.000100,0.000100,0.019000,0.006900
278,4.669202,17.491300,0.779800,0.011600,16.609800,0.088700,9.443400,1.721000,1,1920,1080,"scripted-0",0.000000,0.000000,0.000700,0.000700,0.000100,0.039000,0.012700
279,4.686693,16.045600,0.721900,0.007500,15.208900,0.106900,9.422520,1.670760,1,1920,1080,"scripted-0",0.000000,0.000000,0.000200,0.000200,0.000200,0.020600,0.006500
280,4.702738,16.950400,0.753100,0.008200,16.107800,0.080600,9.423000,1.727160,1,1920,1080,"scripted-0",0.000000,0.000000,0.000300,0.000200,0.000200,0.032700,0.007800
281,4.719689,16.053600,0.547800,0.006300,15.372600,0.126400,9.354480,1.658040,1,1920,1080,"scripted-0",0.000000,0.000000,0.000300,0.000100,0.000100,0.021100,0.007100
282,4.735742,17.005300,0.768700,0.009000,16.140500,0.086600,9.513120,1.762800,1,1920,1080,"scripted-0",0.000000,0.000000,0.000600,0.000500,0.000100,0.037200,0.012900
283,4.752748,16.871900,0.733500,0.008100,15.973500,0.156100,9.414280,1.697600,1,1920,1080,"scripted-0",0.000000,0.000000,0.000600,0.000400,0.001100,0.044200,0.011900
284,4.769620,17.014000,0.875100,0.008200,15.938900,0.190800,9.446840,1.742800,1,1920,1080,"scripted-0",0.000000,0.000000,0.000700,0.000200,0.000300,0.030800,0.010100
285,4.786633,16.278200,0.715400,0.014400,15.456100,0.091800,9.422120,1.671760,1,1920,1080,"scripted-0",0.000000,0.000000,0.000300,0.000800,0.000300,0.043200,0.018000
286,4.802911,16.968000,0.626900,0.007500,16.263600,0.069600,9.483160,1.753720,1,1920,1080,"scripted-0",0.000000,0.000000,0.000200,0.000400,0.000100,0.018200,0.006100
287,4.819879,16.634100,0.608200,0.006200,15.880500,0.138900,9.388800,1.648720,1,1920,1080,"scripted-0",0.000000,0.000000,0.000200,0.000900,0.000200,0.019700,0.006800
288,4.836514,15.692300,0.423100,0.006300,15.109300,0.153000,9.464920,1.751400,1,1920,1080,"scripted-0",0.000000,0.000000,0.000300,0.000500,0.000200,0.037400,0.015000
289,4.852207,17.557600,0.804900,0.009200,16.576200,0.166300,9.354720,1.657560,1,1920,1080,"scripted-0",0.000000,0.000000,0.000700,0.000500,0.000500,0.042900,0.014900
290,4.869764,16.257700,0.585400,0.010800,15.596000,0.064500,9.466040,1.745440,1,1920,1080,"scripted-0",0.000000,0.000000,0.000300,0.000700,0.000200,0.042800,0.012800
291,4.886021,16.909300,0.755300,0.008700,15.971600,0.173300,9.377760,1.671600,1,1920,1080,"scripted-0",0.000000,0.000000,0.000100,0.000400,0.000100,0.019800,0.006200
292,4.902932,16.585800,0.603900,0.007900,15.851600,0.120600,9.455560,1.758400,1,1920,1080,"scripted-0",0.000000,0.000000,0.000300,0.000300,0.000100,0.036800,0.010100
293,4.919517,16.631200,0.625900,0.009100,15.928300,0.067100,9.405000,1.654080,1,1920,1080,"scripted-0",0.000000,0.000000,0.000500,0.000900,0.000200,0.039400,0.013800
294,4.936148,16.303700,0.560300,0.006000,15.584400,0.152200,9.496160,1.755080,1,1920,1080,"scripted-0",0.000000,0.000000,0.000300,0.000100,0.000100,0.019200,0.005700
295,4.952451,16.889500,0.636100,0.010800,16.156300,0.085800,9.534160,1.831520,1,1920,1080,"scripted-0",0.000000,0.000000,0.000600,0.001000,0.000200,0.038600,0.017300
296,4.969341,16.662500,0.666900,0.007900,15.842200,0.144800,9.481760,1.758120,1,1920,1080,"scripted-0",0.000000,0.000000,0.001600,0.001000,0.000800,0.041800,0.016200
297,4.986004,16.722300,0.736700,0.007900,15.779500,0.197100,9.457520,1.776760,1,1920,1080,"scripted-0",0.000000,0.000000,0.000500,0.000500,0.000300,0.038100,0.015700
298,5.002726,17.029200,0.576100,0.008900,16.356700,0.086200,9.577040,1.844040,1,1920,1080,"scripted-0",0.000000,0.000000,0.001100,0.001600,0.001700,0.082600,0.032000
299,5.019755,16.487900,0.726800,0.009000,15.656000,0.095500,9.391160,1.667080,1,1920,1080,"scripted-0",0.000000,0.000000,0.000400,0.000400,0.000400,0.033100,0.018000
300,5.036243,17.103800,0.610600,0.006700,15.608000,0.878000,9.682640,1.948320,1,1920,1080,"scripted-0",0.000000,0.000000,0.000200,0.000500,0.000100,0.019900,0.006700
301,5.053347,16.042000,0.511200,0.009800,15.393900,0.126000,9.374080,1.696160,1,1920,1080,"scripted-0",0.000000,0.000000,0.000400,0.000400,0.000300,0.033900,0.017200
302,5.069389,16.067200,0.400400,0.005600,15.512600,0.147700,9.491440,1.743680,1,1920,1080,"scripted-0",0.000000,0.000000,0.000300,0.000900,0.000100,0.036000,0.013200
303,5.085456,17.220000,0.527800,0.009600,16.614500,0.067500,9.374640,1.660000,1,1920,1080,"scripted-0",0.000000,0.000000,0.000900,0.000400,0.000400,0.043700,0.014100
304,5.102676,17.324100,0.684000,0.007100,16.428300,0.204300,9.474080,1.743840,1,1920,1080,"scripted-0",0.000000,0.000000,0.000100,0.000300,0.000100,0.020700,0.006300
305,5.120001,15.369100,0.372500,0.006900,14.892900,0.095500,9.372640,1.655440,1,1920,1080,"scripted-0",0.000000,0.000000,0.000700,0.000300,0.000400,0.044400,0.015800
306,5.135369,17.155800,0.607700,0.007200,16.465900,0.074400,9.657560,1.942560,1,1920,1080,"scripted-0",0.000000,0.000000,0.000300,0.000600,0.000100,0.026500,0.010400
307,5.152525,17.041200,0.678400,0.007500,16.276900,0.077600,9.361040,1.666840,1,1920,1080,"scripted-0",0.000000,0.000000,0.000100,0.000400,0.000100,0.019500,0.023600
308,5.169566,16.497800,0.631600,0.010400,15.716800,0.138300,9.472680,1.757520,1,1920,1080,"scripted-0",0.000000,0.000000,0.000300,0.000300,0.000200,0.020100,0.006600
309,5.186065,16.708800,0.603800,0.007800,16.015100,0.080600,9.392600,1.674840,1,1920,1080,"scripted-0",0.000000,0.000000,0.000400,0.000200,0.000100,0.038900,0.011400
310,5.202773,16.934800,0.570600,0.010400,16.289500,0.063800,9.451800,1.735360,1,1920,1080,"scripted-0",0.000000,0.000000,0.000100,0.000400,0.000100,0.022000,0.007300
311,5.219707,16.165200,0.508200,0.009700,15.582500,0.064200,9.404040,1.651920,1,1920,1080,"scripted-0",0.000000,0.000000,0.000200,0.000300,0.000200,0.019700,0.008000
312,5.235872,17.012500,0.520100,0.007500,16.415900,0.068600,9.559840,1.751480,1,1920,1080,"scripted-0",0.000000,0.000000,0.000200,0.000100,0.000100,0.019500,0.005800
313,5.252885,16.228700,0.416900,0.011600,15.717300,0.082400,9.472040,1.764120,1,1920,1080,"scripted-0",0.000000,0.000000,0.000200,0.000400,0.000100,0.020400,0.006400
314,5.269114,17.422700,0.737900,0.007700,16.257700,0.418500,9.447720,1.749280,1,1920,1080,"scripted-0",0.000000,0.000000,0.000300,0.000400,0.000400,0.034000,0.008600
315,5.286537,16.938700,0.409300,0.008900,16.158900,0.360500,9.492480,1.696600,1,1920,1080,"scripted-0",0.000000,0.000000,0.000300,0.000800,0.000300,0.039800,0.022300
316,5.303476,15.411300,0.520900,0.009600,14.808900,0.070600,9.448680,1.748360,1,1920,1080,"scripted-0",0.000000,0.000000,0.000700,0.000900,0.000200,0.045500,0.020900
317,5.318886,16.556000,0.308900,0.003800,16.181700,0.061200,9.477900,1.787510,1,1920,1080,"scripted-0",0.000000,0.000000,0.000300,0.000300,0.000200,0.019000,0.005900
318,5.335442,17.665900,0.359300,0.008700,17.226100,0.071400,9.439480,1.750520,1,1920,1080,"scripted-0",0.000000,0.000000,0.000300,0.000100,0.000100,0.019500,0.006400
319,5.353108,16.431400,0.672800,0.007800,15.593100,0.157300,9.358280,1.655360,1,1920,1080,"scripted-0",0.000000,0.000000,0.000300,0.000600,0.000300,0.023600,0.008200
320,5.369540,16.539000,0.580700,0.009500,15.880400,0.067800,9.464680,1.744760,1,1920,1080,"scripted-0",0.000000,0.000000,0.000600,0.000400,0.000400,0.043900,0.016000
321,5.386079,16.262600,0.314800,0.004700,15.875700,0.066800,9.375120,1.639760,1,1920,1080,"scripted-0",0.000000,0.000000,0.000300,0.000200,0.000200,0.020200,0.006600
322,5.402341,16.660000,0.318600,0.004900,16.271300,0.064800,9.510920,1.746160,1,1920,1080,"scripted-0",0.000000,0.000000,0.000100,0.000400,0.000200,0.020000,0.006000
323,5.419002,16.737600,0.328800,0.005700,16.330900,0.071500,9.407720,1.683520,1,1920,1080,"scripted-0",0.000000,0.000000,0.000200,0.000400,0.000200,0.019600,0.006100
324,5.435739,16.551200,0.411600,0.006400,16.065800,0.066900,9.504800,1.753960,1,1920,1080,"scripted-0",0.000000,0.000000,0.000300,0.000200,0.000200,0.019400,0.005700
325,5.452290,16.929100,0.598700,0.006500,16.206000,0.117500,9.578120,1.867240,1,1920,1080,"scripted-0",0.000000,0.000000,0.000300,0.000300,0.000200,0.018900,0.006500
326,5.469220,17.054400,0.629000,0.008400,16.342300,0.073900,9.555840,1.723880,1,1920,1080,"scripted-0",0.000000,0.000000,0.000500,0.001200,0.000300,0.060200,0.021300
327,5.486274,16.069900,0.503800,0.006300,15.455200,0.104200,9.588520,1.854720,1,1920,1080,"scripted-0",0.000000,0.000000,0.000200,0.000300,0.000100,0.018800,0.008800
328,5.502344,17.021300,0.446400,0.010900,16.497200,0.066100,9.476200,1.746640,1,1920,1080,"scripted-0",0.000000,0.000000,0.000700,0.001000,0.000900,0.034700,0.023900
329,5.519365,16.224800,0.323100,0.005300,15.810100,0.086000,9.348640,1.661640,1,1920,1080,"scripted-0",0.000000,0.000000,0.000200,0.000500,0.000100,0.020800,0.005800
330,5.535590,16.427600,0.318100,0.004400,16.038400,0.066100,9.544960,1.795240,1,1920,1080,"scripted-0",0.000000,0.000000,0.000900,0.000300,0.000300,0.022500,0.007100
331,5.552017,17.731200,0.486900,0.007500,16.784300,0.452100,9.374320,1.679840,1,1920,1080,"scripted-0",0.000000,0.000000,0.000300,0.000400,0.000200,0.021500,0.006700
332,5.569749,15.600900,0.526300,0.010400,14.968100,0.094800,9.444880,1.757240,1,1920,1080,"scripted-0",0.000000,0.000000,0.000500,0.000600,0.000200,0.042200,0.020800
333,5.585349,17.238900,0.582000,0.008300,16.583800,0.064400,9.346320,1.674120,1,1920,1080,"scripted-0",0.000000,0.000000,0.000400,0.000900,0.000100,0.037700,0.011900
334,5.602588,16.979800,0.522400,0.008000,16.379500,0.069500,9.475280,1.748600,1,1920,1080,"scripted-0",0.000000,0.000000,0.000300,0.000100,0.000100,0.022200,0.006200
335,5.619568,16.814300,0.663600,0.008000,16.012300,0.129800,9.374480,1.645320,1,1920,1080,"scripted-0",0.000000,0.000000,0.000300,0.000200,0.000200,0.021100,0.006400
336,5.636382,16.191100,0.578300,0.007700,15.521100,0.083500,9.631120,1.930280,1,1920,1080,"scripted-0",0.000000,0.000000,0.000200,0.000300,0.000100,0.019100,0.006200
337,5.652574,16.860100,0.713600,0.008500,16.029800,0.107400,9.372920,1.641120,1,1920,1080,"scripted-0",0.000000,0.000000,0.000500,0.000300,0.000400,0.036300,0.014800
338,5.669433,16.225000,0.473100,0.006900,15.666000,0.078600,9.506400,1.736240,1,1920,1080,"scripted-0",0.000000,0.000000,0.000200,0.000300,0.000200,0.019400,0.006400
339,5.685658,16.876800,0.653500,0.006600,16.103000,0.113200,9.362000,1.652080,1,1920,1080,"scripted-0",0.000000,0.000000,0.000300,0.000400,0.000200,0.020000,0.006500
340,5.702535,16.955500,0.701400,0.007700,16.094700,0.151400,9.500240,1.748360,1,1920,1080,"scripted-0",0.000000,0.000000,0.000200,0.000500,0.000100,0.019400,0.009300
341,5.719491,17.290100,0.675700,0.007800,16.240000,0.366000,9.420320,1.702840,1,1920,1080,"scripted-0",0.000000,0.000000,0.000300,0.000100,0.000100,0.031300,0.008200
342,5.736782,16.025800,0.582200,0.012100,15.360100,0.070200,9.502160,1.737120,1,1920,1080,"scripted-0",0.000000,0.000000,0.000400,0.000300,0.000200,0.034500,0.012600
343,5.752807,16.255500,0.386500,0.006200,15.794200,0.068100,9.394440,1.669480,1,1920,1080,"scripted-0",0.000000,0.000000,0.000300,0.000300,0.000200,0.019300,0.007500
344,5.769062,16.218000,0.322300,0.004900,15.821200,0.069100,9.634000,1.891440,1,1920,1080,"scripted-0",0.000000,0.000000,0.000200,0.000100,0.000200,0.020300,0.006400
345,5.785280,17.573000,0.670700,0.007600,16.814300,0.080000,9.344720,1.660640,1,1920,1080,"scripted-0",0.000000,0.000000,0.000100,0.000400,0.000100,0.027100,0.006900
346,5.802853,16.189100,0.386100,0.007800,15.727800,0.067000,9.503360,1.748880,1,1920,1080,"scripted-0",0.000000,0.000000,0.000300,0.000300,0.000100,0.019900,0.008500
347,5.819042,16.951500,0.531300,0.009100,16.345200,0.065600,9.400760,1.668840,1,1920,1080,"scripted-0",0.000000,0.000000,0.000200,0.000100,0.000100,0.019100,0.006700
348,5.835994,16.805800,0.665000,0.008900,16.059900,0.071500,9.513800,1.757000,1,1920,1080,"scripted-0",0.000000,0.000000,0.000300,0.000400,0.000200,0.019600,0.007200
349,5.852800,16.937400,0.616600,0.007600,16.225500,0.087200,9.403400,1.678880,1,1920,1080,"scripted-0",0.000000,0.000000,0.000200,0.000300,0.000200,0.019500,0.007000
350,5.869737,16.287900,0.553800,0.018600,15.639500,0.075400,9.502240,1.748360,1,1920,1080,"scripted-0",0.000000,0.000000,0.000400,0.000300,0.000200,0.036200,0.008300
351,5.886025,16.958900,0.632000,0.007100,16.250700,0.068700,9.329400,1.638640,1,1920,1080,"scripted-0",0.000000,0.000000,0.000300,0.000100,0.000100,0.021600,0.006400
352,5.902984,16.184500,0.530000,0.007400,15.579100,0.067600,9.489680,1.754240,1,1920,1080,"scripted-0",0.000000,0.000000,0.000300,0.000300,0.000100,0.019500,0.006100
353,5.919168,16.768300,0.644300,0.007500,16.044200,0.071800,9.373680,1.654160,1,1920,1080,"scripted-0",0.000000,0.000000,0.000200,0.000100,0.000200,0.019800,0.006800
354,5.935937,17.079500,0.625700,0.007000,16.373600,0.072800,9.636760,1.738040,1,1920,1080,"scripted-0",0.000000,0.000000,0.000300,0.000300,0.000100,0.019600,0.006900
355,5.953016,16.450300,0.730300,0.008700,15.272200,0.438700,9.379760,1.664040,1,1920,1080,"scripted-0",0.000000,0.000000,0.000300,0.000200,0.000400,0.019400,0.010300
356,5.969467,16.283100,0.685900,0.011000,15.473800,0.111500,9.480080,1.766000,1,1920,1080,"scripted-0",0.000000,0.000000,0.001100,0.000500,0.000600,0.043000,0.020000
357,5.985750,17.812800,0.674800,0.007000,16.979500,0.150600,9.320280,1.664920,1,1920,1080,"scripted-0",0.000000,0.000000,0.000700,0.000300,0.000300,0.041200,0.012500
358,6.003563,15.694000,0.782800,0.009400,14.729800,0.171300,9.493800,1.763720,1,1920,1080,"scripted-0",0.000000,0.000000,0.000500,0.000300,0.000300,0.042400,0.015300
359,6.019256,16.841600,0.721300,0.008000,15.955500,0.156200,9.350280,1.656840,1,1920,1080,"scripted-0",0.000000,0.000000,0.000400,0.000400,0.000500,0.036900,0.018100
360,6.036098,16.652500,0.703500,0.007800,15.779500,0.161000,9.488880,1.742240,1,1920,1080,"scripted-0",0.000000,0.000000,0.000300,0.000600,0.000400,0.033700,0.009200
361,6.052751,16.562100,0.772000,0.008900,15.696600,0.083600,9.367040,1.671080,1,1920,1080,"scripted-0",0.000000,0.000000,0.000600,0.000400,0.000300,0.045100,0.015200
362,6.069312,16.550900,0.659200,0.007100,15.723700,0.160400,9.433720,1.762760,1,1920,1080,"scripted-0",0.000000,0.000000,0.000200,0.000500,0.000100,0.024100,0.007600
363,6.085864,16.691900,0.595100,0.010300,16.018200,0.067100,9.412800,1.678200,1,1920,1080,"scripted-0",0.000000,0.000000,0.000500,0.000700,0.000300,0.040300,0.015900
364,6.102555,16.645700,0.682300,0.007600,15.827200,0.128200,9.492000,1.754440,1,1920,1080,"scripted-0",0.000000,0.000000,0.000300,0.000300,0.000300,0.027500,0.006400
365,6.119202,16.675400,0.697900,0.008100,15.807900,0.160200,9.369760,1.663800,1,1920,1080,"scripted-0",0.000000,0.000000,0.000400,0.000500,0.000600,0.037800,0.013100
366,6.135877,16.724100,0.654900,0.010600,15.994100,0.063600,9.502640,1.766000,1,1920,1080,"scripted-0",0.000000,0.000000,0.000500,0.000500,0.000400,0.039300,0.016000
367,6.152600,16.534600,0.525900,0.007700,15.873200,0.127400,9.409240,1.675320,1,1920,1080,"scripted-0",0.000000,0.000000,0.000300,0.000300,0.000200,0.020400,0.006100
368,6.169136,16.789500,0.723500,0.009000,15.932800,0.123100,9.447080,1.755840,1,1920,1080,"scripted-0",0.000000,0.000000,0.000500,0.000400,0.000500,0.036900,0.010200
369,6.185924,16.054700,0.336500,0.006300,15.646500,0.065000,9.545360,1.843640,1,1920,1080,"scripted-0",0.000000,0.000000,0.000400,0.000300,0.000200,0.026800,0.011500
370,6.201979,17.059700,0.391600,0.006600,16.585900,0.075200,9.467080,1.750520,1,1920,1080,"scripted-0",0.000000,0.000000,0.000300,0.000200,0.000200,0.022000,0.006100
371,6.219039,17.175000,0.321300,0.006000,16.785100,0.062000,9.371520,1.672520,1,1920,1080,"scripted-0",0.000000,0.000000,0.000400,0.000200,0.000100,0.021100,0.007300
372,6.236214,16.332900,0.653400,0.006600,15.520600,0.151800,9.459160,1.753320,1,1920,1080,"scripted-0",0.000000,0.000000,0.000300,0.000400,0.000100,0.020600,0.006700
373,6.252547,17.108600,0.690100,0.007500,16.322600,0.088000,9.371760,1.657640,1,1920,1080,"scripted-0",0.000000,0.000000,0.000200,0.000400,0.000400,0.036000,0.008000
374,6.269655,16.567300,0.671600,0.007500,15.722900,0.164900,9.503320,1.757680,1,1920,1080,"scripted-0",0.000000,0.000000,0.000300,0.000200,0.000200,0.018900,0.007500
375,6.286224,16.274000,0.667000,0.009200,15.479700,0.116700,9.352560,1.664200,1,1920,1080,"scripted-0",0.000000,0.000000,0.000300,0.001300,0.000200,0.046700,0.016100
376,6.302497,16.590200,0.367900,0.008800,16.146400,0.066500,9.458000,1.738920,1,1920,1080,"scripted-0",0.000000,0.000000,0.000500,0.000700,0.000300,0.034000,0.014000
377,6.319087,16.152500,0.314800,0.004900,15.766400,0.065900,9.547760,1.838040,1,1920,1080,"scripted-0",0.000000,0.000000,0.000200,0.000200,0.000200,0.019500,0.005600
378,6.335239,17.643200,0.618100,0.007700,16.947400,0.069600,9.447960,1.750400,1,1920,1080,"scripted-0",0.000000,0.000000,0.000200,0.000400,0.000200,0.020300,0.006800
379,6.352883,16.579700,0.314700,0.004800,16.196000,0.063800,9.441480,1.662040,1,1920,1080,"scripted-0",0.000000,0.000000,0.000400,0.000400,0.000100,0.019500,0.006600
380,6.369463,16.299300,0.679500,0.007100,15.458200,0.153500,9.478440,1.752880,1,1920,1080,"scripted-0",0.000000,0.000000,0.000200,0.000400,0.000100,0.019400,0.005900
381,6.385762,17.071900,0.818000,0.007200,16.137200,0.108900,9.366960,1.666080,1,1920,1080,"scripted-0",0.000000,0.000000,0.000200,0.000300,0.000200,0.032400,0.009100
382,6.402833,16.890900,0.824900,0.007800,15.834700,0.223100,9.429440,1.727760,1,1920,1080,"scripted-0",0.000000,0.000000,0.001100,0.001200,0.000500,0.024100,0.012500
383,6.419725,16.256600,0.571000,0.011300,15.610400,0.063400,9.379680,1.652400,1,1920,1080,"scripted-0",0.000000,0.000000,0.000800,0.001100,0.000800,0.035900,0.015900
384,6.435981,16.331600,0.325400,0.006100,15.728100,0.271500,9.489720,1.757840,1,1920,1080,"scripted-0",0.000000,0.000000,0.000200,0.000400,0.000100,0.020900,0.006300
385,6.452313,18.118700,0.610700,0.010100,17.369500,0.127600,9.342520,1.659720,1,1920,1080,"scripted-0",0.000000,0.000000,0.000400,0.000500,0.000300,0.038500,0.015200
386,6.470432,15.033500,0.565600,0.007400,14.336700,0.123100,9.447200,1.751720,1,1920,1080,"scripted-0",0.000000,0.000000,0.000300,0.000500,0.000200,0.031200,0.015000
387,6.485465,17.373700,0.690200,0.008600,16.517900,0.156500,9.364680,1.667240,1,1920,1080,"scripted-0",0.000000,0.000000,0.000300,0.000500,0.000200,0.028700,0.010600
388,6.502839,16.337900,0.799200,0.009900,15.439800,0.087900,9.506760,1.758360,1,1920,1080,"scripted-0",0.000000,0.000000,0.000600,0.000600,0.000200,0.044600,0.015000
389,6.519176,16.759100,0.540800,0.007200,16.087300,0.123400,9.431920,1.720400,1,1920,1080,"scripted-0",0.000000,0.000000,0.000300,0.000100,0.000100,0.023700,0.011200
390,6.535936,17.175900,0.688600,0.009000,16.403900,0.073700,9.490640,1.746040,1,1920,1080,"scripted-0",0.000000,0.000000,0.000200,0.000300,0.000200,0.024700,0.010700
391,6.553111,16.188000,0.571000,0.008100,15.537800,0.070700,9.391640,1.664840,1,1920,1080,"scripted-0",0.000000,0.000000,0.000200,0.000200,0.000100,0.019900,0.006500
392,6.569299,16.616100,0.709200,0.007800,15.748500,0.150100,9.469920,1.762320,1,1920,1080,"scripted-0",0.000000,0.000000,0.000200,0.000200,0.000300,0.020200,0.006500
393,6.585916,16.528100,0.648300,0.009600,15.787100,0.082100,9.343440,1.663480,1,1920,1080,"scripted-0",0.000000,0.000000,0.000600,0.000800,0.000200,0.042400,0.014700
394,6.602444,17.043600,0.545400,0.007200,16.423400,0.067200,9.493520,1.755240,1,1920,1080,"scripted-0",0.000000,0.000000,0.000200,0.000300,0.000100,0.020600,0.009100
395,6.619487,15.901900,0.428700,0.006200,15.394600,0.072000,9.352160,1.665080,1,1920,1080,"scripted-0",0.000000,0.000000,0.000200,0.000400,0.000100,0.019500,0.006200
396,6.635389,17.135100,0.601700,0.007500,16.444100,0.081000,9.627560,1.744720,1,1920,1080,"scripted-0",0.000000,0.000000,0.000200,0.000400,0.000100,0.019200,0.006000
397,6.652524,16.628100,0.661500,0.006400,15.786700,0.173100,9.335400,1.652320,1,1920,1080,"scripted-0",0.000000,0.000000,0.000600,0.000900,0.000100,0.020800,0.006000
398,6.669153,17.216900,0.390200,0.007500,16.495700,0.322600,9.512160,1.759800,1,1920,1080,"scripted-0",0.000000,0.000000,0.000800,0.000600,0.000400,0.041600,0.017700
399,6.686370,15.879900,0.620600,0.010900,15.040600,0.206600,9.401520,1.717960,1,1920,1080,"scripted-0",0.000000,0.000000,0.000600,0.001100,0.000100,0.035300,0.013400
400,6.702249,17.254500,0.689400,0.009200,16.405500,0.149800,9.482120,1.742040,1,1920,1080,"scripted-0",0.000000,0.000000,0.000300,0.000500,0.000200,0.024500,0.011700
401,6.719504,16.475400,0.578200,0.007500,15.771300,0.118000,9.372600,1.655280,1,1920,1080,"scripted-0",0.000000,0.000000,0.000500,0.000100,0.000200,0.021200,0.008000
402,6.735979,16.597700,0.705200,0.009400,15.814700,0.067800,9.513880,1.748720,1,1920,1080,"scripted-0",0.000000,0.000000,0.000700,0.000200,0.000400,0.040200,0.013100
403,6.752577,16.597700,0.656900,0.006600,15.766300,0.167500,9.367000,1.662240,1,1920,1080,"scripted-0",0.000000,0.000000,0.000300,0.000500,0.000400,0.021400,0.006500
404,6.769175,17.053100,0.777600,0.009400,16.113500,0.151900,9.462880,1.749640,1,1920,1080,"scripted-0",0.000000,0.000000,0.000600,0.000300,0.000300,0.042200,0.015600
405,6.786228,16.186300,0.589200,0.008300,15.467000,0.121100,9.424480,1.709690,1,1920,1080,"scripted-0",0.000000,0.000000,0.000900,0.000600,0.000400,0.046400,0.015300
406,6.802414,16.975400,0.840000,0.008800,15.941100,0.184900,9.453840,1.744120,1,1920,1080,"scripted-0",0.000000,0.000000,0.000200,0.000500,0.000200,0.026900,0.010000
407,6.819390,16.565000,0.596700,0.010200,15.887200,0.070000,9.382960,1.647840,1,1920,1080,"scripted-0",0.000000,0.000000,0.000500,0.000300,0.000300,0.042600,0.016500
408,6.835954,16.781700,0.584100,0.006500,16.109300,0.081300,9.521400,1.755520,1,1920,1080,"scripted-0",0.000000,0.000000,0.000100,0.000500,0.000200,0.019900,0.006100
409,6.852736,16.340000,0.599900,0.007600,15.662500,0.069600,9.400560,1.645440,1,1920,1080,"scripted-0",0.000000,0.000000,0.000200,0.000100,0.000100,0.019500,0.006800
410,6.869076,16.878700,0.562800,0.008500,16.244500,0.062600,9.539880,1.771880,1,1920,1080,"scripted-0",0.000000,0.000000,0.000300,0.000300,0.000100,0.019800,0.009000
411,6.885955,16.840600,0.565100,0.007100,15.646700,0.621300,9.449840,1.685200,1,1920,1080,"scripted-0",0.000000,0.000000,0.000300,0.000500,0.000100,0.023800,0.008400
412,6.902796,16.346400,0.369700,0.011100,15.887300,0.077500,9.498960,1.775040,1,1920,1080,"scripted-0",0.000000,0.000000,0.000600,0.000800,0.000100,0.039100,0.021000
413,6.919142,16.532200,0.570200,0.007300,15.786700,0.167500,9.464960,1.699280,1,1920,1080,"scripted-0",0.000000,0.000000,0.000100,0.000300,0.000100,0.020600,0.007000
414,6.935674,16.506200,0.588300,0.008300,15.766900,0.142100,9.518760,1.764040,1,1920,1080,"scripted-0",0.000000,0.000000,0.000300,0.000700,0.000200,0.039200,0.016100
415,6.952180,16.600400,0.360600,0.006400,15.933700,0.299200,9.548800,1.795040,1,1920,1080,"scripted-0",0.000000,0.000000,0.000500,0.000800,0.000300,0.038100,0.016200
416,6.968781,17.409500,0.424700,0.009700,16.860100,0.114200,9.495280,1.776400,1,1920,1080,"scripted-0",0.000000,0.000000,0.000200,0.000500,0.000100,0.025300,0.010900
417,6.986190,15.929300,0.508600,0.007400,15.326000,0.086700,9.383440,1.668440,1,1920,1080,"scripted-0",0.000000,0.000000,0.000200,0.000600,0.000300,0.036400,0.010100
418,7.002119,16.902900,0.670100,0.008200,16.083000,0.141200,9.464120,1.756080,1,1920,1080,"scripted-0",0.000000,0.000000,0.000600,0.000600,0.000600,0.028500,0.010900
419,7.019022,16.569800,0.670200,0.007500,15.721000,0.170700,9.458680,1.698640,1,1920,1080,"scripted-0",0.000000,0.000000,0.000300,0.000300,0.000200,0.024000,0.008700
420,7.035592,16.553200,0.579500,0.008300,15.887900,0.076600,9.493600,1.771400,1,1920,1080,"scripted-0",0.000000,0.000000,0.000500,0.001100,0.000200,0.042700,0.017300
421,7.052145,16.766000,0.555700,0.006900,16.067400,0.135600,9.402160,1.674200,1,1920,1080,"scripted-0",0.000000,0.000000,0.000200,0.000200,0.000100,0.023000,0.007300
422,7.068911,16.868700,0.599300,0.010900,16.118400,0.139400,9.527120,1.765760,1,1920,1080,"scripted-0",0.000000,0.000000,0.000400,0.000300,0.000800,0.025800,0.016600
423,7.085780,16.443000,0.505300,0.009300,15.861500,0.066300,9.402680,1.678320,1,1920,1080,"scripted-0",0.000000,0.000000,0.000600,0.000600,0.000500,0.037300,0.013600
424,7.102223,16.932900,0.739700,0.007500,15.998100,0.187300,9.511840,1.753280,1,1920,1080,"scripted-0",0.000000,0.000000,0.000200,0.000300,0.000200,0.020200,0.005800
425,7.119156,16.577600,0.730100,0.006800,15.665200,0.174500,9.395800,1.646680,1,1920,1080,"scripted-0",0.000000,0.000000,0.000600,0.000800,0.000200,0.041900,0.013900
426,7.135734,16.524500,0.748000,0.010900,15.596100,0.168000,9.482800,1.762920,1,1920,1080,"scripted-0",0.000000,0.000000,0.000600,0.000500,0.000400,0.041200,0.016400
427,7.152258,16.862100,0.775400,0.007700,15.925700,0.152500,9.375960,1.679360,1,1920,1080,"scripted-0",0.000000,0.000000,0.000300,0.000400,0.000500,0.040000,0.009200
428,7.169120,16.454800,0.651900,0.011200,15.713200,0.077800,9.538400,1.741160,1,1920,1080,"scripted-0",0.000000,0.000000,0.000500,0.001000,0.000300,0.039000,0.016000
429,7.185575,16.891900,0.663600,0.016300,16.128700,0.082900,9.352720,1.669440,1,1920,1080,"scripted-0",0.000000,0.000000,0.000700,0.000200,0.000200,0.018900,0.006200
430,7.202467,16.906100,0.574800,0.006100,16.170600,0.154200,9.545080,1.779640,1,1920,1080,"scripted-0",0.000000,0.000000,0.000200,0.000200,0.000200,0.018800,0.010800
431,7.219373,16.505600,0.375600,0.007100,16.059800,0.062500,9.368240,1.644480,1,1920,1080,"scripted-0",0.000000,0.000000,0.000200,0.000400,0.000100,0.026500,0.007500
432,7.235879,16.683500,0.654100,0.007600,15.921400,0.099800,9.469480,1.746200,1,1920,1080,"scripted-0",0.000000,0.000000,0.000300,0.000300,0.000100,0.019100,0.006200
433,7.252562,16.282300,0.468900,0.005200,15.559400,0.248100,9.419040,1.653760,1,1920,1080,"scripted-0",0.000000,0.000000,0.000300,0.000300,0.000200,0.019600,0.006600
434,7.268844,16.958200,0.665100,0.013100,16.201900,0.077500,9.480720,1.744880,1,1920,1080,"scripted-0",0.000000,0.000000,0.000700,0.000200,0.000200,0.041900,0.023900
435,7.285802,16.574100,0.336200,0.006300,16.157500,0.073700,9.382960,1.692120,1,1920,1080,"scripted-0",0.000000,0.000000,0.000200,0.000300,0.000200,0.022300,0.006100
436,7.302377,16.644000,0.318600,0.007700,16.249700,0.067500,9.511600,1.756400,1,1920,1080,"scripted-0",0.000000,0.000000,0.000100,0.000500,0.000100,0.019300,0.006000
437,7.319020,16.106800,0.313800,0.004200,15.722900,0.065400,9.599760,1.893840,1,1920,1080,"scripted-0",0.000000,0.000000,0.000200,0.000500,0.000100,0.019800,0.005800
438,7.335127,17.707300,0.607500,0.009200,17.017400,0.072800,9.456240,1.749160,1,1920,1080,"scripted-0",0.000000,0.000000,0.000200,0.000300,0.000100,0.020100,0.006900
439,7.352835,15.931600,0.512800,0.006000,15.342200,0.070200,9.410080,1.663480,1,1920,1080,"scripted-0",0.000000,0.000000,0.000300,0.000100,0.000200,0.020300,0.006400
440,7.368766,17.046200,0.684600,0.007400,16.238700,0.115100,9.452920,1.744200,1,1920,1080,"scripted-0",0.000000,0.000000,0.000100,0.000300,0.000200,0.019500,0.006200
441,7.385812,17.068800,0.680700,0.007700,16.310300,0.069700,9.569560,1.675800,1,1920,1080,"scripted-0",0.000000,0.000000,0.000800,0.000900,0.000300,0.036200,0.009400
442,7.402881,16.103900,0.637100,0.006500,15.380000,0.079800,9.452480,1.727040,1,1920,1080,"scripted-0",0.000000,0.000000,0.000200,0.000600,0.000100,0.020400,0.007100
443,7.418985,17.099600,0.541500,0.008000,16.465800,0.084000,9.358320,1.672680,1,1920,1080,"scripted-0",0.000000,0.000000,0.000300,0.000200,0.000100,0.019800,0.010200
444,7.436085,16.304400,0.330600,0.006800,15.903300,0.063200,9.844400,2.006120,1,1920,1080,"scripted-0",0.000000,0.000000,0.000200,0.000400,0.000100,0.020800,0.009000
445,7.452389,16.952000,0.354100,0.006900,16.054400,0.536100,9.528560,1.684560,1,1920,1080,"scripted-0",0.000000,0.000000,0.000200,0.000400,0.000100,0.018800,0.005700
446,7.469342,15.722900,0.547300,0.006500,15.105000,0.062700,9.440080,1.739240,1,1920,1080,"scripted-0",0.000000,0.000000,0.000700,0.000500,0.000400,0.052700,0.015800
447,7.485064,18.114300,0.391100,0.007000,17.647600,0.068100,9.346680,1.657280,1,1920,1080,"scripted-0",0.000000,0.000000,0.000200,0.000400,0.000100,0.019800,0.005700
448,7.503178,15.895900,0.659500,0.006600,15.139400,0.089900,9.465200,1.746880,1,1920,1080,"scripted-0",0.000000,0.000000,0.000300,0.000700,0.000200,0.019900,0.009000
449,7.519074,17.072100,0.652100,0.009900,16.337600,0.072100,9.361400,1.647160,1,1920,1080,"scripted-0",0.000000,0.000000,0.000300,0.000100,0.000200,0.020300,0.007100
450,7.536146,16.268800,0.328600,0.007600,15.866800,0.065300,9.469880,1.751920,1,1920,1080,"scripted-0",0.000000,0.000000,0.000100,0.000600,0.000100,0.019700,0.006800
451,7.552415,16.589300,0.633300,0.007400,15.808300,0.139800,9.367560,1.668400,1,1920,1080,"scripted-0",0.000000,0.000000,0.000300,0.000400,0.000200,0.020400,0.006400
452,7.569005,17.121500,0.655200,0.007300,16.335000,0.123400,9.430800,1.752880,1,1920,1080,"scripted-0",0.000000,0.000000,0.000800,0.001800,0.000100,0.028000,0.016400
453,7.586126,16.237500,0.518900,0.008700,15.647700,0.061700,9.421480,1.665800,1,1920,1080,"scripted-0",0.000000,0.000000,0.000300,0.000400,0.000300,0.021700,0.008800
454,7.602363,16.513900,0.546500,0.005200,15.858300,0.103500,9.478680,1.747560,1,1920,1080,"scripted-0",0.000000,0.000000,0.000200,0.000300,0.000100,0.020700,0.005500
455,7.618877,17.149400,0.550900,0.007000,16.471200,0.120000,9.423760,1.727000,1,1920,1080,"scripted-0",0.000000,0.000000,0.000100,0.000300,0.000400,0.027800,0.010500
456,7.636027,16.363400,0.703800,0.008300,15.570600,0.080200,9.526000,1.750280,1,1920,1080,"scripted-0",0.000000,0.000000,0.000200,0.000500,0.000300,0.025000,0.013800
457,7.652390,16.670700,0.686900,0.007100,15.810000,0.166100,9.354280,1.662360,1,1920,1080,"scripted-0",0.000000,0.000000,0.000300,0.000300,0.000200,0.041000,0.006900
458,7.669061,17.494600,0.738400,0.010300,16.140900,0.604300,9.428720,1.729800,1,1920,1080,"scripted-0",0.000000,0.000000,0.000500,0.000700,0.000300,0.040000,0.016500
459,7.686556,15.322700,0.529000,0.007200,14.723500,0.062100,9.596600,1.864640,1,1920,1080,"scripted-0",0.000000,0.000000,0.000900,0.001300,0.000400,0.045200,0.019100
460,7.701878,16.433500,0.285500,0.003000,16.086400,0.058100,9.474200,1.750240,1,1920,1080,"scripted-0",0.000000,0.000000,0.000200,0.000300,0.000100,0.019200,0.006100
461,7.718311,18.532600,0.613600,0.007100,17.752100,0.159500,9.330320,1.664720,1,1920,1080,"scripted-0",0.000000,0.000000,0.000300,0.000300,0.000100,0.016600,0.005800
462,7.736845,14.895600,0.433500,0.007000,14.307500,0.146500,9.495000,1.752720,1,1920,1080,"scripted-0",0.000000,0.000000,0.000700,0.000700,0.000300,0.046600,0.017400
463,7.751740,17.522200,0.605300,0.009900,16.779100,0.127300,9.351080,1.658400,1,1920,1080,"scripted-0",0.000000,0.000000,0.000300,0.000800,0.000200,0.043300,0.014700
464,7.769262,16.433800,0.586500,0.009300,15.760900,0.076500,9.453320,1.728560,1,1920,1080,"scripted-0",0.000000,0.000000,0.000400,0.000800,0.000400,0.038900,0.012300
465,7.785696,16.643700,0.563500,0.007300,15.946700,0.125800,9.365000,1.651600,1,1920,1080,"scripted-0",0.000000,0.000000,0.000100,0.000300,0.000100,0.019400,0.006500
466,7.802340,17.039800,0.719700,0.008500,16.153900,0.157100,9.541200,1.746600,1,1920,1080,"scripted-0",0.000000,0.000000,0.000500,0.000700,0.000200,0.038900,0.014000
467,7.819380,16.456200,0.615400,0.011100,15.752700,0.076000,9.366440,1.660880,1,1920,1080,"scripted-0",0.000000,0.000000,0.000600,0.000400,0.000200,0.045200,0.015700
468,7.835836,16.926600,0.661400,0.009200,16.176100,0.079300,9.480840,1.759040,1,1920,1080,"scripted-0",0.000000,0.000000,0.000100,0.000300,0.000200,0.018700,0.006300
469,7.852762,16.551400,0.623100,0.007200,15.788600,0.132100,9.363080,1.659280,1,1920,1080,"scripted-0",0.000000,0.000000,0.000100,0.000400,0.000200,0.020300,0.006200
470,7.869314,16.789500,0.478700,0.011600,16.231400,0.066700,9.510800,1.766000,1,1920,1080,"scripted-0",0.000000,0.000000,0.000500,0.000500,0.000300,0.037900,0.012500
471,7.886103,16.065200,0.544100,0.006100,15.374900,0.139600,9.337120,1.650760,1,1920,1080,"scripted-0",0.000000,0.000000,0.000200,0.000200,0.000100,0.019200,0.006300
472,7.902168,17.211200,0.590000,0.009200,16.490300,0.121200,9.622200,1.750120,1,1920,1080,"scripted-0",0.000000,0.000000,0.000700,0.000500,0.000200,0.032900,0.013400
473,7.919380,16.242000,0.635200,0.009100,15.478100,0.118400,9.369920,1.660520,1,1920,1080,"scripted-0",0.000000,0.000000,0.000400,0.000900,0.000400,0.040800,0.012300
474,7.935622,16.934900,0.781200,0.008800,15.973000,0.171200,10.079720,2.365240,1,1920,1080,"scripted-0",0.000000,0.000000,0.000600,0.000300,0.000200,0.034300,0.013900
475,7.952557,16.526700,0.538500,0.009500,15.903700,0.074200,9.385560,1.673200,1,1920,1080,"scripted-0",0.000000,0.000000,0.000700,0.000600,0.000500,0.046100,0.018300
476,7.969083,16.264800,0.336300,0.007000,15.844900,0.075700,9.479720,1.754600,1,1920,1080,"scripted-0",0.000000,0.000000,0.000300,0.000300,0.000200,0.019200,0.006400
477,7.985348,17.372900,0.672300,0.008200,16.535600,0.156400,9.363120,1.667040,1,1920,1080,"scripted-0",0.000000,0.000000,0.000200,0.000300,0.000200,0.025500,0.007400
478,8.002721,16.772300,0.680500,0.008700,15.949100,0.133100,9.471520,1.743120,1,1920,1080,"scripted-0",0.000000,0.000000,0.000800,0.000700,0.000400,0.044100,0.017200
479,8.019493,16.463300,0.868400,0.008600,15.404400,0.181300,9.403240,1.660440,1,1920,1080,"scripted-0",0.000000,0.000000,0.000300,0.000900,0.000200,0.039000,0.014800
480,8.035957,17.148100,0.707200,0.008400,16.302300,0.129300,9.463320,1.740000,1,1920,1080,"scripted-0",0.000000,0.000000,0.000500,0.000700,0.000400,0.037000,0.010800
481,8.053104,15.981700,0.612400,0.007700,15.289100,0.072100,9.331440,1.642760,1,1920,1080,"scripted-0",0.000000,0.000000,0.000300,0.000200,0.000200,0.019500,0.006600
482,8.069086,16.682000,0.657400,0.007700,15.853500,0.162900,9.460960,1.748480,1,1920,1080,"scripted-0",0.000000,0.000000,0.000200,0.000500,0.000100,0.019200,0.007200
483,8.085769,17.116800,0.651100,0.012800,16.329900,0.121900,9.381600,1.662720,1,1920,1080,"scripted-0",0.000000,0.000000,0.000400,0.000700,0.000200,0.042700,0.016500
484,8.102885,16.299800,0.712700,0.008400,15.485100,0.092600,9.466040,1.754760,1,1920,1080,"scripted-0",0.000000,0.000000,0.000700,0.000800,0.000300,0.037500,0.012200
485,8.119185,16.256100,0.537700,0.006800,15.642200,0.068800,9.351400,1.667800,1,1920,1080,"scripted-0",0.000000,0.000000,0.000300,0.000600,0.000300,0.023500,0.010400
486,8.135441,16.942300,0.709500,0.009000,16.139100,0.084200,9.477920,1.756240,1,1920,1080,"scripted-0",0.000000,0.000000,0.000100,0.000600,0.000100,0.020000,0.007400
487,8.152384,16.764800,0.725500,0.007600,15.775700,0.254900,9.384040,1.647240,1,1920,1080,"scripted-0",0.000000,0.000000,0.000600,0.000200,0.000200,0.044700,0.009700
488,8.169148,16.452000,0.648400,0.009600,15.720700,0.072600,9.497320,1.734120,1,1920,1080,"scripted-0",0.000000,0.000000,0.001000,0.000800,0.000300,0.041500,0.018600
489,8.185600,16.811600,0.752500,0.007200,15.976200,0.075300,9.415080,1.664080,1,1920,1080,"scripted-0",0.000000,0.000000,0.000300,0.000300,0.000100,0.019200,0.009500
490,8.202411,16.778600,0.559400,0.006600,15.727200,0.485000,9.438120,1.753520,1,1920,1080,"scripted-0",0.000000,0.000000,0.000200,0.000400,0.000100,0.020600,0.010300
491,8.219191,16.634900,0.435700,0.012400,16.117500,0.068200,9.369560,1.670360,1,1920,1080,"scripted-0",0.000000,0.000000,0.000700,0.000400,0.000400,0.048000,0.013900
492,8.235825,15.905900,0.331200,0.004900,15.472900,0.096500,9.498920,1.756920,1,1920,1080,"scripted-0",0.000000,0.000000,0.000200,0.000400,0.000100,0.019200,0.006600
493,8.251731,16.683500,0.332300,0.005200,16.253200,0.092300,9.411440,1.682200,1,1920,1080,"scripted-0",0.000000,0.000000,0.000100,0.000400,0.000200,0.026800,0.010000
494,8.268414,17.436800,0.471900,0.009000,16.892800,0.062700,9.459640,1.757720,1,1920,1080,"scripted-0",0.000000,0.000000,0.000200,0.000300,0.000200,0.022000,0.007900
495,8.285851,16.010300,0.385100,0.007500,15.544200,0.073000,9.372680,1.638440,1,1920,1080,"scripted-0",0.000000,0.000000,0.000200,0.000400,0.000100,0.019800,0.006600
496,8.301861,16.965900,0.516200,0.007000,16.376700,0.065600,9.461240,1.749000,1,1920,1080,"scripted-0",0.000000,0.000000,0.000100,0.000800,0.000200,0.020000,0.007000
497,8.318827,16.544900,0.531500,0.006000,15.889200,0.117800,9.413600,1.708280,1,1920,1080,"scripted-0",0.000000,0.000000,0.000300,0.000300,0.000200,0.021800,0.010500
498,8.335373,17.119400,0.546600,0.007600,16.445100,0.119400,9.478560,1.739040,1,1920,1080,"scripted-0",0.000000,0.000000,0.000200,0.000900,0.000200,0.024900,0.010100
499,8.352492,16.771700,0.332100,0.018400,16.356400,0.064200,9.386680,1.663920,1,1920,1080,"scripted-0",0.000000,0.000000,0.000300,0.000200,0.000100,0.026200,0.011000
500,8.369263,16.858200,0.405800,0.009500,16.378500,0.064000,9.471040,1.757680,1,1920,1080,"scripted-0",0.000000,0.000000,0.000200,0.000200,0.000100,0.019700,0.006000
501,8.386121,16.476300,0.691400,0.012100,15.615800,0.156600,9.403520,1.676320,1,1920,1080,"scripted-0",0.000000,0.000000,0.000400,0.000500,0.000300,0.019100,0.006000
502,8.402598,16.405200,0.620500,0.008300,15.711200,0.064500,9.506560,1.740520,1,1920,1080,"scripted-0",0.000000,0.000000,0.000400,0.000200,0.000200,0.040000,0.014800
503,8.419003,16.754600,0.721500,0.008000,15.871400,0.153300,9.384080,1.666720,1,1920,1080,"scripted-0",0.000000,0.000000,0.000300,0.000100,0.000200,0.020400,0.010100
504,8.435758,17.273100,0.744700,0.007700,15.772800,0.747400,9.422960,1.708840,1,1920,1080,"scripted-0",0.000000,0.000000,0.000500,0.000600,0.000200,0.029200,0.008400
505,8.453031,15.792600,0.664200,0.009000,15.049100,0.069800,9.335560,1.655160,1,1920,1080,"scripted-0",0.000000,0.000000,0.000500,0.000800,0.000300,0.035900,0.018700
506,8.468823,16.270100,0.329400,0.005300,15.851800,0.083100,9.483320,1.760240,1,1920,1080,"scripted-0",0.000000,0.000000,0.000200,0.000100,0.000200,0.020100,0.006300
507,8.485093,17.130200,0.520900,0.008100,16.532900,0.067800,9.373520,1.658840,1,1920,1080,"scripted-0",0.000000,0.000000,0.000200,0.000200,0.000300,0.021000,0.007300
508,8.502224,17.133900,0.436800,0.011500,16.620800,0.064400,9.468840,1.760960,1,1920,1080,"scripted-0",0.000000,0.000000,0.000200,0.000400,0.000200,0.019500,0.006400
509,8.519357,16.251400,0.563300,0.008000,15.561200,0.118500,9.417480,1.668800,1,1920,1080,"scripted-0",0.000000,0.000000,0.000300,0.000200,0.000600,0.018800,0.006200
510,8.535609,16.733900,0.596800,0.010800,16.059500,0.066200,9.430400,1.751520,1,1920,1080,"scripted-0",0.000000,0.000000,0.000300,0.000600,0.000200,0.036400,0.011400
511,8.552343,17.072100,0.488000,0.010100,16.505700,0.067900,9.362120,1.654760,1,1920,1080,"scripted-0",0.000000,0.000000,0.000300,0.000300,0.000200,0.023000,0.007200
512,8.569415,16.201600,0.655400,0.006800,15.380800,0.158200,9.492680,1.750360,1,1920,1080,"scripted-0",0.000000,0.000000,0.000200,0.000400,0.000100,0.019200,0.006400
513,8.585617,16.716500,0.655100,0.009400,15.968200,0.083200,9.352560,1.665800,1,1920,1080,"scripted-0",0.000000,0.000000,0.000700,0.000500,0.000300,0.048300,0.017600
514,8.602333,17.100000,0.478000,0.009300,16.535000,0.077300,9.451600,1.755040,1,1920,1080,"scripted-0",0.000000,0.000000,0.000200,0.000200,0.000200,0.019300,0.007900
515,8.619433,15.894200,0.533000,0.007300,15.284100,0.069300,9.381160,1.653640,1,1920,1080,"scripted-0",0.000000,0.000000,0.000200,0.000500,0.000100,0.020400,0.006900
516,8.635327,17.029900,0.727500,0.007800,16.205200,0.088900,9.520800,1.756360,1,1920,1080,"scripted-0",0.000000,0.000000,0.000200,0.000300,0.000100,0.019200,0.006200
517,8.652358,17.440500,0.806400,0.007900,16.146300,0.479000,9.411960,1.683240,1,1920,1080,"scripted-0",0.000000,0.000000,0.000600,0.000500,0.000300,0.052100,0.010000
518,8.669798,15.986600,0.501000,0.012400,15.406900,0.065800,9.484000,1.755320,1,1920,1080,"scripted-0",0.000000,0.000000,0.000400,0.000900,0.000100,0.035500,0.017600
519,8.685784,16.745400,0.552300,0.009400,16.110000,0.073300,9.348840,1.650560,1,1920,1080,"scripted-0",0.000000,0.000000,0.000400,0.000300,0.000200,0.019100,0.007000
520,8.702530,15.892300,0.334700,0.009100,15.478300,0.069700,9.473640,1.742000,1,1920,1080,"scripted-0",0.000000,0.000000,0.000200,0.000500,0.000200,0.019100,0.006100
521,8.718422,17.568100,0.703700,0.007400,16.712500,0.144000,9.357640,1.637760,1,1920,1080,"scripted-0",0.000000,0.000000,0.000300,0.000400,0.000100,0.030800,0.007200
522,8.735990,16.394700,0.715900,0.010200,15.592700,0.075200,9.459640,1.750880,1,1920,1080,"scripted-0",0.000000,0.000000,0.000600,0.000400,0.000400,0.040600,0.015500
523,8.752385,16.151900,0.534700,0.007700,15.535900,0.073100,9.411400,1.654600,1,1920,1080,"scripted-0",0.000000,0.000000,0.000300,0.000200,0.000100,0.019200,0.006300
524,8.768537,16.938400,0.715400,0.006000,16.029800,0.186800,9.511640,1.817680,1,1920,1080,"scripted-0",0.000000,0.000000,0.000300,0.000100,0.000200,0.018700,0.006900
525,8.785475,16.985300,0.657800,0.008700,16.118300,0.199700,9.387120,1.680800,1,1920,1080,"scripted-0",0.000000,0.000000,0.000600,0.000300,0.000300,0.049000,0.023000
526,8.802461,16.681300,0.598100,0.007800,15.958000,0.116700,9.511880,1.749080,1,1920,1080,"scripted-0",0.000000,0.000000,0.000400,0.000900,0.000200,0.034800,0.011500
527,8.819142,16.825800,0.474800,0.011300,16.273700,0.065400,9.401600,1.662600,1,1920,1080,"scripted-0",0.000000,0.000000,0.000500,0.000500,0.000400,0.040700,0.012100
528,8.835967,16.699200,0.666200,0.008000,15.930200,0.094400,9.476320,1.748720,1,1920,1080,"scripted-0",0.000000,0.000000,0.000200,0.000400,0.000200,0.020000,0.006200
529,8.852667,16.975000,0.667100,0.007600,16.228100,0.071700,9.324800,1.638440,1,1920,1080,"scripted-0",0.000000,0.000000,0.000200,0.000300,0.000300,0.018900,0.006100
530,8.869642,16.080500,0.671200,0.006600,15.327200,0.075100,9.472720,1.756040,1,1920,1080,"scripted-0",0.000000,0.000000,0.000300,0.000400,0.000100,0.019700,0.007000
531,8.885722,16.745900,0.541600,0.006600,16.070900,0.126300,9.355240,1.653960,1,1920,1080,"scripted-0",0.000000,0.000000,0.000300,0.000100,0.000200,0.020200,0.008800
532,8.902468,16.756700,0.410300,0.008200,16.273500,0.064200,9.530840,1.764360,1,1920,1080,"scripted-0",0.000000,0.000000,0.000400,0.000200,0.000100,0.037600,0.012700
533,8.919225,16.568500,0.667000,0.007700,15.783900,0.109400,9.376960,1.675280,1,1920,1080,"scripted-0",0.000000,0.000000,0.000200,0.000300,0.000100,0.019400,0.006300
534,8.935793,16.690500,0.541800,0.007900,15.997100,0.143300,9.417080,1.727720,1,1920,1080,"scripted-0",0.000000,0.000000,0.000200,0.000400,0.000200,0.021400,0.006800
535,8.952485,16.393000,0.568700,0.008300,15.735100,0.079500,9.389160,1.651800,1,1920,1080,"scripted-0",0.000000,0.000000,0.000600,0.000300,0.000100,0.036700,0.015000
536,8.968877,16.087700,0.327200,0.005200,15.686700,0.068200,9.415880,1.720360,1,1920,1080,"scripted-0",0.000000,0.000000,0.000200,0.000500,0.000200,0.021200,0.011300
537,8.984965,17.656200,0.313000,0.004700,17.273000,0.065000,9.380080,1.643640,1,1920,1080,"scripted-0",0.000000,0.000000,0.000300,0.000200,0.000100,0.020100,0.006600
538,9.002621,16.373300,0.677000,0.007900,15.579100,0.108900,9.460160,1.757200,1,1920,1080,"scripted-0",0.000000,0.000000,0.000200,0.000500,0.000100,0.020500,0.008700
539,9.018994,16.962800,0.688400,0.007700,16.186300,0.079900,9.358720,1.669840,1,1920,1080,"scripted-0",0.000000,0.000000,0.000700,0.000300,0.000200,0.038200,0.008700
540,9.035957,16.645000,0.315700,0.007200,16.258000,0.063700,9.652830,1.893350,1,1920,1080,"scripted-0",0.000000,0.000000,0.000200,0.000200,0.000200,0.018500,0.006400
541,9.052602,16.321000,0.604000,0.007100,15.576100,0.133400,9.352600,1.666720,1,1920,1080,"scripted-0",0.000000,0.000000,0.000300,0.000100,0.000100,0.019800,0.005900
542,9.068924,16.462400,0.397800,0.008800,15.987200,0.066900,9.448600,1.751320,1,1920,1080,"scripted-0",0.000000,0.000000,0.000800,0.000100,0.000400,0.040900,0.011500
543,9.085385,16.918500,0.550600,0.007800,16.290500,0.069200,9.348920,1.637440,1,1920,1080,"scripted-0",0.000000,0.000000,0.000300,0.000200,0.000200,0.019100,0.006100
544,9.102304,16.759100,0.735600,0.007300,15.849000,0.166700,9.478800,1.755960,1,1920,1080,"scripted-0",0.000000,0.000000,0.000200,0.000400,0.000100,0.019500,0.006100
545,9.119063,16.665800,0.576800,0.007500,15.964200,0.116400,9.400600,1.649160,1,1920,1080,"scripted-0",0.000000,0.000000,0.000300,0.001100,0.000600,0.037500,0.009900
546,9.135729,16.514900,0.735900,0.008600,15.688600,0.081300,9.587800,1.787800,1,1920,1080,"scripted-0",0.000000,0.000000,0.000300,0.001100,0.000500,0.035600,0.012800
547,9.152244,16.747600,0.732000,0.007700,15.856700,0.150400,9.407680,1.694800,1,1920,1080,"scripted-0",0.000000,0.000000,0.000200,0.000200,0.000200,0.033900,0.006200
548,9.168992,16.967700,0.458000,0.007600,16.397000,0.104200,9.558720,1.865600,1,1920,1080,"scripted-0",0.000000,0.000000,0.000400,0.000800,0.000400,0.040500,0.015700
549,9.185959,16.395500,0.662100,0.009700,15.599900,0.123400,9.360160,1.663760,1,1920,1080,"scripted-0",0.000000,0.000000,0.000200,0.000700,0.000200,0.021300,0.010000
550,9.202354,15.970500,0.315000,0.005100,15.584400,0.065600,9.471760,1.746880,1,1920,1080,"scripted-0",0.000000,0.000000,0.000200,0.000500,0.000100,0.020100,0.006400
551,9.218325,16.925500,0.526600,0.008400,16.291200,0.098900,9.411280,1.663040,1,1920,1080,"scripted-0",0.000000,0.000000,0.000200,0.000100,0.000100,0.020000,0.007500
552,9.235250,17.074600,0.615100,0.007400,16.265500,0.186200,9.520600,1.757400,1,1920,1080,"scripted-0",0.000000,0.000000,0.000200,0.000600,0.000200,0.019600,0.006000
553,9.252325,16.703300,0.358300,0.007500,16.272500,0.063900,9.508240,1.804960,1,1920,1080,"scripted-0",0.000000,0.000000,0.000400,0.000400,0.000200,0.034700,0.014600
554,9.269028,16.337300,0.531400,0.006300,15.677900,0.121000,9.488760,1.751680,1,1920,1080,"scripted-0",0.000000,0.000000,0.000200,0.000200,0.000200,0.019600,0.006000
555,9.285366,16.940100,0.722000,0.008100,16.057800,0.151200,9.383600,1.678200,1,1920,1080,"scripted-0",0.000000,0.000000,0.000300,0.000200,0.000200,0.024800,0.010100
556,9.302306,16.481400,0.551600,0.009600,15.849900,0.069300,9.483760,1.759600,1,1920,1080,"scripted-0",0.000000,0.000000,0.000800,0.000200,0.000200,0.038900,0.015200
557,9.318787,16.110000,0.313800,0.004700,15.724200,0.066900,9.659160,1.936800,1,1920,1080,"scripted-0",0.000000,0.000000,0.000200,0.000400,0.000100,0.019400,0.006000
558,9.334897,17.474800,0.751100,0.008500,16.560100,0.154700,9.454800,1.760440,1,1920,1080,"scripted-0",0.000000,0.000000,0.000300,0.000200,0.000200,0.019100,0.005800
559,9.352372,16.907700,0.678800,0.009700,16.083900,0.134300,9.360280,1.650160,1,1920,1080,"scripted-0",0.000000,0.000000,0.000400,0.000600,0.000300,0.040400,0.015700
560,9.369280,16.044500,0.583200,0.007200,15.314300,0.138900,9.449320,1.741200,1,1920,1080,"scripted-0",0.000000,0.000000,0.000600,0.000100,0.000200,0.040300,0.014500
561,9.385324,17.210100,0.848600,0.008900,16.193700,0.157900,9.393280,1.684120,1,1920,1080,"scripted-0",0.000000,0.000000,0.000700,0.000600,0.000200,0.042000,0.012900
562,9.402535,16.651800,0.624600,0.008800,15.453900,0.563400,9.708920,1.788280,1,1920,1080,"scripted-0",0.000000,0.000000,0.000900,0.000500,0.000300,0.040700,0.015800
563,9.419187,16.604400,0.758400,0.013100,15.742800,0.088500,9.388800,1.666000,1,1920,1080,"scripted-0",0.000000,0.000000,0.000600,0.000800,0.000100,0.052900,0.022100
564,9.435790,15.996000,0.318900,0.007600,15.498900,0.170000,9.507880,1.766480,1,1920,1080,"scripted-0",0.000000,0.000000,0.000200,0.000300,0.000100,0.019200,0.007200
565,9.451786,17.620200,0.648300,0.007100,16.798800,0.165600,9.383040,1.666320,1,1920,1080,"scripted-0",0.000000,0.000000,0.000300,0.000100,0.000400,0.019400,0.006900
566,9.469407,15.553900,0.388500,0.006900,15.084400,0.073400,9.542040,1.757880,1,1920,1080,"scripted-0",0.000000,0.000000,0.000700,0.000200,0.000500,0.040600,0.015900
567,9.484961,17.085900,0.599400,0.006500,16.416700,0.062600,9.351360,1.657200,1,1920,1080,"scripted-0",0.000000,0.000000,0.000300,0.000100,0.000300,0.023100,0.006400
568,9.502047,16.519000,0.556600,0.008500,15.839100,0.114100,9.461440,1.748360,1,1920,1080,"scripted-0",0.000000,0.000000,0.000100,0.000400,0.000200,0.019800,0.006000
569,9.518565,17.079300,0.730100,0.008500,16.188800,0.151200,9.359440,1.665400,1,1920,1080,"scripted-0",0.000000,0.000000,0.000500,0.000900,0.000300,0.027300,0.013700
570,9.535645,16.612200,0.405300,0.009900,16.130900,0.065100,9.517240,1.754840,1,1920,1080,"scripted-0",0.000000,0.000000,0.000400,0.000400,0.000200,0.039500,0.015200
571,9.552257,16.944000,0.563900,0.007600,16.300300,0.071800,9.380560,1.659080,1,1920,1080,"scripted-0",0.000000,0.000000,0.000200,0.000400,0.000100,0.018600,0.006200
572,9.569201,16.491200,0.740300,0.007500,15.589600,0.153100,9.464000,1.754160,1,1920,1080,"scripted-0",0.000000,0.000000,0.000200,0.000500,0.000100,0.019200,0.006100
573,9.585692,16.847000,0.453000,0.012400,16.317800,0.063000,9.376120,1.673920,1,1920,1080,"scripted-0",0.000000,0.000000,0.000800,0.000600,0.000500,0.040400,0.014900
574,9.602539,16.719800,0.587500,0.029400,16.027700,0.074800,9.499120,1.740920,1,1920,1080,"scripted-0",0.000000,0.000000,0.000300,0.000200,0.000200,0.019300,0.006000
575,9.619259,16.071200,0.570600,0.007600,15.417800,0.074800,9.487840,1.659280,1,1920,1080,"scripted-0",0.000000,0.000000,0.000300,0.000300,0.000100,0.019300,0.006600
576,9.635330,17.151500,0.596400,0.009100,16.481000,0.064600,9.678920,1.745640,1,1920,1080,"scripted-0",0.000000,0.000000,0.000200,0.000400,0.000100,0.020300,0.010100
577,9.652482,16.945900,0.729200,0.007800,15.573000,0.635400,9.398920,1.689880,1,1920,1080,"scripted-0",0.000000,0.000000,0.000100,0.000500,0.000200,0.019100,0.006100
578,9.669429,16.269800,0.738800,0.013000,15.093300,0.422300,9.532000,1.770240,1,1920,1080,"scripted-0",0.000000,0.000000,0.000300,0.000500,0.000100,0.046700,0.018700
579,9.685698,15.859700,0.382800,0.010100,15.391400,0.074200,9.340800,1.663600,1,1920,1080,"scripted-0",0.000000,0.000000,0.000600,0.000900,0.000300,0.043700,0.016200
580,9.701557,16.875000,0.495800,0.006300,16.300000,0.072300,9.469920,1.756480,1,1920,1080,"scripted-0",0.000000,0.000000,0.000200,0.000800,0.000400,0.024900,0.010800
581,9.718432,17.137600,0.464600,0.008200,16.593100,0.071300,9.368720,1.665680,1,1920,1080,"scripted-0",0.000000,0.000000,0.000300,0.000100,0.000100,0.022800,0.006900
582,9.735569,16.760400,0.661200,0.008100,16.008700,0.082000,9.473960,1.743000,1,1920,1080,"scripted-0",0.000000,0.000000,0.000300,0.000100,0.000100,0.019800,0.006200
583,9.752330,16.554200,0.648200,0.006500,15.733400,0.165600,9.392400,1.667320,1,1920,1080,"scripted-0",0.000000,0.000000,0.000200,0.000100,0.000200,0.020100,0.005800
584,9.768885,16.492000,0.711400,0.008600,15.604200,0.166900,9.480600,1.791040,1,1920,1080,"scripted-0",0.000000,0.000000,0.000400,0.001000,0.000300,0.043500,0.015400
585,9.785376,17.098400,0.697100,0.007900,16.257600,0.135100,9.372160,1.650200,1,1920,1080,"scripted-0",0.000000,0.000000,0.000400,0.000400,0.000100,0.032500,0.008900
586,9.802474,16.273700,0.677500,0.007400,15.509400,0.079100,9.442760,1.736280,1,1920,1080,"scripted-0",0.000000,0.000000,0.000500,0.001200,0.000100,0.030300,0.011000
587,9.818748,16.809400,0.674700,0.007800,16.055300,0.071000,9.414640,1.669680,1,1920,1080,"scripted-0",0.000000,0.000000,0.000200,0.000300,0.000200,0.020500,0.028200
588,9.835558,16.385300,0.317300,0.006300,15.994700,0.066600,9.500560,1.747880,1,1920,1080,"scripted-0",0.000000,0.000000,0.000200,0.000400,0.000100,0.020200,0.006600
589,9.851943,16.874800,0.562300,0.007100,16.225900,0.079100,9.342920,1.672080,1,1920,1080,"scripted-0",0.000000,0.000000,0.000200,0.000200,0.000100,0.019500,0.006200
590,9.868818,17.117900,0.509700,0.010100,16.533100,0.064600,9.493640,1.726600,1,1920,1080,"scripted-0",0.000000,0.000000,0.000300,0.000200,0.000100,0.020300,0.007100
591,9.885936,16.680500,0.463700,0.007800,15.541700,0.666800,9.353480,1.674760,1,1920,1080,"scripted-0",0.000000,0.000000,0.000200,0.000200,0.000100,0.020700,0.006400
592,9.902618,16.083500,0.519700,0.011000,15.484600,0.065900,9.468280,1.747160,1,1920,1080,"scripted-0",0.000000,0.000000,0.000400,0.000600,0.000100,0.043800,0.018100
593,9.918700,16.652400,0.522800,0.006900,15.986000,0.136200,9.387960,1.664040,1,1920,1080,"scripted-0",0.000000,0.000000,0.000200,0.000300,0.000200,0.018400,0.005700
594,9.935352,17.236200,0.714000,0.009200,16.356100,0.156200,9.459320,1.755440,1,1920,1080,"scripted-0",0.000000,0.000000,0.000700,0.000500,0.000300,0.038500,0.013800
595,9.952589,16.446300,0.670200,0.008700,15.693500,0.072800,9.422640,1.660120,1,1920,1080,"scripted-0",0.000000,0.000000,0.000600,0.000800,0.000300,0.043300,0.016900
596,9.969034,16.881500,0.583500,0.007600,16.213300,0.076600,9.462080,1.748280,1,1920,1080,"scripted-0",0.000000,0.000000,0.000200,0.000500,0.000100,0.019100,0.006200
597,9.985916,16.146900,0.570200,0.008700,15.490500,0.077100,9.420400,1.673320,1,1920,1080,"scripted-0",0.000000,0.000000,0.000100,0.000500,0.000100,0.020200,0.006900
598,10.002063,17.231600,0.453600,0.011300,16.699200,0.067100,9.585000,1.765760,1,1920,1080,"scripted-0",0.000000,0.000000,0.000400,0.000300,0.000100,0.022700,0.013300
599,10.019295,16.189000,0.534300,0.007700,15.528200,0.118300,9.403640,1.668640,1,1920,1080,"scripted-0",0.000000,0.000000,0.000300,0.000200,0.000100,0.019400,0.006300
600,10.035484,16.645200,0.673300,0.009100,15.878900,0.083300,9.445120,1.727400,1,1920,1080,"scripted-0",0.000000,0.000000,0.000200,0.000800,0.000100,0.037000,0.012700
601,10.052129,16.941500,0.667500,0.009000,16.196300,0.068300,9.367840,1.635040,1,1920,1080,"scripted-0",0.000000,0.000000,0.000300,0.000300,0.000100,0.019700,0.007400
602,10.069070,16.385100,0.489000,0.005000,15.718600,0.172100,9.595720,1.747280,1,1920,1080,"scripted-0",0.000000,0.000000,0.000400,0.000300,0.000200,0.019600,0.006600
603,10.085456,16.788400,0.586300,0.013200,16.111400,0.076700,9.479320,1.673920,1,1920,1080,"scripted-0",0.000000,0.000000,0.000600,0.000300,0.000200,0.044700,0.014100
604,10.102244,17.227300,0.756400,0.010500,15.975400,0.484600,9.543560,1.797000,1,1920,1080,"scripted-0",0.000000,0.000000,0.000200,0.000400,0.000100,0.019800,0.006200
605,10.119471,16.661600,0.590700,0.011800,15.980500,0.078000,9.373320,1.656200,1,1920,1080,"scripted-0",0.000000,0.000000,0.000500,0.000300,0.000200,0.049200,0.024100
606,10.136133,15.457800,0.301000,0.004100,15.084900,0.067400,9.681960,1.962240,1,1920,1080,"scripted-0",0.000000,0.000000,0.000200,0.000500,0.000100,0.021800,0.007500
607,10.151590,17.522900,0.327600,0.006200,17.117200,0.071500,9.372040,1.662040,1,1920,1080,"scripted-0",0.000000,0.000000,0.000300,0.000200,0.000300,0.021500,0.006600
608,10.169113,16.275600,0.481600,0.007200,15.722300,0.064000,9.472240,1.752640,1,1920,1080,"scripted-0",0.000000,0.000000,0.000400,0.000300,0.000100,0.026900,0.009700
609,10.185389,16.591500,0.550200,0.007600,15.882600,0.150700,9.391040,1.665920,1,1920,1080,"scripted-0",0.000000,0.000000,0.000300,0.000300,0.000200,0.020400,0.007500
610,10.201980,16.909700,0.713900,0.011400,16.032800,0.151100,9.514600,1.752480,1,1920,1080,"scripted-0",0.000000,0.000000,0.000600,0.000700,0.000400,0.036800,0.015100
611,10.218891,16.416200,0.575800,0.008100,15.741800,0.089500,9.403000,1.681320,1,1920,1080,"scripted-0",0.000000,0.000000,0.000400,0.000800,0.000300,0.041600,0.015000
612,10.235306,16.691100,0.652500,0.007000,15.869700,0.161500,9.544040,1.767160,1,1920,1080,"scripted-0",0.000000,0.000000,0.000100,0.000600,0.000200,0.022300,0.008400
613,10.251998,16.517900,0.596600,0.010300,15.834400,0.075800,9.621760,1.681120,1,1920,1080,"scripted-0",0.000000,0.000000,0.000400,0.000800,0.000300,0.043200,0.016500
614,10.268515,16.891000,0.707900,0.009500,16.069200,0.103900,9.450440,1.740200,1,1920,1080,"scripted-0",0.000000,0.000000,0.000200,0.000400,0.000100,0.022400,0.007800
615,10.285407,16.826200,0.601300,0.009500,16.095600,0.118700,9.340080,1.657040,1,1920,1080,"scripted-0",0.000000,0.000000,0.000300,0.000400,0.000200,0.031200,0.006100
616,10.302234,16.794000,0.389700,0.008100,16.330800,0.063500,9.463200,1.744480,1,1920,1080,"scripted-0",0.000000,0.000000,0.000700,0.001200,0.000200,0.035900,0.011500
617,10.319026,16.340400,0.678200,0.009200,15.479800,0.172800,9.364800,1.654840,1,1920,1080,"scripted-0",0.000000,0.000000,0.000300,0.000300,0.000100,0.020000,0.006200
618,10.335367,16.533100,0.400700,0.008900,16.056100,0.066700,9.472800,1.752600,1,1920,1080,"scripted-0",0.000000,0.000000,0.000500,0.000800,0.000300,0.042700,0.015200
619,10.351900,16.372300,0.313200,0.004900,15.988500,0.065200,9.576760,1.764680,1,1920,1080,"scripted-0",0.000000,0.000000,0.000200,0.000400,0.000100,0.019600,0.006500
620,10.368272,17.018300,0.326800,0.005600,16.618600,0.066800,9.469520,1.759240,1,1920,1080,"scripted-0",0.000000,0.000000,0.000100,0.000300,0.000200,0.020600,0.005900
621,10.385291,16.300000,0.319600,0.005500,15.903700,0.070700,9.362600,1.674040,1,1920,1080,"scripted-0",0.000000,0.000000,0.000300,0.000200,0.000100,0.020000,0.006300
622,10.401590,16.893700,0.548700,0.005700,16.211200,0.127700,9.561280,1.834960,1,1920,1080,"scripted-0",0.000000,0.000000,0.000200,0.000300,0.000100,0.023900,0.008700
623,10.418484,17.125600,0.681600,0.008900,16.274500,0.160100,9.400200,1.637240,1,1920,1080,"scripted-0",0.000000,0.000000,0.000400,0.000100,0.000200,0.025400,0.011200
624,10.435610,16.243400,0.672500,0.008000,15.482900,0.079200,9.507720,1.737760,1,1920,1080,"scripted-0",0.000000,0.000000,0.000400,0.000800,0.000300,0.043300,0.010100
625,10.451853,16.813200,0.663100,0.008400,15.978600,0.162500,9.367280,1.663480,1,1920,1080,"scripted-0",0.000000,0.000000,0.000300,0.000100,0.000200,0.018500,0.008900
626,10.468667,17.208600,0.699800,0.009800,16.428700,0.069600,9.454680,1.753640,1,1920,1080,"scripted-0",0.000000,0.000000,0.000300,0.001300,0.000300,0.040000,0.017700
627,10.485875,16.363200,0.595100,0.007500,15.639100,0.121100,9.374720,1.664000,1,1920,1080,"scripted-0",0.000000,0.000000,0.000200,0.000800,0.000100,0.019800,0.006400
628,10.502238,16.546100,0.632200,0.008900,15.783200,0.121300,9.489400,1.748600,1,1920,1080,"scripted-0",0.000000,0.000000,0.000700,0.001100,0.000200,0.034900,0.011700
629,10.518784,17.010600,0.696600,0.008600,16.147100,0.157800,9.411080,1.659080,1,1920,1080,"scripted-0",0.000000,0.000000,0.000300,0.000500,0.000100,0.027100,0.015200
630,10.535795,16.316000,0.651700,0.007300,15.570300,0.086000,9.471720,1.767960,1,1920,1080,"scripted-0",0.000000,0.000000,0.000500,0.000200,0.000700,0.030200,0.011400
631,10.552111,16.850100,0.640300,0.009100,16.068800,0.131600,9.451640,1.657880,1,1920,1080,"scripted-0",0.000000,0.000000,0.000200,0.000200,0.000100,0.020900,0.008700
632,10.568962,16.436400,0.379300,0.007900,15.979100,0.069100,9.487360,1.740400,1,1920,1080,"scripted-0",0.000000,0.000000,0.000500,0.000600,0.000200,0.035500,0.008600
633,10.585397,17.467100,0.749700,0.010100,16.547600,0.159200,9.394320,1.658680,1,1920,1080,"scripted-0",0.000000,0.000000,0.000600,0.000300,0.000100,0.019100,0.006200
634,10.602865,16.191100,0.717300,0.011400,15.384500,0.077100,9.478080,1.752640,1,1920,1080,"scripted-0",0.000000,0.000000,0.001000,0.000600,0.000300,0.043300,0.016900
635,10.619056,16.127000,0.326200,0.005400,15.529000,0.266000,9.406280,1.685080,1,1920,1080,"scripted-0",0.000000,0.000000,0.000100,0.000600,0.000100,0.022700,0.007000
636,10.635184,16.282100,0.363200,0.006800,15.843700,0.067100,9.467840,1.750520,1,1920,1080,"scripted-0",0.000000,0.000000,0.000400,0.000700,0.000100,0.035300,0.017000
637,10.651465,17.095900,0.371700,0.007200,16.624300,0.092300,9.385120,1.671680,1,1920,1080,"scripted-0",0.000000,0.000000,0.000200,0.000700,0.000200,0.019400,0.009500
638,10.668561,16.790600,0.524700,0.008300,16.176600,0.080600,9.465200,1.750680,1,1920,1080,"scripted-0",0.000000,0.000000,0.000500,0.000700,0.000300,0.024100,0.016900
639,10.685351,16.674500,0.667100,0.007900,15.830700,0.168400,9.341600,1.657680,1,1920,1080,"scripted-0",0.000000,0.000000,0.000300,0.000600,0.000300,0.019800,0.010200
640,10.702027,16.844900,0.758200,0.009700,15.925000,0.150600,9.467040,1.743200,1,1920,1080,"scripted-0",0.000000,0.000000,0.000300,0.000600,0.000200,0.044200,0.015800
641,10.718871,16.560200,0.605400,0.010200,15.864200,0.079400,9.353920,1.656960,1,1920,1080,"scripted-0",0.000000,0.000000,0.000500,0.000600,0.000300,0.037800,0.015100
642,10.735431,16.302600,0.501600,0.005000,15.646500,0.148700,9.515880,1.807760,1,1920,1080,"scripted-0",0.000000,0.000000,0.000100,0.000400,0.000100,0.021900,0.006800
643,10.751734,17.311100,0.792900,0.009400,16.352900,0.155400,9.389360,1.678120,1,1920,1080,"scripted-0",0.000000,0.000000,0.000300,0.000600,0.000600,0.044400,0.015300
644,10.769045,16.736700,0.490900,0.012400,16.167600,0.064800,9.468600,1.758840,1,1920,1080,"scripted-0",0.000000,0.000000,0.000700,0.000400,0.000400,0.040100,0.015400
645,10.785781,16.612000,0.664000,0.007200,15.860600,0.079800,9.416640,1.666680,1,1920,1080,"scripted-0",0.000000,0.000000,0.000200,0.000300,0.000100,0.019700,0.006300
646,10.802394,17.195600,0.717500,0.007800,15.846700,0.622900,9.520720,1.746920,1,1920,1080,"scripted-0",0.000000,0.000000,0.000100,0.000500,0.000100,0.022300,0.007100
647,10.819589,15.811000,0.774500,0.012900,14.875700,0.147400,9.385320,1.652200,1,1920,1080,"scripted-0",0.000000,0.000000,0.000400,0.000100,0.000200,0.034600,0.019500
648,10.835400,16.874100,0.388700,0.006300,16.152800,0.325600,9.496400,1.737520,1,1920,1080,"scripted-0",0.000000,0.000000,0.000500,0.000700,0.000400,0.042400,0.017100
649,10.852274,16.464000,0.540300,0.009500,15.840400,0.073300,9.352080,1.642160,1,1920,1080,"scripted-0",0.000000,0.000000,0.000200,0.000800,0.000300,0.041000,0.017400
650,10.868738,16.602800,0.689700,0.007400,15.741500,0.163400,9.509400,1.771320,1,1920,1080,"scripted-0",0.000000,0.000000,0.000100,0.000400,0.000100,0.034400,0.006700
651,10.885341,16.386200,0.561200,0.008900,15.741300,0.074100,9.394080,1.676200,1,1920,1080,"scripted-0",0.000000,0.000000,0.000400,0.000300,0.000200,0.044600,0.016700
652,10.901727,16.627900,0.534400,0.006200,15.953400,0.133500,9.629760,1.872840,1,1920,1080,"scripted-0",0.000000,0.000000,0.000100,0.000400,0.000200,0.023600,0.006400
653,10.918355,16.956300,0.673200,0.008200,16.114400,0.159900,9.430600,1.689720,1,1920,1080,"scripted-0",0.000000,0.000000,0.000500,0.000300,0.000200,0.027000,0.014800
654,10.935312,16.519500,0.602800,0.009600,15.830400,0.075700,9.626800,1.764400,1,1920,1080,"scripted-0",0.000000,0.000000,0.001100,0.000600,0.000400,0.041700,0.017100
655,10.951831,16.653500,0.555500,0.006600,15.952000,0.139000,9.390560,1.655200,1,1920,1080,"scripted-0",0.000000,0.000000,0.000200,0.000500,0.000100,0.022300,0.010600
656,10.968484,16.396500,0.486700,0.009200,15.827300,0.072800,9.438240,1.745360,1,1920,1080,"scripted-0",0.000000,0.000000,0.000300,0.000500,0.000100,0.033900,0.012800
657,10.984881,17.180300,0.600900,0.009600,16.499600,0.069700,9.463240,1.688280,1,1920,1080,"scripted-0",0.000000,0.000000,0.000200,0.000100,0.000300,0.019500,0.006400
658,11.002061,16.750800,0.668800,0.007300,15.909700,0.164600,9.473320,1.753720,1,1920,1080,"scripted-0",0.000000,0.000000,0.000200,0.000200,0.000300,0.024600,0.007900
659,11.018812,16.612300,0.673100,0.006400,15.739200,0.192900,9.365280,1.665960,1,1920,1080,"scripted-0",0.000000,0.000000,0.000200,0.000200,0.000100,0.024500,0.007900
660,11.035425,16.932600,0.651200,0.010700,16.149000,0.120600,9.634640,1.785760,1,1920,1080,"scripted-0",0.000000,0.000000,0.000400,0.000900,0.000400,0.043000,0.017500
661,11.052357,16.577100,0.709800,0.009100,15.742200,0.115500,9.406120,1.662480,1,1920,1080,"scripted-0",0.000000,0.000000,0.000600,0.000400,0.000200,0.039300,0.012300
662,11.068934,17.206900,0.652100,0.011800,16.317300,0.225300,9.993720,2.273600,1,1920,1080,"scripted-0",0.000000,0.000000,0.000300,0.000200,0.000300,0.019000,0.006700
663,11.086141,16.485000,0.382900,0.011100,15.934100,0.156300,9.363400,1.680080,1,1920,1080,"scripted-0",0.000000,0.000000,0.000300,0.000300,0.000200,0.022400,0.011600
664,11.102626,15.520100,0.741400,0.010800,14.702300,0.064900,9.556360,1.749840,1,1920,1080,"scripted-0",0.000000,0.000000,0.000200,0.000500,0.000400,0.036500,0.019500
665,11.118146,16.603900,0.331700,0.006500,16.195000,0.070200,9.407800,1.719880,1,1920,1080,"scripted-0",0.000000,0.000000,0.000100,0.000500,0.000200,0.022300,0.006500
666,11.134750,17.378500,0.373400,0.007600,16.902000,0.095100,9.484440,1.766600,1,1920,1080,"scripted-0",0.000000,0.000000,0.000100,0.000500,0.000100,0.020300,0.006900
667,11.152128,16.343800,0.627900,0.005400,15.545400,0.164400,9.400200,1.678040,1,1920,1080,"scripted-0",0.000000,0.000000,0.000800,0.001600,0.000200,0.037400,0.012700
668,11.168473,16.650600,0.600200,0.008200,15.945400,0.095600,9.522120,1.760240,1,1920,1080,"scripted-0",0.000000,0.000000,0.000400,0.000800,0.000300,0.042300,0.017200
669,11.185123,16.265000,0.414400,0.005200,15.733700,0.111300,9.520320,1.700600,1,1920,1080,"scripted-0",0.000000,0.000000,0.000200,0.000400,0.000100,0.022500,0.008300
670,11.201388,17.153600,0.558700,0.007400,16.429300,0.157600,9.548880,1.776360,1,1920,1080,"scripted-0",0.000000,0.000000,0.000300,0.000300,0.000100,0.023100,0.009400
671,11.218542,16.686400,0.695300,0.008500,15.887600,0.094200,9.454200,1.678880,1,1920,1080,"scripted-0",0.000000,0.000000,0.000300,0.000500,0.000200,0.035600,0.016700
672,11.235228,16.518800,0.555000,0.006000,15.817000,0.140300,9.510640,1.769600,1,1920,1080,"scripted-0",0.000000,0.000000,0.000400,0.000600,0.000200,0.024900,0.008200
673,11.251746,16.612900,0.543400,0.007800,15.973500,0.087700,9.353480,1.674800,1,1920,1080,"scripted-0",0.000000,0.000000,0.000400,0.000200,0.000100,0.028300,0.016600
674,11.268359,16.824500,0.551200,0.007100,16.113300,0.152500,9.566080,1.775040,1,1920,1080,"scripted-0",0.000000,0.000000,0.000200,0.000500,0.000200,0.020500,0.007800
675,11.285184,16.766200,0.582900,0.008700,16.029200,0.144800,9.485800,1.702960,1,1920,1080,"scripted-0",0.000000,0.000000,0.000300,0.001200,0.000700,0.034200,0.017300
676,11.301950,16.196500,0.346400,0.005900,15.771900,0.071600,9.624440,1.818760,1,1920,1080,"scripted-0",0.000000,0.000000,0.000300,0.000600,0.000200,0.027200,0.011700
677,11.318147,16.551700,0.318100,0.004800,16.161500,0.066300,9.441320,1.675040,1,1920,1080,"scripted-0",0.000000,0.000000,0.000200,0.000200,0.000200,0.019800,0.005700
678,11.334698,17.199400,0.574900,0.007300,16.490600,0.126000,9.439280,1.742880,1,1920,1080,"scripted-0",0.000000,0.000000,0.000200,0.000200,0.000100,0.022000,0.006300
679,11.351898,17.042400,0.428500,0.009300,16.531400,0.072600,9.479560,1.694640,1,1920,1080,"scripted-0",0.000000,0.000000,0.000400,0.000400,0.000300,0.038400,0.012900
680,11.368940,15.978300,0.326900,0.005600,15.562300,0.083000,9.431600,1.743640,1,1920,1080,"scripted-0",0.000000,0.000000,0.000100,0.000500,0.000200,0.020500,0.006900
681,11.384919,16.476200,0.307900,0.004200,16.102400,0.060900,9.389320,1.672720,1,1920,1080,"scripted-0",0.000000,0.000000,0.000300,0.000200,0.000200,0.020900,0.007600
682,11.401394,17.642100,0.664200,0.009700,16.807500,0.160300,9.471680,1.759920,1,1920,1080,"scripted-0",0.000000,0.000000,0.000400,0.000100,0.000200,0.020000,0.006800
683,11.419037,16.443300,0.593000,0.008200,15.719800,0.121500,9.385680,1.653320,1,1920,1080,"scripted-0",0.000000,0.000000,0.000400,0.001100,0.000300,0.045100,0.017800
684,11.435480,16.387400,0.489800,0.010200,15.824400,0.062500,9.519960,1.758720,1,1920,1080,"scripted-0",0.000000,0.000000,0.000500,0.000100,0.000200,0.038700,0.012200
685,11.451867,16.977600,0.585400,0.009600,16.309000,0.073200,9.408720,1.662200,1,1920,1080,"scripted-0",0.000000,0.000000,0.000300,0.000100,0.000100,0.019700,0.006200
686,11.468845,16.274300,0.341100,0.009300,15.855700,0.067500,9.486200,1.747720,1,1920,1080,"scripted-0",0.000000,0.000000,0.000200,0.000100,0.000200,0.019000,0.006300
687,11.485119,16.849000,0.586300,0.007500,16.178300,0.076500,9.347800,1.664520,1,1920,1080,"scripted-0",0.000000,0.000000,0.000400,0.000100,0.000100,0.019500,0.005900
688,11.501968,16.951800,0.642200,0.007800,16.226100,0.075300,9.492080,1.747360,1,1920,1080,"scripted-0",0.000000,0.000000,0.000200,0.000300,0.000200,0.019500,0.006600
689,11.518920,16.782000,0.527100,0.006300,16.124100,0.124100,9.366600,1.651560,1,1920,1080,"scripted-0",0.000000,0.000000,0.000300,0.000100,0.000200,0.019600,0.006700
690,11.535702,16.230700,0.692700,0.008300,15.451900,0.077200,9.449120,1.750920,1,1920,1080,"scripted-0",0.000000,0.000000,0.000300,0.000400,0.000200,0.027300,0.010500
691,11.551933,17.125300,0.591300,0.009700,16.451500,0.072300,9.512760,1.680320,1,1920,1080,"scripted-0",0.000000,0.000000,0.000200,0.000100,0.000100,0.018800,0.007600
692,11.569058,16.235600,0.352600,0.007800,15.803600,0.071200,9.444040,1.746280,1,1920,1080,"scripted-0",0.000000,0.000000,0.000200,0.000300,0.000100,0.020500,0.006400
693,11.585294,17.004900,0.638500,0.007300,16.123900,0.234700,9.370520,1.681440,1,1920,1080,"scripted-0",0.000000,0.000000,0.000200,0.000200,0.000200,0.019400,0.006600
694,11.602299,16.766900,0.591600,0.011700,16.075400,0.087400,9.465280,1.761480,1,1920,1080,"scripted-0",0.000000,0.000000,0.000300,0.000600,0.000200,0.034800,0.012400
695,11.619065,15.613700,0.317200,0.005700,15.218300,0.071900,9.506840,1.775280,1,1920,1080,"scripted-0",0.000000,0.000000,0.000200,0.000300,0.000200,0.022300,0.008300
696,11.634679,16.937500,0.426600,0.004100,16.377800,0.128600,9.461520,1.737880,1,1920,1080,"scripted-0",0.000000,0.000000,0.000400,0.000200,0.000200,0.020600,0.006400
697,11.651617,17.511200,0.633800,0.009300,16.801300,0.066300,9.342000,1.646640,1,1920,1080,"scripted-0",0.000000,0.000000,0.000300,0.000400,0.000200,0.027300,0.018200
698,11.669128,16.272700,0.552700,0.007300,15.648500,0.063800,9.529680,1.775440,1,1920,1080,"scripted-0",0.000000,0.000000,0.000100,0.000400,0.000200,0.019500,0.006200
699,11.685400,17.000100,0.573200,0.009400,16.352900,0.064200,9.391840,1.664520,1,1920,1080,"scripted-0",0.000000,0.000000,0.000300,0.000200,0.000100,0.022700,0.006200
700,11.702400,16.170000,0.320200,0.007800,15.772600,0.069000,9.520680,1.758800,1,1920,1080,"scripted-0",0.000000,0.000000,0.000200,0.000400,0.000100,0.019500,0.006000
701,11.718571,17.335200,0.640100,0.010100,16.566200,0.118400,9.410680,1.677560,1,1920,1080,"scripted-0",0.000000,0.000000,0.000100,0.000400,0.000200,0.018800,0.006200
702,11.735906,15.920400,0.593900,0.007600,15.190200,0.128200,9.517920,1.756960,1,1920,1080,"scripted-0",0.000000,0.000000,0.000400,0.000900,0.000300,0.032400,0.013400
703,11.751826,16.431900,0.561100,0.007600,15.797700,0.064900,9.422880,1.651840,1,1920,1080,"scripted-0",0.000000,0.000000,0.000300,0.000200,0.000200,0.026300,0.015900
704,11.768258,16.871900,0.563500,0.009000,16.171500,0.127500,9.484400,1.746960,1,1920,1080,"scripted-0",0.000000,0.000000,0.000100,0.000400,0.000100,0.021100,0.007800
705,11.785130,16.594000,0.556800,0.006400,15.915000,0.115300,9.380480,1.667280,1,1920,1080,"scripted-0",0.000000,0.000000,0.000400,0.000200,0.000100,0.026000,0.015800
706,11.801724,16.737700,0.547100,0.007500,16.075200,0.107200,9.515920,1.768400,1,1920,1080,"scripted-0",0.000000,0.000000,0.000300,0.000900,0.000200,0.040300,0.012500
707,11.818462,16.621200,0.530400,0.006600,15.961800,0.121700,9.397120,1.673840,1,1920,1080,"scripted-0",0.000000,0.000000,0.000200,0.000500,0.000100,0.021400,0.009900
708,11.835083,16.712300,0.607700,0.007900,15.973200,0.122500,9.543160,1.766440,1,1920,1080,"scripted-0",0.000000,0.000000,0.000600,0.000400,0.000200,0.034800,0.012600
709,11.851796,16.761800,0.535700,0.009600,16.145500,0.070000,9.470680,1.666640,1,1920,1080,"scripted-0",0.000000,0.000000,0.000400,0.000100,0.000200,0.025500,0.010800
710,11.868557,16.699000,0.574700,0.007600,15.997000,0.119200,9.458120,1.758160,1,1920,1080,"scripted-0",0.000000,0.000000,0.000200,0.000300,0.000200,0.022800,0.008500
711,11.885256,16.382900,0.552200,0.007400,15.743500,0.078900,9.417320,1.656680,1,1920,1080,"scripted-0",0.000000,0.000000,0.000800,0.000200,0.000200,0.030500,0.013500
712,11.901639,17.474500,0.653900,0.010100,16.614400,0.195700,9.450560,1.749520,1,1920,1080,"scripted-0",0.000000,0.000000,0.000400,0.000400,0.000300,0.023900,0.015300
713,11.919114,15.490800,0.308900,0.004100,15.065300,0.111800,9.354200,1.661080,1,1920,1080,"scripted-0",0.000000,0.000000,0.000400,0.000900,0.000200,0.033200,0.012300
714,11.934604,16.685400,0.347500,0.006600,16.257400,0.073400,9.488040,1.743840,1,1920,1080,"scripted-0",0.000000,0.000000,0.000300,0.000200,0.000300,0.022800,0.012700
715,11.951290,17.354800,0.612900,0.006000,16.603100,0.131900,9.394560,1.699680,1,1920,1080,"scripted-0",0.000000,0.000000,0.000100,0.000400,0.000200,0.019100,0.006500
716,11.968645,16.602400,0.725500,0.008000,15.703200,0.164900,9.503880,1.771640,1,1920,1080,"scripted-0",0.000000,0.000000,0.000400,0.002700,0.000600,0.044100,0.017300
717,11.985247,16.500400,0.612500,0.041800,15.703100,0.141900,9.477800,1.683240,1,1920,1080,"scripted-0",0.000000,0.000000,0.000500,0.000800,0.000300,0.044400,0.016900
718,12.001747,16.922400,0.653700,0.009500,16.116700,0.141900,9.470560,1.752440,1,1920,1080,"scripted-0",0.000000,0.000000,0.000200,0.000600,0.000200,0.025800,0.016900
719,12.018670,16.349900,0.480700,0.006400,15.785500,0.076700,9.357520,1.659920,1,1920,1080,"scripted-0",0.000000,0.000000,0.000200,0.000300,0.000100,0.019600,0.008100
720,12.035019,17.678200,0.728500,0.011800,16.788200,0.149300,9.468080,1.753520,1,1920,1080,"scripted-0",0.000000,0.000000,0.000200,0.000400,0.000200,0.020300,0.007300
721,12.052698,15.929100,0.590300,0.008500,15.204200,0.125000,9.352800,1.648800,1,1920,1080,"scripted-0",0.000000,0.000000,0.000600,0.000200,0.000300,0.043400,0.014300
722,12.068627,16.659100,0.560400,0.009200,16.022500,0.066500,9.459960,1.749320,1,1920,1080,"scripted-0",0.000000,0.000000,0.000500,0.001100,0.000300,0.038200,0.012600
723,12.085286,17.050300,0.429100,0.010500,16.545000,0.065400,9.543280,1.672000,1,1920,1080,"scripted-0",0.000000,0.000000,0.000200,0.000200,0.000100,0.021900,0.006600
724,12.102336,16.482600,0.801200,0.007900,15.512200,0.160900,9.455160,1.769880,1,1920,1080,"scripted-0",0.000000,0.000000,0.000200,0.000300,0.000100,0.019500,0.006000
725,12.118819,16.785400,0.743500,0.010200,15.839200,0.191400,9.359640,1.671240,1,1920,1080,"scripted-0",0.000000,0.000000,0.000600,0.000500,0.000300,0.038900,0.016600
726,12.135604,16.411000,0.605100,0.008300,15.731800,0.065000,9.499640,1.743040,1,1920,1080,"scripted-0",0.000000,0.000000,0.000600,0.001700,0.000300,0.046200,0.020200
727,12.152015,16.545300,0.328900,0.007300,16.004200,0.204500,9.418800,1.667040,1,1920,1080,"scripted-0",0.000000,0.000000,0.000200,0.000200,0.000200,0.019500,0.006600
728,12.168561,17.132100,0.833700,0.011700,16.144800,0.141000,9.427680,1.734720,1,1920,1080,"scripted-0",0.000000,0.000000,0.001200,0.000900,0.000100,0.036100,0.018400
729,12.185693,16.330800,0.623000,0.009400,15.578600,0.119300,9.367280,1.665520,1,1920,1080,"scripted-0",0.000000,0.000000,0.000300,0.000500,0.000100,0.034100,0.013100
730,12.202023,16.559500,0.360200,0.007700,16.126800,0.064300,9.463400,1.756960,1,1920,1080,"scripted-0",0.000000,0.000000,0.000600,0.000200,0.000200,0.035900,0.011400
731,12.218583,16.641000,0.646700,0.007600,15.919500,0.066700,9.361080,1.658320,1,1920,1080,"scripted-0",0.000000,0.000000,0.000200,0.000200,0.000100,0.019200,0.005700
732,12.235224,16.452200,0.314300,0.004600,16.062800,0.070100,9.465000,1.758040,1,1920,1080,"scripted-0",0.000000,0.000000,0.000200,0.000300,0.000100,0.019900,0.006400
733,12.251677,17.167400,0.342100,0.006300,16.752400,0.065600,9.373720,1.681000,1,1920,1080,"scripted-0",0.000000,0.000000,0.000300,0.000300,0.000100,0.018800,0.006300
734,12.268843,16.772300,0.452900,0.012100,16.242800,0.064100,9.521320,1.777200,1,1920,1080,"scripted-0",0.000000,0.000000,0.000200,0.000500,0.000100,0.020000,0.006500
735,12.285616,16.478100,0.687900,0.011400,15.625600,0.152600,9.342200,1.654600,1,1920,1080,"scripted-0",0.000000,0.000000,0.000300,0.000300,0.000300,0.021700,0.006100
736,12.302094,16.434200,0.583400,0.010400,15.773500,0.066100,9.468240,1.746240,1,1920,1080,"scripted-0",0.000000,0.000000,0.000700,0.000400,0.000400,0.042500,0.014200
737,12.318528,16.032000,0.313600,0.004200,15.650300,0.063400,9.387080,1.648360,1,1920,1080,"scripted-0",0.000000,0.000000,0.000300,0.000500,0.000100,0.018900,0.006900
738,12.334560,17.533100,0.748900,0.007700,16.620800,0.155300,9.523400,1.745960,1,1920,1080,"scripted-0",0.000000,0.000000,0.000200,0.000400,0.000100,0.018300,0.005800
739,12.352094,16.615600,0.571100,0.010800,15.965100,0.067600,9.585720,1.694680,1,1920,1080,"scripted-0",0.000000,0.000000,0.000300,0.000900,0.000300,0.038600,0.015500
740,12.368709,16.062200,0.340500,0.007700,15.647900,0.065700,9.452840,1.715200,1,1920,1080,"scripted-0",0.000000,0.000000,0.000200,0.000200,0.000100,0.019800,0.005800
741,12.384771,16.953900,0.341600,0.007600,16.535500,0.068400,9.366760,1.670240,1,1920,1080,"scripted-0",0.000000,0.000000,0.000300,0.000200,0.000200,0.035400,0.006000
742,12.401725,16.132400,0.342400,0.005300,15.713100,0.071200,9.750680,2.053920,1,1920,1080,"scripted-0",0.000000,0.000000,0.000400,0.000400,0.000200,0.019100,0.006700
743,12.417857,17.760200,0.663600,0.009100,16.929000,0.158000,9.390540,1.661550,1,1920,1080,"scripted-0",0.000000,0.000000,0.000300,0.000300,0.000100,0.018900,0.005900
744,12.435618,16.247000,0.361600,0.006900,15.811200,0.066600,9.483600,1.735120,1,1920,1080,"scripted-0",0.000000,0.000000,0.000200,0.000500,0.000100,0.031500,0.009900
745,12.451866,16.720800,0.674300,0.008200,15.910300,0.126000,9.397240,1.684560,1,1920,1080,"scripted-0",0.000000,0.000000,0.000900,0.001300,0.000300,0.041900,0.012800
746,12.468585,16.707300,0.591900,0.008400,15.983200,0.123100,9.464640,1.764120,1,1920,1080,"scripted-0",0.000000,0.000000,0.000500,0.000400,0.000400,0.038300,0.010200
747,12.485294,16.470400,0.734500,0.010500,15.655800,0.068100,9.381720,1.667520,1,1920,1080,"scripted-0",0.000000,0.000000,0.000600,0.000500,0.000400,0.037800,0.012600
748,12.501763,16.625300,0.614200,0.004100,15.841500,0.165100,9.460200,1.756880,1,1920,1080,"scripted-0",0.000000,0.000000,0.000100,0.000500,0.000200,0.019600,0.009800
749,12.518389,17.240400,0.675300,0.007700,16.416800,0.139300,9.419720,1.675120,1,1920,1080,"scripted-0",0.000000,0.000000,0.000600,0.000400,0.000300,0.045000,0.016100
750,12.535629,16.387000,0.563200,0.009600,15.744300,0.069000,9.465320,1.742960,1,1920,1080,"scripted-0",0.000000,0.000000,0.000200,0.001000,0.000500,0.039300,0.015000
751,12.552016,16.819400,0.781000,0.007500,15.934300,0.096100,9.354280,1.660360,1,1920,1080,"scripted-0",0.000000,0.000000,0.000200,0.000100,0.000100,0.019900,0.006400
752,12.568835,16.298100,0.592200,0.007600,15.618000,0.079900,9.459480,1.738240,1,1920,1080,"scripted-0",0.000000,0.000000,0.000300,0.000500,0.000200,0.020300,0.010500
753,12.585133,17.356400,0.629100,0.010300,16.592400,0.124200,9.354360,1.655040,1,1920,1080,"scripted-0",0.000000,0.000000,0.000200,0.000300,0.000200,0.020700,0.009400
754,12.602490,16.357100,0.756800,0.008500,15.436100,0.154800,9.469960,1.755880,1,1920,1080,"scripted-0",0.000000,0.000000,0.000600,0.000300,0.000400,0.035000,0.012200
755,12.618847,16.862300,0.717600,0.007700,15.977000,0.159100,9.463800,1.675080,1,1920,1080,"scripted-0",0.000000,0.000000,0.000600,0.000500,0.000300,0.038400,0.010800
756,12.635710,16.171800,0.705100,0.010700,15.296900,0.158100,9.508760,1.761960,1,1920,1080,"scripted-0",0.000000,0.000000,0.000800,0.000900,0.000300,0.056200,0.020600
757,12.651882,17.198200,0.696900,0.009000,16.405900,0.085200,9.371120,1.658600,1,1920,1080,"scripted-0",0.000000,0.000000,0.000400,0.000400,0.000300,0.035000,0.014100
758,12.669079,15.941800,0.542900,0.008400,15.289800,0.100300,9.481840,1.753360,1,1920,1080,"scripted-0",0.000000,0.000000,0.000100,0.000300,0.000200,0.020200,0.007400
759,12.685021,16.441000,0.336500,0.007600,16.031500,0.064800,9.364360,1.650760,1,1920,1080,"scripted-0",0.000000,0.000000,0.000100,0.000600,0.000100,0.020800,0.008700
760,12.701462,17.440600,0.666900,0.007700,16.606100,0.159500,9.473440,1.751240,1,1920,1080,"scripted-0",0.000000,0.000000,0.000200,0.000500,0.000100,0.018800,0.006200
761,12.718903,15.906900,0.593600,0.006400,15.194800,0.111500,9.511240,1.786240,1,1920,1080,"scripted-0",0.000000,0.000000,0.000800,0.000300,0.000200,0.046100,0.017000
762,12.734809,16.916300,0.679300,0.008700,16.063200,0.164500,9.435880,1.742720,1,1920,1080,"scripted-0",0.000000,0.000000,0.000300,0.000100,0.000200,0.027600,0.010000
763,12.751726,16.863100,0.407100,0.010200,16.374900,0.070000,9.403520,1.672440,1,1920,1080,"scripted-0",0.000000,0.000000,0.000500,0.000200,0.000300,0.039100,0.016100
764,12.768589,16.670800,0.693200,0.007900,15.793400,0.175900,9.484080,1.795680,1,1920,1080,"scripted-0",0.000000,0.000000,0.000300,0.000400,0.000200,0.020300,0.006700
765,12.785260,17.107300,0.785300,0.009100,16.233100,0.078900,9.384920,1.676400,1,1920,1080,"scripted-0",0.000000,0.000000,0.000400,0.000300,0.000300,0.073800,0.017900
766,12.802367,16.116400,0.571700,0.007500,15.465400,0.071300,9.468400,1.740600,1,1920,1080,"scripted-0",0.000000,0.000000,0.000300,0.000200,0.000200,0.019500,0.007100
767,12.818483,16.758700,0.607300,0.007900,15.957800,0.185300,9.355360,1.664000,1,1920,1080,"scripted-0",0.000000,0.000000,0.000400,0.000400,0.000200,0.019000,0.006600
768,12.835242,16.800500,0.586000,0.009100,16.089300,0.115600,9.464600,1.739840,1,1920,1080,"scripted-0",0.000000,0.000000,0.000300,0.000500,0.000200,0.034900,0.016200
769,12.852043,16.146500,0.383000,0.006300,15.683700,0.072400,9.358680,1.672960,1,1920,1080,"scripted-0",0.000000,0.000000,0.000400,0.000400,0.000200,0.039800,0.014200
770,12.868189,17.360100,0.667800,0.007500,16.544400,0.139600,9.465800,1.746840,1,1920,1080,"scripted-0",0.000000,0.000000,0.000200,0.000400,0.000100,0.019400,0.006000
771,12.885549,16.524600,0.555600,0.009000,15.842300,0.117300,9.396600,1.667000,1,1920,1080,"scripted-0",0.000000,0.000000,0.000300,0.000100,0.000200,0.019800,0.007700
772,12.902074,16.945400,0.849500,0.007800,15.593900,0.493700,9.458720,1.739920,1,1920,1080,"scripted-0",0.000000,0.000000,0.000500,0.000400,0.000300,0.036200,0.012700
773,12.919019,16.562500,0.618000,0.011300,15.824500,0.108100,9.469040,1.676560,1,1920,1080,"scripted-0",0.000000,0.000000,0.000200,0.000400,0.000400,0.039100,0.017000
774,12.935581,16.025100,0.523800,0.006100,15.418000,0.076800,9.488440,1.750840,1,1920,1080,"scripted-0",0.000000,0.000000,0.000100,0.000400,0.000100,0.022200,0.010000
775,12.951607,16.437800,0.316100,0.007500,15.916100,0.197300,9.336240,1.655200,1,1920,1080,"scripted-0",0.000000,0.000000,0.000200,0.000300,0.000200,0.018800,0.006900
776,12.968044,16.769600,0.363300,0.012600,16.319700,0.073400,9.428680,1.751560,1,1920,1080,"scripted-0",0.000000,0.000000,0.000400,0.000200,0.000100,0.021700,0.009800
777,12.984814,17.141300,0.677100,0.008300,16.388200,0.067100,9.357640,1.660840,1,1920,1080,"scripted-0",0.000000,0.000000,0.000300,0.001400,0.000200,0.039400,0.011400
778,13.001955,16.359300,0.328500,0.006000,15.950100,0.074300,9.649750,1.931270,1,1920,1080,"scripted-0",0.000000,0.000000,0.000300,0.000100,0.000100,0.019300,0.006600
779,13.018315,16.657400,0.551000,0.006400,16.024600,0.074800,9.415320,1.660200,1,1920,1080,"scripted-0",0.000000,0.000000,0.000200,0.000500,0.000200,0.034600,0.006400
780,13.034972,17.037800,0.572600,0.009900,16.381000,0.073900,9.481920,1.764640,1,1920,1080,"scripted-0",0.000000,0.000000,0.000200,0.000400,0.000100,0.019500,0.007300
781,13.052010,16.497400,0.653900,0.006400,15.670700,0.166000,9.385320,1.663360,1,1920,1080,"scripted-0",0.000000,0.000000,0.000100,0.000300,0.000200,0.019500,0.006300
782,13.068508,16.607600,0.661200,0.009900,15.853700,0.081800,9.440800,1.734400,1,1920,1080,"scripted-0",0.000000,0.000000,0.000400,0.000500,0.000400,0.044300,0.017200
783,13.085115,17.146700,0.454400,0.011000,16.614800,0.066100,9.357920,1.660520,1,1920,1080,"scripted-0",0.000000,0.000000,0.000300,0.000300,0.000100,0.022600,0.005800
784,13.102261,16.304500,0.537300,0.008200,15.607500,0.151100,9.466080,1.747520,1,1920,1080,"scripted-0",0.000000,0.000000,0.000200,0.000500,0.000200,0.018600,0.005800
785,13.118566,16.612300,0.612600,0.008800,15.910600,0.079600,9.362760,1.667520,1,1920,1080,"scripted-0",0.000000,0.000000,0.000400,0.000300,0.000100,0.026900,0.017900
786,13.135178,16.902600,0.652200,0.007200,16.175800,0.067000,9.573240,1.768800,1,1920,1080,"scripted-0",0.000000,0.000000,0.000200,0.000200,0.000100,0.019500,0.007100
787,13.152081,16.215400,0.406600,0.007500,15.729600,0.071300,9.395920,1.666960,1,1920,1080,"scripted-0",0.000000,0.000000,0.000300,0.000100,0.000100,0.019200,0.006200
788,13.168296,17.434600,0.729300,0.007300,16.108700,0.588900,9.584320,1.804720,1,1920,1080,"scripted-0",0.000000,0.000000,0.000300,0.000200,0.000200,0.018700,0.005800
789,13.185731,16.001600,0.621000,0.011300,15.257900,0.110700,9.371440,1.669920,1,1920,1080,"scripted-0",0.000000,0.000000,0.000500,0.000400,0.000200,0.039800,0.019900
790,13.201733,16.227900,0.344400,0.006500,15.813100,0.063400,9.452870,1.754150,1,1920,1080,"scripted-0",0.000000,0.000000,0.000500,0.000200,0.000200,0.034700,0.011800
791,13.217960,16.562100,0.322300,0.005200,16.166500,0.067700,9.372880,1.664040,1,1920,1080,"scripted-0",0.000000,0.000000,0.000200,0.000200,0.000300,0.020700,0.006500
792,13.234523,17.250400,0.633500,0.006000,16.423800,0.186300,9.512880,1.747200,1,1920,1080,"scripted-0",0.000000,0.000000,0.000100,0.000400,0.000100,0.023300,0.006200
793,13.251774,17.029300,0.376100,0.008300,16.580000,0.063400,9.522920,1.791320,1,1920,1080,"scripted-0",0.000000,0.000000,0.000600,0.000600,0.000200,0.043900,0.016200
794,13.268802,16.431500,0.652400,0.007400,15.699100,0.072200,9.465240,1.743520,1,1920,1080,"scripted-0",0.000000,0.000000,0.000300,0.000200,0.000200,0.019600,0.005800
795,13.285234,16.220300,0.509700,0.007300,15.631500,0.071300,9.365000,1.657960,1,1920,1080,"scripted-0",0.000000,0.000000,0.000200,0.000900,0.000100,0.020700,0.006400
796,13.301454,17.337900,0.371300,0.006100,16.894000,0.066000,9.475440,1.758200,1,1920,1080,"scripted-0",0.000000,0.000000,0.000200,0.000400,0.000100,0.019100,0.006400
797,13.318792,16.232700,0.526600,0.006100,15.543400,0.156200,9.407960,1.669960,1,1920,1080,"scripted-0",0.000000,0.000000,0.000200,0.000100,0.000100,0.019000,0.006000
798,13.335025,16.665700,0.589700,0.010800,15.998300,0.065900,9.469360,1.762520,1,1920,1080,"scripted-0",0.000000,0.000000,0.000400,0.000600,0.000300,0.048500,0.015600
799,13.351690,16.921500,0.520600,0.009200,16.321200,0.070000,9.395080,1.655680,1,1920,1080,"scripted-0",0.000000,0.000000,0.000300,0.000300,0.000100,0.020500,0.006800
800,13.368612,16.989400,0.605900,0.010000,16.307600,0.065500,9.511800,1.744920,1,1920,1080,"scripted-0",0.000000,0.000000,0.000300,0.000200,0.000200,0.020600,0.006700
801,13.385601,16.377800,0.701200,0.007900,15.518100,0.150300,9.397680,1.658480,1,1920,1080,"scripted-0",0.000000,0.000000,0.000200,0.000400,0.000100,0.019400,0.006500
802,13.401979,16.707200,0.635700,0.009900,15.990900,0.070000,9.564160,1.753600,1,1920,1080,"scripted-0",0.000000,0.000000,0.000500,0.000200,0.000200,0.040700,0.014600
803,13.418686,16.676400,0.792200,0.007700,15.701700,0.174300,9.410400,1.682480,1,1920,1080,"scripted-0",0.000000,0.000000,0.000300,0.000400,0.000200,0.020200,0.006700
804,13.435363,16.414600,0.576600,0.009900,15.758500,0.068400,9.432160,1.740680,1,1920,1080,"scripted-0",0.000000,0.000000,0.000500,0.000400,0.000200,0.040900,0.017300
805,13.451777,16.977400,0.649400,0.007500,16.240300,0.079700,9.512400,1.670160,1,1920,1080,"scripted-0",0.000000,0.000000,0.000200,0.000400,0.000200,0.020600,0.006500
806,13.468755,16.698400,0.553700,0.007600,15.833600,0.303000,9.630920,1.785120,1,1920,1080,"scripted-0",0.000000,0.000000,0.000300,0.000500,0.000200,0.021900,0.011900
807,13.485453,15.826900,0.472800,0.007500,15.280400,0.065700,9.521560,1.823480,1,1920,1080,"scripted-0",0.000000,0.000000,0.000100,0.000500,0.000100,0.036300,0.012400
808,13.501280,16.508200,0.325900,0.004700,16.103700,0.073500,9.482520,1.743080,1,1920,1080,"scripted-0",0.000000,0.000000,0.000300,0.000100,0.000200,0.021900,0.006200
809,13.517788,17.498100,0.717400,0.006900,16.623100,0.150100,9.411440,1.655000,1,1920,1080,"scripted-0",0.000000,0.000000,0.000300,0.000300,0.000200,0.023600,0.006300
810,13.535287,16.682000,0.622100,0.010000,15.980300,0.068500,9.462400,1.752280,1,1920,1080,"scripted-0",0.000000,0.000000,0.000400,0.001100,0.000200,0.043200,0.015200
811,13.551968,16.112700,0.403600,0.007700,15.639400,0.061600,9.356080,1.657440,1,1920,1080,"scripted-0",0.000000,0.000000,0.000100,0.000400,0.000100,0.019900,0.006200
812,13.568081,16.909700,0.559200,0.005100,16.282000,0.063000,9.479280,1.761360,1,1920,1080,"scripted-0",0.000000,0.000000,0.000200,0.000300,0.000200,0.020300,0.006200
813,13.584990,16.669000,0.555900,0.007800,15.982200,0.122800,9.498720,1.696200,1,1920,1080,"scripted-0",0.000000,0.000000,0.000200,0.000500,0.000500,0.020400,0.007500
814,13.601660,17.291000,0.729400,0.008900,16.467300,0.084800,9.453120,1.754360,1,1920,1080,"scripted-0",0.000000,0.000000,0.000600,0.000200,0.000300,0.034300,0.013200
815,13.618951,16.150100,0.597200,0.007200,15.462000,0.083200,9.373760,1.659480,1,1920,1080,"scripted-0",0.000000,0.000000,0.000200,0.000100,0.000100,0.019300,0.006300
816,13.635101,16.668000,0.557700,0.007000,15.982300,0.120600,9.515080,1.744360,1,1920,1080,"scripted-0",0.000000,0.000000,0.000300,0.000100,0.000200,0.020000,0.009700
817,13.651769,16.507500,0.553000,0.008800,15.881900,0.063200,9.370400,1.670000,1,1920,1080,"scripted-0",0.000000,0.000000,0.000600,0.000400,0.000300,0.037700,0.012000
818,13.668276,16.998900,0.496700,0.008300,16.422400,0.071100,9.538880,1.791000,1,1920,1080,"scripted-0",0.000000,0.000000,0.000200,0.000300,0.000100,0.019200,0.007800
819,13.685275,16.194000,0.308900,0.004200,15.808000,0.072600,9.402760,1.664800,1,1920,1080,"scripted-0",0.000000,0.000000,0.000100,0.000400,0.000100,0.020100,0.006200
820,13.701469,17.164400,0.350300,0.006500,16.746500,0.060700,9.451440,1.741400,1,1920,1080,"scripted-0",0.000000,0.000000,0.000100,0.000300,0.000200,0.019400,0.008900
821,13.718633,16.144300,0.330700,0.005000,15.723300,0.084800,9.554800,1.818920,1,1920,1080,"scripted-0",0.000000,0.000000,0.000200,0.000100,0.000200,0.018800,0.006300
822,13.734778,17.107800,0.531200,0.006500,16.454100,0.115600,9.566720,1.758400,1,1920,1080,"scripted-0",0.000000,0.000000,0.000300,0.000200,0.000200,0.019400,0.009900
823,13.751886,16.590200,0.446000,0.008700,16.033500,0.101400,9.482520,1.706240,1,1920,1080,"scripted-0",0.000000,0.000000,0.000900,0.000600,0.000200,0.036600,0.011800
824,13.768476,16.572100,0.565300,0.007900,15.850300,0.148200,9.524040,1.748840,1,1920,1080,"scripted-0",0.000000,0.000000,0.000700,0.001000,0.000500,0.025500,0.014300
825,13.785049,17.264000,0.701900,0.008000,16.431000,0.121900,9.334800,1.639320,1,1920,1080,"scripted-0",0.000000,0.000000,0.000400,0.000100,0.000500,0.037900,0.015300
826,13.802312,16.853600,0.698200,0.009700,15.996300,0.149000,9.499960,1.746680,1,1920,1080,"scripted-0",0.000000,0.000000,0.000200,0.000200,0.000200,0.021800,0.006600
827,13.819166,16.054900,0.770200,0.008400,15.114200,0.160900,9.404720,1.664080,1,1920,1080,"scripted-0",0.000000,0.000000,0.000400,0.000300,0.000300,0.043500,0.012800
828,13.835221,16.441100,0.469000,0.007700,15.899000,0.064300,9.491920,1.758080,1,1920,1080,"scripted-0",0.000000,0.000000,0.000300,0.001100,0.000200,0.037000,0.011800
829,13.851661,16.844800,0.598500,0.007600,16.168100,0.070200,9.425080,1.679840,1,1920,1080,"scripted-0",0.000000,0.000000,0.000300,0.000300,0.000100,0.020200,0.005800
830,13.868506,16.813200,0.811800,0.007800,15.834600,0.158600,9.429800,1.741760,1,1920,1080,"scripted-0",0.000000,0.000000,0.000300,0.000200,0.000100,0.019500,0.009800
831,13.885320,16.712400,0.410200,0.006900,16.226300,0.067900,9.520920,1.662920,1,1920,1080,"scripted-0",0.000000,0.000000,0.000600,0.000500,0.000200,0.038700,0.011300
832,13.902032,16.428700,0.648000,0.010000,15.705500,0.064600,9.497920,1.745800,1,1920,1080,"scripted-0",0.000000,0.000000,0.000100,0.000400,0.000200,0.019700,0.006500
833,13.918461,17.200200,0.733700,0.007700,15.890800,0.567400,9.357240,1.662840,1,1920,1080,"scripted-0",0.000000,0.000000,0.000200,0.000100,0.000200,0.019900,0.005800
834,13.935661,16.145400,0.497900,0.011700,15.559700,0.075000,9.482120,1.757960,1,1920,1080,"scripted-0",0.000000,0.000000,0.000500,0.000900,0.000400,0.044300,0.019300
835,13.951806,16.849600,0.668500,0.008200,16.096900,0.075300,9.389360,1.673560,1,1920,1080,"scripted-0",0.000000,0.000000,0.000200,0.000400,0.000200,0.020000,0.007700
836,13.968656,16.014000,0.349800,0.005700,15.577100,0.081000,9.488400,1.774240,1,1920,1080,"scripted-0",0.000000,0.000000,0.000100,0.000400,0.000100,0.019500,0.007200
837,13.984670,17.176400,0.380800,0.006700,16.722400,0.066100,9.352200,1.663840,1,1920,1080,"scripted-0",0.000000,0.000000,0.000300,0.000200,0.000100,0.024000,0.007400
838,14.001847,16.711800,0.693400,0.006300,15.863300,0.147800,9.450520,1.756680,1,1920,1080,"scripted-0",0.000000,0.000000,0.000100,0.000400,0.000200,0.032400,0.008100
839,14.018558,16.960800,0.643500,0.006900,16.177700,0.132200,9.366280,1.639920,1,1920,1080,"scripted-0",0.000000,0.000000,0.000400,0.000700,0.000300,0.041800,0.015200
840,14.035519,16.360400,0.622500,0.009300,15.655500,0.072400,9.492240,1.740560,1,1920,1080,"scripted-0",0.000000,0.000000,0.000400,0.000900,0.000200,0.038400,0.014500
841,14.051879,16.626400,0.659400,0.007000,15.799000,0.160600,9.346240,1.657880,1,1920,1080,"scripted-0",0.000000,0.000000,0.000200,0.000500,0.000100,0.021800,0.006800
842,14.068506,16.488600,0.582300,0.009800,15.825500,0.069900,9.489160,1.763760,1,1920,1080,"scripted-0",0.000000,0.000000,0.000700,0.000600,0.000300,0.042500,0.016600
843,14.084994,17.138000,0.403200,0.013600,16.651000,0.069800,9.368280,1.663600,1,1920,1080,"scripted-0",0.000000,0.000000,0.000100,0.000700,0.000200,0.019200,0.006600
844,14.102132,16.601600,0.727400,0.008200,15.668100,0.197500,9.486440,1.767040,1,1920,1080,"scripted-0",0.000000,0.000000,0.000200,0.000400,0.000200,0.018800,0.006100
845,14.118735,16.393300,0.609900,0.007100,15.691700,0.083300,9.424120,1.669800,1,1920,1080,"scripted-0",0.000000,0.000000,0.000800,0.001100,0.000200,0.044100,0.012200
846,14.135127,16.782300,0.740700,0.008000,15.864100,0.169100,9.519800,1.796960,1,1920,1080,"scripted-0",0.000000,0.000000,0.000300,0.000300,0.000200,0.020800,0.009500
847,14.151910,16.786100,0.676700,0.007500,15.983900,0.116800,9.590320,1.772320,1,1920,1080,"scripted-0",0.000000,0.000000,0.000800,0.001400,0.000500,0.072800,0.019300
848,14.168696,16.487900,0.556100,0.009000,15.854200,0.068000,9.518520,1.769720,1,1920,1080,"scripted-0",0.000000,0.000000,0.000300,0.000200,0.000200,0.026400,0.010500
849,14.185183,17.283300,0.545500,0.010200,16.446600,0.280600,9.383600,1.667000,1,1920,1080,"scripted-0",0.000000,0.000000,0.000200,0.000400,0.000200,0.019600,0.007600
850,14.202467,15.725000,0.438400,0.010200,15.211600,0.064200,9.526600,1.749680,1,1920,1080,"scripted-0",0.000000,0.000000,0.000400,0.000300,0.000600,0.032800,0.011500
851,14.218192,16.416100,0.335600,0.005300,16.013400,0.061300,9.576840,1.877760,1,1920,1080,"scripted-0",0.000000,0.000000,0.000200,0.000100,0.000100,0.020000,0.006000
852,14.234608,16.858400,0.368100,0.008300,16.206700,0.274900,9.602880,1.796600,1,1920,1080,"scripted-0",0.000000,0.000000,0.000300,0.000100,0.000200,0.022100,0.006900
853,14.251466,16.397000,0.513500,0.011800,15.803300,0.067600,9.408240,1.701720,1,1920,1080,"scripted-0",0.000000,0.000000,0.001300,0.001200,0.000400,0.048200,0.023900
854,14.267863,17.428400,0.631300,0.009000,16.718000,0.069700,9.439960,1.752680,1,1920,1080,"scripted-0",0.000000,0.000000,0.000200,0.000400,0.000100,0.020400,0.006800
855,14.285292,15.952600,0.462600,0.005900,15.410800,0.072800,9.372640,1.651480,1,1920,1080,"scripted-0",0.000000,0.000000,0.000200,0.000100,0.000100,0.020200,0.007200
856,14.301244,17.122700,0.587500,0.006400,16.455500,0.072900,9.457160,1.745240,1,1920,1080,"scripted-0",0.000000,0.000000,0.000200,0.000500,0.000200,0.019000,0.006400
857,14.318367,16.798300,0.643200,0.006800,16.000400,0.147500,9.397760,1.670560,1,1920,1080,"scripted-0",0.000000,0.000000,0.000200,0.000100,0.000300,0.022000,0.006500
858,14.335165,16.743000,0.363100,0.006800,16.310500,0.062100,9.496960,1.748560,1,1920,1080,"scripted-0",0.000000,0.000000,0.000400,0.000400,0.000200,0.024300,0.012000
859,14.351908,16.588300,0.733400,0.008700,15.751700,0.094000,9.343240,1.669920,1,1920,1080,"scripted-0",0.000000,0.000000,0.000200,0.000400,0.000100,0.020200,0.005900
860,14.368497,16.008700,0.437200,0.005800,15.501900,0.062900,9.478320,1.762000,1,1920,1080,"scripted-0",0.000000,0.000000,0.000300,0.000200,0.000700,0.033500,0.006300
861,14.384505,17.515900,0.344600,0.006100,17.100500,0.064200,9.405720,1.661960,1,1920,1080,"scripted-0",0.000000,0.000000,0.000300,0.000200,0.000300,0.019600,0.005600
862,14.402021,16.451300,0.723400,0.007200,15.607900,0.112400,9.489680,1.766480,1,1920,1080,"scripted-0",0.000000,0.000000,0.000100,0.000500,0.000100,0.019700,0.006400
863,14.418473,16.762600,0.724500,0.007700,15.868800,0.161000,9.434520,1.667360,1,1920,1080,"scripted-0",0.000000,0.000000,0.000400,0.000400,0.000300,0.053900,0.021600
864,14.435236,16.635200,0.415800,0.009400,16.143000,0.065900,9.671240,1.747320,1,1920,1080,"scripted-0",0.000000,0.000000,0.000500,0.000900,0.000200,0.046500,0.017600
865,14.451870,17.479200,0.609700,0.009800,16.378000,0.481300,9.514240,1.726120,1,1920,1080,"scripted-0",0.000000,0.000000,0.000300,0.000300,0.000100,0.019800,0.005900
866,14.469350,16.462900,0.816800,0.015300,14.782700,0.846900,9.512440,1.762280,1,1920,1080,"scripted-0",0.000000,0.000000,0.000600,0.001600,0.000500,0.056800,0.020700
867,14.485812,16.258500,0.703300,0.016800,15.411100,0.126600,9.348480,1.669240,1,1920,1080,"scripted-0",0.000000,0.000000,0.000200,0.000500,0.000700,0.045800,0.022000
868,14.502071,15.721600,0.349900,0.006500,15.303500,0.061200,9.453320,1.753440,1,1920,1080,"scripted-0",0.000000,0.000000,0.000400,0.000200,0.000200,0.034900,0.012800
869,14.517792,17.049200,0.486800,0.006400,16.492500,0.063100,9.357960,1.666920,1,1920,1080,"scripted-0",0.000000,0.000000,0.000200,0.000400,0.000200,0.019800,0.005900
870,14.534842,16.992200,0.456400,0.008600,16.427800,0.098900,9.460080,1.735800,1,1920,1080,"scripted-0",0.000000,0.000000,0.000100,0.000500,0.000200,0.019000,0.006000
871,14.551834,16.126500,0.440800,0.006100,15.600000,0.079200,9.334880,1.644160,1,1920,1080,"scripted-0",0.000000,0.000000,0.000300,0.000500,0.000100,0.023500,0.006600
872,14.567960,17.358800,0.572400,0.008400,16.659800,0.117800,9.469160,1.746400,1,1920,1080,"scripted-0",0.000000,0.000000,0.000200,0.000400,0.000200,0.020500,0.009600
873,14.585319,16.592000,0.668200,0.008700,15.845700,0.068900,9.393480,1.647760,1,1920,1080,"scripted-0",0.000000,0.000000,0.000400,0.000600,0.000400,0.041200,0.013600
874,14.601911,16.560400,0.715600,0.007400,15.684100,0.152500,9.473360,1.755600,1,1920,1080,"scripted-0",0.000000,0.000000,0.000300,0.000300,0.000100,0.019600,0.006300
875,14.618472,16.509300,0.550900,0.008500,15.850500,0.098300,9.366440,1.676160,1,1920,1080,"scripted-0",0.000000,0.000000,0.000500,0.000400,0.000300,0.040900,0.015800
876,14.634981,16.876300,0.561500,0.008100,16.237400,0.068600,9.537000,1.764920,1,1920,1080,"scripted-0",0.000000,0.000000,0.000400,0.000400,0.000100,0.038400,0.011500
877,14.651857,16.313700,0.518400,0.006600,15.718700,0.069600,9.366040,1.671720,1,1920,1080,"scripted-0",0.000000,0.000000,0.000200,0.000300,0.000100,0.019300,0.006200
878,14.668171,16.903500,0.668400,0.008600,16.145000,0.081100,9.461200,1.744920,1,1920,1080,"scripted-0",0.000000,0.000000,0.000200,0.000300,0.000200,0.020300,0.007200
879,14.685075,16.881600,0.777300,0.008400,15.949800,0.145300,9.334520,1.657240,1,1920,1080,"scripted-0",0.000000,0.000000,0.000300,0.000300,0.000500,0.035900,0.008400
880,14.701956,16.674300,0.405300,0.010100,15.967900,0.290200,9.470240,1.750720,1,1920,1080,"scripted-0",0.000000,0.000000,0.000100,0.000600,0.000100,0.034600,0.010600
881,14.718631,16.703000,0.569800,0.016400,16.047200,0.068500,9.379320,1.659760,1,1920,1080,"scripted-0",0.000000,0.000000,0.000900,0.000300,0.000700,0.042800,0.020400
882,14.735333,16.273900,0.525200,0.004600,15.589900,0.153700,9.486960,1.757200,1,1920,1080,"scripted-0",0.000000,0.000000,0.000300,0.000200,0.000200,0.019600,0.006300
883,14.751608,16.557400,0.412800,0.007600,16.056000,0.080100,9.414880,1.669440,1,1920,1080,"scripted-0",0.000000,0.000000,0.000700,0.000500,0.000300,0.046800,0.015700
884,14.768165,16.726900,0.610500,0.006800,15.994500,0.114500,9.439960,1.757720,1,1920,1080,"scripted-0",0.000000,0.000000,0.000200,0.000400,0.000200,0.021600,0.007300
885,14.784891,17.285400,0.660100,0.008600,16.545300,0.070900,9.457960,1.671280,1,1920,1080,"scripted-0",0.000000,0.000000,0.000400,0.000100,0.000200,0.027800,0.009900
886,14.802177,16.507000,0.407800,0.012000,16.023300,0.063400,9.511400,1.759120,1,1920,1080,"scripted-0",0.000000,0.000000,0.000200,0.000400,0.000100,0.018700,0.006300
887,14.818684,16.358500,0.701700,0.007200,15.493600,0.155400,9.351160,1.657360,1,1920,1080,"scripted-0",0.000000,0.000000,0.000300,0.000200,0.000200,0.019300,0.006100
888,14.835043,16.510500,0.633300,0.010000,15.796500,0.069900,9.417520,1.724840,1,1920,1080,"scripted-0",0.000000,0.000000,0.000500,0.000300,0.000200,0.040700,0.015600
889,14.851553,16.833300,0.720200,0.007400,16.020600,0.084600,9.374400,1.669400,1,1920,1080,"scripted-0",0.000000,0.000000,0.000300,0.000100,0.000100,0.019500,0.009700
890,14.868386,16.963900,0.703100,0.007900,16.097600,0.154500,9.463680,1.751560,1,1920,1080,"scripted-0",0.000000,0.000000,0.000200,0.000200,0.000200,0.038000,0.011100
891,14.885350,16.748100,0.685400,0.008300,15.896100,0.157500,9.379720,1.659880,1,1920,1080,"scripted-0",0.000000,0.000000,0.000300,0.000100,0.000100,0.020700,0.006800
892,14.902098,16.653000,0.572300,0.011900,16.004600,0.063400,9.498200,1.757920,1,1920,1080,"scripted-0",0.000000,0.000000,0.000400,0.000900,0.000200,0.044600,0.015300
893,14.918751,16.734600,0.638400,0.007800,16.015300,0.072700,9.520160,1.675400,1,1920,1080,"scripted-0",0.000000,0.000000,0.000300,0.000300,0.000200,0.018600,0.006300
894,14.935486,16.100100,0.593300,0.007800,15.421300,0.077300,9.544960,1.759640,1,1920,1080,"scripted-0",0.000000,0.000000,0.000200,0.000400,0.000200,0.018700,0.006100
895,14.951586,17.128000,0.680200,0.009000,16.347100,0.091300,9.594160,1.715040,1,1920,1080,"scripted-0",0.000000,0.000000,0.000200,0.000300,0.000200,0.019400,0.007200
896,14.968714,16.463600,0.596800,0.012700,15.727300,0.126300,9.464840,1.739040,1,1920,1080,"scripted-0",0.000000,0.000000,0.000200,0.000100,0.000100,0.021200,0.008800
897,14.985177,16.495200,0.687900,0.007900,15.717300,0.081600,9.350960,1.656000,1,1920,1080,"scripted-0",0.000000,0.000000,0.000200,0.000500,0.000200,0.036600,0.014000
898,15.001673,17.437600,0.574100,0.011400,16.715900,0.135700,9.455280,1.740520,1,1920,1080,"scripted-0",0.000000,0.000000,0.000300,0.000500,0.000100,0.019800,0.008600
899,15.019111,15.781400,0.593900,0.008600,15.101700,0.076300,9.385760,1.670400,1,1920,1080,"scripted-0",0.000000,0.000000,0.000600,0.000400,0.000400,0.034700,0.013300
900,15.034891,17.158100,0.448200,0.011500,16.632300,0.065800,9.470760,1.757600,1,1920,1080,"scripted-0",0.000000,0.000000,0.000200,0.000300,0.000300,0.019000,0.007100
901,15.052050,16.446700,0.662400,0.008000,15.612700,0.163200,9.381160,1.660400,1,1920,1080,"scripted-0",0.000000,0.000000,0.000300,0.000300,0.000200,0.018700,0.006200
902,15.068497,16.526300,0.661900,0.011000,15.782000,0.069900,9.412040,1.720640,1,1920,1080,"scripted-0",0.000000,0.000000,0.000700,0.000500,0.000200,0.045500,0.016600
903,15.085023,17.079900,0.494700,0.010000,16.511400,0.063400,9.363080,1.662760,1,1920,1080,"scripted-0",0.000000,0.000000,0.000300,0.000200,0.000100,0.022300,0.008000
904,15.102103,16.189800,0.578200,0.007300,15.362100,0.241800,9.494920,1.746600,1,1920,1080,"scripted-0",0.000000,0.000000,0.000200,0.000200,0.000200,0.019900,0.006300
905,15.118293,16.733000,0.621000,0.009800,16.020700,0.080600,9.361840,1.663000,1,1920,1080,"scripted-0",0.000000,0.000000,0.000300,0.000600,0.000300,0.035600,0.014000
906,15.135026,16.886300,0.675600,0.008400,16.077900,0.123500,9.463160,1.760520,1,1920,1080,"scripted-0",0.000000,0.000000,0.000300,0.000300,0.000200,0.020900,0.006300
907,15.151912,16.201300,0.569200,0.007700,15.549600,0.074400,9.403280,1.668440,1,1920,1080,"scripted-0",0.000000,0.000000,0.000300,0.000100,0.000200,0.019500,0.006100
908,15.168113,16.935000,0.725100,0.007400,16.116400,0.085700,9.514200,1.780120,1,1920,1080,"scripted-0",0.000000,0.000000,0.000300,0.000300,0.000200,0.019800,0.006400
909,15.185048,17.144600,0.708600,0.009800,16.360400,0.065200,9.444160,1.692160,1,1920,1080,"scripted-0",0.000000,0.000000,0.000400,0.000300,0.000400,0.036100,0.016600
910,15.202193,16.098200,0.338700,0.006800,15.665700,0.086600,9.495400,1.748640,1,1920,1080,"scripted-0",0.000000,0.000000,0.000200,0.000200,0.000100,0.020100,0.005900
911,15.218291,15.992600,0.303100,0.004700,15.621500,0.062800,9.334120,1.654480,1,1920,1080,"scripted-0",0.000000,0.000000,0.000200,0.000600,0.000200,0.021700,0.007100
912,15.234283,17.078100,0.326900,0.006400,16.674600,0.069800,9.460240,1.739520,1,1920,1080,"scripted-0",0.000000,0.000000,0.000200,0.000300,0.000100,0.019000,0.005700
913,15.251361,16.272700,0.333900,0.004800,15.848300,0.085200,9.327400,1.650320,1,1920,1080,"scripted-0",0.000000,0.000000,0.000300,0.000400,0.000100,0.020600,0.006700
914,15.267634,17.444400,0.615600,0.008900,16.685300,0.134200,9.504800,1.779760,1,1920,1080,"scripted-0",0.000000,0.000000,0.000300,0.000200,0.000200,0.020300,0.007400
915,15.285079,16.967400,0.673900,0.015400,16.158100,0.119300,9.406200,1.685440,1,1920,1080,"scripted-0",0.000000,0.000000,0.001000,0.001500,0.000300,0.070800,0.018800
916,15.302046,16.055300,0.554400,0.005900,15.371800,0.122700,9.504680,1.767600,1,1920,1080,"scripted-0",0.000000,0.000000,0.000400,0.000500,0.000400,0.027500,0.009200
917,15.318101,16.394900,0.356100,0.006200,15.955200,0.077000,9.435880,1.675760,1,1920,1080,"scripted-0",0.000000,0.000000,0.000200,0.000200,0.000200,0.023800,0.008800
918,15.334496,16.854400,0.507000,0.005800,16.245800,0.095400,9.493080,1.758760,1,1920,1080,"scripted-0",0.000000,0.000000,0.000100,0.000400,0.000100,0.022200,0.007800
919,15.351351,16.756000,0.543700,0.006700,16.068700,0.136400,9.438440,1.676880,1,1920,1080,"scripted-0",0.000000,0.000000,0.000300,0.000200,0.000100,0.021600,0.008500
920,15.368107,16.452800,0.397600,0.007800,15.965400,0.081400,9.495680,1.751760,1,1920,1080,"scripted-0",0.000000,0.000000,0.000600,0.000200,0.000300,0.037300,0.012900
921,15.384559,16.532700,0.317000,0.004500,16.141400,0.069200,9.382080,1.702320,1,1920,1080,"scripted-0",0.000000,0.000000,0.000100,0.000300,0.000200,0.021000,0.007000
922,15.401092,17.207100,0.656100,0.007400,16.396400,0.146700,9.596640,1.805080,1,1920,1080,"scripted-0",0.000000,0.000000,0.000200,0.000500,0.000100,0.019900,0.007000
923,15.418299,16.485300,0.581400,0.007200,15.779400,0.116500,9.501880,1.695760,1,1920,1080,"scripted-0",0.000000,0.000000,0.000200,0.000300,0.000200,0.023500,0.006400
924,15.434785,17.363100,0.608000,0.007700,16.074000,0.672400,9.572240,1.781320,1,1920,1080,"scripted-0",0.000000,0.000000,0.000500,0.000200,0.000400,0.033000,0.014300
925,15.452148,16.184900,0.745600,0.014300,15.293700,0.130300,9.485880,1.710560,1,1920,1080,"scripted-0",0.000000,0.000000,0.000400,0.000500,0.000200,0.051000,0.019500
926,15.468333,16.321900,0.436700,0.008800,15.809500,0.066200,9.485920,1.754040,1,1920,1080,"scripted-0",0.000000,0.000000,0.000700,0.001100,0.000100,0.038700,0.009600
927,15.484654,16.470100,0.318300,0.004700,16.073700,0.072900,9.596960,1.859560,1,1920,1080,"scripted-0",0.000000,0.000000,0.000200,0.000200,0.000200,0.020200,0.006400
928,15.501124,17.614500,0.414100,0.006200,17.085700,0.108000,9.459440,1.760560,1,1920,1080,"scripted-0",0.000000,0.000000,0.000100,0.000500,0.000100,0.019600,0.006100
929,15.518739,15.991800,0.480900,0.005800,15.421800,0.082900,9.384120,1.652720,1,1920,1080,"scripted-0",0.000000,0.000000,0.000200,0.000500,0.000200,0.020700,0.007000
930,15.534731,16.668400,0.530100,0.006500,16.005300,0.126100,9.609840,1.762480,1,1920,1080,"scripted-0",0.000000,0.000000,0.000200,0.000400,0.000300,0.020300,0.008500
931,15.551399,17.015300,0.773300,0.008800,16.072900,0.159800,9.379520,1.681080,1,1920,1080,"scripted-0",0.000000,0.000000,0.000300,0.000300,0.000200,0.038200,0.014500
932,15.568415,16.461500,0.678400,0.009400,15.687700,0.085100,9.432680,1.725800,1,1920,1080,"scripted-0",0.000000,0.000000,0.000400,0.000300,0.000700,0.037700,0.016200
933,15.584876,16.904300,0.697400,0.010300,16.103100,0.093100,9.384000,1.664800,1,1920,1080,"scripted-0",0.000000,0.000000,0.000300,0.000300,0.000100,0.019900,0.006900
934,15.601780,16.309100,0.528800,0.009500,15.701600,0.068800,9.448800,1.757600,1,1920,1080,"scripted-0",0.000000,0.000000,0.000400,0.000200,0.000200,0.019300,0.006900
935,15.618089,16.767100,0.646900,0.007000,16.009800,0.103000,9.345680,1.656280,1,1920,1080,"scripted-0",0.000000,0.000000,0.000300,0.000200,0.000200,0.019000,0.007900
936,15.634856,16.813400,0.704100,0.009500,15.944900,0.154500,9.518240,1.742560,1,1920,1080,"scripted-0",0.000000,0.000000,0.000300,0.000400,0.000200,0.019300,0.006300
937,15.651670,16.507900,0.503400,0.010200,15.925700,0.067900,9.351320,1.657880,1,1920,1080,"scripted-0",0.000000,0.000000,0.000600,0.000600,0.000400,0.041800,0.014900
938,15.668178,17.680000,0.860400,0.009800,15.945600,0.863800,9.555720,1.751400,1,1920,1080,"scripted-0",0.000000,0.000000,0.000200,0.000400,0.000100,0.018700,0.005800
939,15.685859,15.587000,0.378400,0.008300,15.134800,0.064000,9.359680,1.663520,1,1920,1080,"scripted-0",0.000000,0.000000,0.000800,0.000700,0.000400,0.045700,0.020900
940,15.701445,18.288000,0.651600,0.006500,17.483700,0.145300,9.587660,1.879790,1,1920,1080,"scripted-0",0.000000,0.000000,0.000100,0.000500,0.000100,0.020200,0.006200
941,15.719733,14.911400,0.617200,0.010400,14.145000,0.138200,9.403280,1.660960,1,1920,1080,"scripted-0",0.000000,0.000000,0.000300,0.000500,0.000200,0.031700,0.012900
942,15.734644,16.992900,0.646100,0.008900,16.221900,0.115400,9.459160,1.756560,1,1920,1080,"scripted-0",0.000000,0.000000,0.000200,0.000900,0.000200,0.035400,0.012700
943,15.751638,16.674400,0.511600,0.008500,16.085100,0.067600,9.360640,1.654840,1,1920,1080,"scripted-0",0.000000,0.000000,0.000600,0.000600,0.000200,0.037900,0.013000
944,15.768311,16.778700,0.663800,0.008800,15.951000,0.154700,9.519640,1.757080,1,1920,1080,"scripted-0",0.000000,0.000000,0.000100,0.000500,0.000100,0.020200,0.006200
945,15.785090,16.317800,0.552000,0.007800,15.694900,0.062400,9.348000,1.657920,1,1920,1080,"scripted-0",0.000000,0.000000,0.000400,0.000500,0.000200,0.025600,0.008400
946,15.801408,16.849000,0.641300,0.007700,16.128500,0.071100,9.463160,1.758560,1,1920,1080,"scripted-0",0.000000,0.000000,0.000300,0.000200,0.000300,0.023400,0.006600
947,15.818257,16.670300,0.523700,0.007700,16.023500,0.115000,9.400960,1.660600,1,1920,1080,"scripted-0",0.000000,0.000000,0.000100,0.000400,0.000100,0.019400,0.006200
948,15.834927,16.587900,0.633100,0.008800,15.863300,0.082200,9.412680,1.730080,1,1920,1080,"scripted-0",0.000000,0.000000,0.000500,0.001200,0.000200,0.033800,0.011100
949,15.851515,16.998500,0.587200,0.010600,16.333400,0.066800,9.393960,1.685440,1,1920,1080,"scripted-0",0.000000,0.000000,0.000300,0.000200,0.000100,0.019900,0.008000
950,15.868514,15.933500,0.441900,0.006500,15.408000,0.076700,9.467200,1.754680,1,1920,1080,"scripted-0",0.000000,0.000000,0.000200,0.000200,0.000100,0.020400,0.006400
951,15.884447,17.153200,0.561900,0.009200,16.516800,0.064800,9.400520,1.679920,1,1920,1080,"scripted-0",0.000000,0.000000,0.000200,0.000200,0.000200,0.020700,0.006600
952,15.901600,16.582600,0.423900,0.006600,16.068800,0.082900,9.538280,1.798920,1,1920,1080,"scripted-0",0.000000,0.000000,0.000200,0.000300,0.000300,0.021900,0.006600
953,15.918184,17.050000,0.550500,0.006800,16.373800,0.117700,9.390520,1.691960,1,1920,1080,"scripted-0",0.000000,0.000000,0.000500,0.000400,0.000400,0.034400,0.008700
954,15.935233,16.747000,0.582500,0.009900,16.028700,0.125300,9.520360,1.759800,1,1920,1080,"scripted-0",0.000000,0.000000,0.000300,0.000500,0.000200,0.024100,0.011900
955,15.951981,16.374700,0.768200,0.008600,15.432600,0.164000,9.397520,1.719280,1,1920,1080,"scripted-0",0.000000,0.000000,0.000600,0.000300,0.000100,0.034900,0.012800
956,15.968356,16.719200,0.471100,0.007900,16.176300,0.062400,9.467040,1.767160,1,1920,1080,"scripted-0",0.000000,0.000000,0.000500,0.000900,0.000400,0.077300,0.019100
957,15.985074,16.555100,0.637000,0.007800,15.834700,0.075200,9.425440,1.678520,1,1920,1080,"scripted-0",0.000000,0.000000,0.000200,0.000300,0.000200,0.019000,0.006400
958,16.001629,16.574200,0.539900,0.009400,15.907100,0.117400,9.453480,1.750400,1,1920,1080,"scripted-0",0.000000,0.000000,0.000200,0.000400,0.000200,0.019900,0.008500
959,16.018203,16.159500,0.381000,0.006900,15.695400,0.075700,9.346840,1.656400,1,1920,1080,"scripted-0",0.000000,0.000000,0.000600,0.000600,0.000300,0.041000,0.013400
960,16.034363,17.095500,0.577100,0.006500,16.367700,0.143800,9.539880,1.803120,1,1920,1080,"scripted-0",0.000000,0.000000,0.000100,0.000400,0.000100,0.019700,0.006700
961,16.051458,16.872300,0.804200,0.009200,15.903700,0.154600,9.372680,1.667240,1,1920,1080,"scripted-0",0.000000,0.000000,0.000500,0.000900,0.000200,0.062300,0.025400
962,16.068331,16.821400,0.651500,0.010500,16.038500,0.120100,9.477160,1.738160,1,1920,1080,"scripted-0",0.000000,0.000000,0.000400,0.000900,0.000200,0.038400,0.015400
963,16.085152,16.025300,0.346500,0.005200,15.606400,0.066700,9.601600,1.900480,1,1920,1080,"scripted-0",0.000000,0.000000,0.000700,0.000300,0.000200,0.039500,0.013700
964,16.101177,16.921700,0.321800,0.009800,16.522200,0.067500,9.528560,1.762800,1,1920,1080,"scripted-0",0.000000,0.000000,0.000200,0.000100,0.000100,0.018900,0.006500
965,16.118099,16.822400,0.721100,0.007600,16.003900,0.089400,9.451240,1.664080,1,1920,1080,"scripted-0",0.000000,0.000000,0.000200,0.000300,0.000100,0.020800,0.006500
966,16.134921,16.873300,0.704200,0.007500,16.013200,0.147800,9.492400,1.737920,1,1920,1080,"scripted-0",0.000000,0.000000,0.000300,0.000100,0.000100,0.039300,0.010600
967,16.151795,16.225700,0.367800,0.008300,15.760900,0.088200,9.422160,1.677040,1,1920,1080,"scripted-0",0.000000,0.000000,0.000200,0.000300,0.000200,0.020000,0.006800
968,16.168020,16.753800,0.552200,0.008300,16.082600,0.110200,9.599400,1.765920,1,1920,1080,"scripted-0",0.000000,0.000000,0.000300,0.000400,0.000200,0.023300,0.007300
969,16.184774,16.115500,0.314700,0.004300,15.726000,0.069900,9.343200,1.659800,1,1920,1080,"scripted-0",0.000000,0.000000,0.000400,0.000200,0.000100,0.020100,0.008100
970,16.200890,17.705000,0.353100,0.006800,17.280200,0.064300,9.488840,1.754160,1,1920,1080,"scripted-0",0.000000,0.000000,0.000500,0.000200,0.000200,0.034500,0.014000
971,16.218594,16.285300,0.631500,0.007600,15.517200,0.128600,9.435880,1.714120,1,1920,1080,"scripted-0",0.000000,0.000000,0.000200,0.000200,0.000200,0.018900,0.008600
972,16.234880,17.185900,0.769200,0.007800,16.257100,0.151100,9.478800,1.758600,1,1920,1080,"scripted-0",0.000000,0.000000,0.000600,0.000400,0.000300,0.073500,0.014100
973,16.252066,16.188400,0.497600,0.007600,15.617500,0.065200,9.426880,1.664800,1,1920,1080,"scripted-0",0.000000,0.000000,0.000200,0.000400,0.000100,0.020300,0.006800
974,16.268254,16.818600,0.826300,0.007800,15.814700,0.169400,9.486320,1.780280,1,1920,1080,"scripted-0",0.000000,0.000000,0.000200,0.000400,0.000100,0.019200,0.006700
975,16.285075,17.025900,0.732200,0.008100,16.214800,0.067900,9.328160,1.644520,1,1920,1080,"scripted-0",0.000000,0.000000,0.000600,0.000100,0.000200,0.062700,0.009200
976,16.302099,16.745800,0.624800,0.011700,15.992400,0.116200,9.553640,1.766400,1,1920,1080,"scripted-0",0.000000,0.000000,0.000200,0.000500,0.000100,0.018800,0.006300
977,16.318845,15.622900,0.470700,0.010000,15.070700,0.070900,9.383160,1.664880,1,1920,1080,"scripted-0",0.000000,0.000000,0.000400,0.000900,0.000300,0.036400,0.014600
978,16.334467,16.956500,0.350500,0.006800,16.522200,0.076500,9.481880,1.752760,1,1920,1080,"scripted-0",0.000000,0.000000,0.000200,0.000200,0.000100,0.022900,0.006600
979,16.351424,16.801500,0.708700,0.006300,15.899400,0.186500,9.451280,1.737680,1,1920,1080,"scripted-0",0.000000,0.000000,0.000400,0.000400,0.000300,0.025000,0.007300
980,16.368226,17.136500,0.806100,0.011100,16.216200,0.101700,9.559320,1.783200,1,1920,1080,"scripted-0",0.000000,0.000000,0.001600,0.001500,0.000800,0.066000,0.015300
981,16.385362,15.882500,0.607800,0.013000,15.187800,0.073500,9.351040,1.665320,1,1920,1080,"scripted-0",0.000000,0.000000,0.000300,0.000600,0.000200,0.046500,0.018700
982,16.401244,17.160100,0.672200,0.007900,16.350500,0.129100,9.434600,1.746320,1,1920,1080,"scripted-0",0.000000,0.000000,0.000400,0.000200,0.000200,0.020800,0.011300
983,16.418405,17.278500,0.360100,0.007400,16.843400,0.067100,9.381760,1.644800,1,1920,1080,"scripted-0",0.000000,0.000000,0.000200,0.000300,0.000500,0.020300,0.006300
984,16.435683,15.891600,0.639500,0.011600,15.155100,0.084900,9.448960,1.733240,1,1920,1080,"scripted-0",0.000000,0.000000,0.000200,0.000500,0.000100,0.019500,0.008700
985,16.451575,17.130700,0.553300,0.009500,16.501700,0.065700,9.346840,1.663960,1,1920,1080,"scripted-0",0.000000,0.000000,0.000400,0.000300,0.000100,0.020700,0.010300
986,16.468705,15.853300,0.519200,0.007200,15.226400,0.100100,9.490160,1.753360,1,1920,1080,"scripted-0",0.000000,0.000000,0.000200,0.000200,0.000100,0.019100,0.006500
987,16.484559,16.409000,0.336600,0.012200,15.990500,0.069200,9.559230,1.882600,1,1920,1080,"scripted-0",0.000000,0.000000,0.000100,0.000300,0.000300,0.033400,0.009300
988,16.500968,17.419100,0.701500,0.007500,16.549700,0.160000,9.491840,1.768400,1,1920,1080,"scripted-0",0.000000,0.000000,0.000200,0.000500,0.000200,0.021600,0.006800
989,16.518387,17.045400,0.601500,0.007700,16.319900,0.115600,9.362680,1.660120,1,1920,1080,"scripted-0",0.000000,0.000000,0.000400,0.000700,0.000300,0.044300,0.016300
990,16.535432,16.109100,0.685500,0.006600,15.218100,0.198400,9.531800,1.813240,1,1920,1080,"scripted-0",0.000000,0.000000,0.000400,0.000300,0.000200,0.023300,0.008000
991,16.551543,16.989200,0.806400,0.009000,16.017300,0.154400,9.342840,1.655200,1,1920,1080,"scripted-0",0.000000,0.000000,0.000800,0.000800,0.000500,0.088800,0.021100
992,16.568531,16.379300,0.667300,0.008800,15.616800,0.085400,9.518920,1.778640,1,1920,1080,"scripted-0",0.000000,0.000000,0.000500,0.000200,0.000200,0.040200,0.011800
993,16.584910,16.244700,0.422300,0.005300,15.636400,0.180300,9.349000,1.655120,1,1920,1080,"scripted-0",0.000000,0.000000,0.000500,0.000300,0.000800,0.021900,0.008800
994,16.601155,16.858800,0.445800,0.009000,16.340700,0.062600,9.556320,1.776040,1,1920,1080,"scripted-0",0.000000,0.000000,0.000700,0.000500,0.000400,0.041400,0.015100
995,16.618014,16.878800,0.597200,0.009000,16.198600,0.073100,9.393160,1.664720,1,1920,1080,"scripted-0",0.000000,0.000000,0.000200,0.000300,0.000100,0.019100,0.005700
996,16.634892,16.975800,0.744900,0.009200,15.861100,0.360200,9.526480,1.751960,1,1920,1080,"scripted-0",0.000000,0.000000,0.000200,0.000500,0.000100,0.019200,0.006500
997,16.651868,16.367500,0.638100,0.010200,15.412300,0.306000,9.472680,1.670760,1,1920,1080,"scripted-0",0.000000,0.000000,0.000300,0.000200,0.000300,0.041000,0.015600
998,16.668235,16.707200,0.665100,0.013800,15.963700,0.064000,9.442600,1.747160,1,1920,1080,"scripted-0",0.000000,0.000000,0.000300,0.000400,0.000200,0.037100,0.012900
999,16.684942,17.291600,0.492700,0.005900,16.653400,0.139200,9.408000,1.651560,1,1920,1080,"scripted-0",0.000000,0.000000,0.000200,0.000500,0.000200,0.019800,0.006300
1000,16.702234,16.287300,0.727700,0.008900,15.399200,0.151000,9.494720,1.750000,1,1920,1080,"scripted-0",0.000000,0.000000,0.000300,0.000600,0.000200,0.026200,0.009900
1001,16.718522,16.749400,0.555600,0.011900,16.117000,0.064200,9.374520,1.649200,1,1920,1080,"scripted-0",0.000000,0.000000,0.000500,0.000400,0.000300,0.048000,0.016900
1002,16.735271,16.086500,0.393900,0.007500,15.614600,0.069900,9.502320,1.749360,1,1920,1080,"scripted-0",0.000000,0.000000,0.000200,0.000100,0.000100,0.018600,0.005800
1003,16.751357,17.124500,0.388600,0.008000,16.655300,0.072200,9.385480,1.654920,1,1920,1080,"scripted-0",0.000000,0.000000,0.000200,0.000100,0.000100,0.019700,0.006400
1004,16.768482,16.608800,0.627000,0.008000,15.899200,0.074200,9.526160,1.756760,1,1920,1080,"scripted-0",0.000000,0.000000,0.000200,0.000200,0.000200,0.019700,0.007200
1005,16.785090,16.264300,0.573000,0.007700,15.617000,0.066200,9.374560,1.663720,1,1920,1080,"scripted-0",0.000000,0.000000,0.000400,0.000100,0.000300,0.023200,0.006300
1006,16.801355,17.259100,0.348900,0.007800,16.838600,0.063400,9.477960,1.754080,1,1920,1080,"scripted-0",0.000000,0.000000,0.000200,0.000200,0.000100,0.020600,0.007300
1007,16.818614,16.304300,0.706600,0.008900,15.432800,0.155600,9.414680,1.655040,1,1920,1080,"scripted-0",0.000000,0.000000,0.000200,0.000300,0.000200,0.019800,0.005900
1008,16.834919,16.521700,0.637400,0.009400,15.808900,0.065300,9.452000,1.729640,1,1920,1080,"scripted-0",0.000000,0.000000,0.000700,0.000200,0.000200,0.041800,0.016100
1009,16.851440,17.200300,0.344000,0.006100,16.691600,0.158200,9.537520,1.705840,1,1920,1080,"scripted-0",0.000000,0.000000,0.000400,0.000100,0.000100,0.020500,0.008700
1010,16.868640,16.152500,0.490800,0.013700,15.487700,0.159800,9.616200,1.766840,1,1920,1080,"scripted-0",0.000000,0.000000,0.000700,0.000700,0.000300,0.045400,0.016200
1011,16.884793,16.503200,0.557000,0.010000,15.855800,0.079900,9.341040,1.650440,1,1920,1080,"scripted-0",0.000000,0.000000,0.000400,0.000900,0.000100,0.038400,0.015200
1012,16.901296,16.727800,0.316900,0.004400,16.341400,0.064700,9.493560,1.759080,1,1920,1080,"scripted-0",0.000000,0.000000,0.000300,0.000100,0.000200,0.022500,0.007800
1013,16.918024,16.919700,0.720700,0.007400,16.042200,0.148900,9.384680,1.672480,1,1920,1080,"scripted-0",0.000000,0.000000,0.000400,0.000500,0.000100,0.021800,0.007300
1014,16.934944,17.115000,0.668700,0.012000,16.318800,0.114800,9.466760,1.750600,1,1920,1080,"scripted-0",0.000000,0.000000,0.000800,0.000700,0.000200,0.043500,0.016300
1015,16.952058,16.180300,0.575500,0.007400,15.472400,0.124500,9.371040,1.654280,1,1920,1080,"scripted-0",0.000000,0.000000,0.000500,0.000700,0.000300,0.040400,0.012100
1016,16.968239,16.448700,0.575200,0.008800,15.788600,0.075600,9.460160,1.733840,1,1920,1080,"scripted-0",0.000000,0.000000,0.000200,0.000400,0.000200,0.024100,0.010900
1017,16.984687,16.936300,0.597300,0.007800,16.258300,0.072500,9.382880,1.644480,1,1920,1080,"scripted-0",0.000000,0.000000,0.000200,0.000300,0.000100,0.019800,0.008300
1018,17.001624,16.264600,0.320300,0.006300,15.870000,0.067600,9.508640,1.756720,1,1920,1080,"scripted-0",0.000000,0.000000,0.000200,0.000500,0.000200,0.019700,0.006200
1019,17.017888,16.852700,0.573800,0.008500,16.191500,0.078500,9.432440,1.676800,1,1920,1080,"scripted-0",0.000000,0.000000,0.000100,0.000400,0.000100,0.019900,0.006200
1020,17.034741,16.936300,0.654000,0.007600,16.198200,0.076100,9.536960,1.772680,1,1920,1080,"scripted-0",0.000000,0.000000,0.000300,0.000200,0.000100,0.021600,0.010200
1021,17.051678,16.846300,0.530500,0.007600,16.184900,0.122600,9.599520,1.697600,1,1920,1080,"scripted-0",0.000000,0.000000,0.000200,0.000100,0.000200,0.019900,0.006400
1022,17.068524,16.746900,0.589600,0.007800,15.733800,0.415200,9.465000,1.749160,1,1920,1080,"scripted-0",0.000000,0.000000,0.000300,0.000300,0.000200,0.024700,0.007300
1023,17.085271,17.199000,0.391700,0.009800,16.546200,0.250800,10.096640,2.384360,1,1920,1080,"scripted-0",0.000000,0.000000,0.000300,0.000300,0.000300,0.032800,0.012200
1024,17.102470,15.576500,0.611800,0.009800,14.836400,0.117800,9.463120,1.755240,1,1920,1080,"scripted-0",0.000000,0.000000,0.000700,0.000400,0.000100,0.038800,0.013900
1025,17.118046,16.808800,0.419900,0.007700,16.290900,0.089500,9.372440,1.665480,1,1920,1080,"scripted-0",0.000000,0.000000,0.000500,0.001300,0.001000,0.026900,0.012700
1026,17.134855,16.871300,0.678300,0.007800,16.025400,0.158800,9.475240,1.741680,1,1920,1080,"scripted-0",0.000000,0.000000,0.000300,0.000300,0.000300,0.018600,0.006000
1027,17.151727,16.153300,0.542100,0.006400,15.530200,0.073500,9.359680,1.657040,1,1920,1080,"scripted-0",0.000000,0.000000,0.000600,0.000600,0.000500,0.029600,0.012300
1028,17.167879,16.633400,0.661700,0.007900,15.776300,0.187100,9.463920,1.764520,1,1920,1080,"scripted-0",0.000000,0.000000,0.000200,0.000200,0.000100,0.019400,0.006400
1029,17.184513,17.272300,0.771600,0.010500,16.329500,0.160000,9.362400,1.668680,1,1920,1080,"scripted-0",0.000000,0.000000,0.000400,0.000500,0.000200,0.044600,0.015000
1030,17.201785,16.332100,0.555700,0.007200,15.694800,0.073700,9.441840,1.748560,1,1920,1080,"scripted-0",0.000000,0.000000,0.000200,0.000100,0.000300,0.029800,0.010200
1031,17.218117,16.903900,0.653400,0.007200,16.171600,0.071200,9.364000,1.647280,1,1920,1080,"scripted-0",0.000000,0.000000,0.000200,0.000100,0.000100,0.022300,0.007000
1032,17.235021,16.822500,0.537500,0.006100,16.157300,0.121200,9.494360,1.751120,1,1920,1080,"scripted-0",0.000000,0.000000,0.000200,0.000400,0.000100,0.020500,0.007100
1033,17.251844,16.181600,0.682800,0.008800,15.394700,0.094700,9.349320,1.652240,1,1920,1080,"scripted-0",0.000000,0.000000,0.000900,0.000200,0.000100,0.027000,0.010700
1034,17.268025,16.846600,0.717600,0.006700,15.968900,0.152800,9.533520,1.763280,1,1920,1080,"scripted-0",0.000000,0.000000,0.000200,0.000400,0.000100,0.021600,0.009500
1035,17.284872,16.947100,0.726400,0.009700,16.052100,0.158000,9.439560,1.676000,1,1920,1080,"scripted-0",0.000000,0.000000,0.000500,0.000400,0.000300,0.036800,0.015300
1036,17.301819,17.049600,0.726000,0.010100,15.580500,0.732100,9.509760,1.761840,1,1920,1080,"scripted-0",0.000000,0.000000,0.000500,0.000600,0.000200,0.048300,0.016100
1037,17.318869,15.615700,0.529200,0.012400,15.004200,0.069000,9.362720,1.670720,1,1920,1080,"scripted-0",0.000000,0.000000,0.000800,0.000700,0.000400,0.036800,0.018500
1038,17.334484,16.319100,0.322700,0.004300,15.922500,0.069100,9.461960,1.751160,1,1920,1080,"scripted-0",0.000000,0.000000,0.000200,0.000500,0.000100,0.022300,0.006600
1039,17.350803,17.402500,0.479300,0.006100,16.848000,0.068700,9.366040,1.652280,1,1920,1080,"scripted-0",0.000000,0.000000,0.000200,0.000300,0.000200,0.019400,0.006100
1040,17.368206,16.456500,0.323600,0.007800,16.054900,0.069400,9.475160,1.737080,1,1920,1080,"scripted-0",0.000000,0.000000,0.000100,0.000400,0.000100,0.019200,0.009900
1041,17.384662,16.607800,0.489600,0.005700,16.045500,0.066700,9.359240,1.642200,1,1920,1080,"scripted-0",0.000000,0.000000,0.000100,0.000400,0.000200,0.019200,0.006400
1042,17.401270,16.875100,0.614200,0.007200,16.122800,0.130200,9.494360,1.782840,1,1920,1080,"scripted-0",0.000000,0.000000,0.000200,0.000300,0.000200,0.020200,0.006300
1043,17.418146,16.581600,0.496200,0.008300,16.008200,0.068200,9.387400,1.656680,1,1920,1080,"scripted-0",0.000000,0.000000,0.000500,0.000400,0.000600,0.068800,0.018000
1044,17.434727,16.700300,0.670400,0.006700,15.949000,0.073700,9.443920,1.745040,1,1920,1080,"scripted-0",0.000000,0.000000,0.000300,0.000200,0.000200,0.018900,0.006200
1045,17.451427,16.796400,0.733700,0.007600,15.878900,0.175800,9.445360,1.742440,1,1920,1080,"scripted-0",0.000000,0.000000,0.000300,0.000100,0.000100,0.020000,0.006800
1046,17.468224,16.787900,0.705300,0.009400,15.944900,0.127400,9.449040,1.752880,1,1920,1080,"scripted-0",0.000000,0.000000,0.000600,0.000300,0.000300,0.071000,0.022700
1047,17.485012,16.638300,0.787000,0.008700,15.752400,0.089400,9.349680,1.666920,1,1920,1080,"scripted-0",0.000000,0.000000,0.000600,0.000500,0.000200,0.041400,0.014000
1048,17.501650,17.406100,0.738800,0.010300,16.237100,0.419400,9.436680,1.740280,1,1920,1080,"scripted-0",0.000000,0.000000,0.000200,0.000300,0.000200,0.023300,0.007700
1049,17.519056,16.075500,0.384500,0.012100,15.422100,0.256000,9.384080,1.658200,1,1920,1080,"scripted-0",0.000000,0.000000,0.000600,0.000700,0.000400,0.035700,0.021000
1050,17.535132,16.082400,0.560400,0.008300,15.390600,0.122100,9.447800,1.762280,1,1920,1080,"scripted-0",0.000000,0.000000,0.000400,0.000300,0.000400,0.036100,0.008700
1051,17.551214,16.276500,0.365400,0.007100,15.832100,0.070900,9.379400,1.671920,1,1920,1080,"scripted-0",0.000000,0.000000,0.000700,0.000500,0.000300,0.042600,0.015100
1052,17.567490,17.269200,0.690800,0.007600,16.485900,0.084300,9.497520,1.749480,1,1920,1080,"scripted-0",0.000000,0.000000,0.000300,0.000400,0.000200,0.020400,0.006500
1053,17.584760,17.139700,0.626400,0.009800,16.437200,0.065600,9.399880,1.664160,1,1920,1080,"scripted-0",0.000000,0.000000,0.000300,0.000200,0.000400,0.029600,0.010400
1054,17.601899,15.956700,0.458700,0.007300,15.420800,0.069500,9.460840,1.738680,1,1920,1080,"scripted-0",0.000000,0.000000,0.000200,0.000200,0.000200,0.019300,0.006000
1055,17.617856,16.918900,0.709900,0.007400,16.096600,0.104400,9.378640,1.676960,1,1920,1080,"scripted-0",0.000000,0.000000,0.000200,0.000600,0.000100,0.019000,0.006400
1056,17.634775,16.782800,0.707600,0.007800,15.908100,0.158500,9.480960,1.750080,1,1920,1080,"scripted-0",0.000000,0.000000,0.000300,0.000300,0.000100,0.046800,0.008500
1057,17.651558,16.434100,0.579000,0.009800,15.766600,0.078000,9.408160,1.643640,1,1920,1080,"scripted-0",0.000000,0.000000,0.000400,0.000700,0.000300,0.045100,0.016400
1058,17.667992,16.753600,0.624900,0.009400,15.986600,0.132300,9.512080,1.778280,1,1920,1080,"scripted-0",0.000000,0.000000,0.000200,0.000400,0.000100,0.019100,0.007300
1059,17.684745,17.344200,0.785800,0.010400,16.477700,0.069600,9.536080,1.707520,1,1920,1080,"scripted-0",0.000000,0.000000,0.000500,0.000400,0.000400,0.038800,0.020200
1060,17.702089,15.903500,0.718400,0.006500,15.008100,0.170000,9.539560,1.800880,1,1920,1080,"scripted-0",0.000000,0.000000,0.000300,0.000200,0.000200,0.018800,0.006600
1061,17.717993,17.282100,0.736600,0.007800,16.188900,0.348000,9.367040,1.670000,1,1920,1080,"scripted-0",0.000000,0.000000,0.000400,0.000200,0.000200,0.037200,0.009300
1062,17.735276,16.469300,0.642300,0.009600,15.697800,0.118600,9.517720,1.755240,1,1920,1080,"scripted-0",0.000000,0.000000,0.000400,0.000300,0.000200,0.041600,0.016500
1063,17.751745,16.082600,0.358800,0.007300,15.644400,0.071500,9.345880,1.658840,1,1920,1080,"scripted-0",0.000000,0.000000,0.000400,0.000200,0.000200,0.036100,0.012900
1064,17.767827,16.706600,0.582700,0.005600,15.974400,0.143400,9.459240,1.725360,1,1920,1080,"scripted-0",0.000000,0.000000,0.000200,0.000200,0.000100,0.021400,0.007100
1065,17.784534,16.610200,0.536800,0.007400,15.980500,0.084900,9.396520,1.646920,1,1920,1080,"scripted-0",0.000000,0.000000,0.000300,0.000400,0.000200,0.024800,0.010900
1066,17.801144,16.953000,0.705200,0.007000,16.081700,0.158600,9.451640,1.753520,1,1920,1080,"scripted-0",0.000000,0.000000,0.000300,0.000200,0.000200,0.021200,0.006600
1067,17.818097,16.502000,0.603400,0.005200,15.738000,0.154600,9.427320,1.662600,1,1920,1080,"scripted-0",0.000000,0.000000,0.000500,0.000400,0.000200,0.088000,0.008000
1068,17.834599,16.727500,0.581300,0.009300,16.063500,0.072800,9.473600,1.755080,1,1920,1080,"scripted-0",0.000000,0.000000,0.000400,0.001000,0.000200,0.040100,0.015400
1069,17.851326,16.783100,0.628700,0.008400,16.000400,0.145100,9.432720,1.740520,1,1920,1080,"scripted-0",0.000000,0.000000,0.000500,0.000400,0.000100,0.019900,0.009600
1070,17.868110,16.718200,0.802200,0.008800,15.755100,0.151400,9.448800,1.744960,1,1920,1080,"scripted-0",0.000000,0.000000,0.001400,0.000300,0.000700,0.066200,0.013700
1071,17.884828,16.580600,0.660900,0.009600,15.825800,0.083400,9.361440,1.670120,1,1920,1080,"scripted-0",0.000000,0.000000,0.000600,0.000200,0.000200,0.041200,0.016800
1072,17.901408,16.865700,0.670300,0.008800,16.077700,0.108500,9.456840,1.741880,1,1920,1080,"scripted-0",0.000000,0.000000,0.000200,0.000200,0.000500,0.019000,0.008700
1073,17.918274,16.234000,0.490700,0.006800,15.660300,0.075700,9.354680,1.645720,1,1920,1080,"scripted-0",0.000000,0.000000,0.000200,0.000400,0.000200,0.020000,0.006200
1074,17.934508,17.256500,0.444800,0.009800,16.737900,0.063600,9.675960,1.766680,1,1920,1080,"scripted-0",0.000000,0.000000,0.000100,0.000300,0.000200,0.020800,0.008200
1075,17.951764,16.516300,0.834700,0.007600,15.492500,0.181100,9.632360,1.751280,1,1920,1080,"scripted-0",0.000000,0.000000,0.000300,0.000200,0.000100,0.018700,0.006000
1076,17.968282,16.776000,0.690100,0.012100,15.590100,0.482300,9.638360,1.775440,1,1920,1080,"scripted-0",0.000000,0.000000,0.001900,0.001500,0.000200,0.081000,0.018400
1077,17.985057,16.313600,0.593000,0.010700,15.579900,0.129200,9.352400,1.671320,1,1920,1080,"scripted-0",0.000000,0.000000,0.000600,0.000500,0.000300,0.040800,0.021800
1078,18.001370,16.307500,0.394400,0.006200,15.836400,0.070000,9.495240,1.753360,1,1920,1080,"scripted-0",0.000000,0.000000,0.000100,0.000500,0.000200,0.034800,0.008900
1079,18.017678,17.013000,0.499300,0.006500,16.430600,0.076000,9.387560,1.650920,1,1920,1080,"scripted-0",0.000000,0.000000,0.000200,0.000200,0.000100,0.019700,0.006300
1080,18.034691,17.229700,0.342400,0.009600,16.806100,0.071200,9.477040,1.727720,1,1920,1080,"scripted-0",0.000000,0.000000,0.000300,0.000300,0.000100,0.019300,0.010000
1081,18.051921,15.728200,0.545600,0.006600,15.041600,0.133900,9.329360,1.646120,1,1920,1080,"scripted-0",0.000000,0.000000,0.000200,0.000300,0.000200,0.020700,0.006300
1082,18.067649,17.386100,0.437300,0.011500,16.872300,0.064500,9.452560,1.745240,1,1920,1080,"scripted-0",0.000000,0.000000,0.000300,0.000400,0.000200,0.031800,0.014400
1083,18.085035,16.635400,0.627600,0.007400,15.926500,0.073500,9.390280,1.657840,1,1920,1080,"scripted-0",0.000000,0.000000,0.000300,0.000500,0.000200,0.020000,0.006100
1084,18.101670,16.406600,0.586500,0.005900,15.650200,0.163700,9.495000,1.737800,1,1920,1080,"scripted-0",0.000000,0.000000,0.000200,0.000400,0.000100,0.020600,0.006900
1085,18.118077,17.123900,0.381000,0.008700,16.666900,0.066200,9.360400,1.666880,1,1920,1080,"scripted-0",0.000000,0.000000,0.000700,0.000400,0.000200,0.041800,0.016600
1086,18.135201,16.091100,0.666800,0.007400,15.254500,0.161900,9.470400,1.744960,1,1920,1080,"scripted-0",0.000000,0.000000,0.000300,0.000600,0.000100,0.026200,0.006600
1087,18.151293,17.037400,0.376600,0.008100,16.587900,0.063300,9.557400,1.819760,1,1920,1080,"scripted-0",0.000000,0.000000,0.000500,0.000400,0.000200,0.043400,0.016700
1088,18.168329,16.250300,0.542100,0.009300,15.577800,0.120400,9.483560,1.748400,1,1920,1080,"scripted-0",0.000000,0.000000,0.000400,0.000200,0.000200,0.019100,0.006100
1089,18.184580,17.015200,0.738000,0.008700,16.115000,0.153000,9.427200,1.681400,1,1920,1080,"scripted-0",0.000000,0.000000,0.000600,0.000500,0.000500,0.030500,0.012500
1090,18.201595,16.307100,0.644100,0.010200,15.588500,0.063600,9.583280,1.773480,1,1920,1080,"scripted-0",0.000000,0.000000,0.000500,0.000300,0.000200,0.041100,0.016700
1091,18.217902,17.337900,0.492800,0.014100,16.651600,0.179000,9.402880,1.667360,1,1920,1080,"scripted-0",0.000000,0.000000,0.000400,0.000200,0.000100,0.019500,0.006000
1092,18.235240,16.035700,0.603400,0.008000,15.238400,0.185000,9.490120,1.770240,1,1920,1080,"scripted-0",0.000000,0.000000,0.000800,0.000400,0.000500,0.031200,0.011200
1093,18.251275,16.738200,0.499000,0.008400,16.157300,0.073000,9.361960,1.664520,1,1920,1080,"scripted-0",0.000000,0.000000,0.000300,0.000800,0.000300,0.035100,0.012300
1094,18.268013,16.571000,0.541000,0.007300,15.900900,0.121400,9.464960,1.757680,1,1920,1080,"scripted-0",0.000000,0.000000,0.000200,0.000900,0.000100,0.025400,0.006300
1095,18.284585,17.037800,0.616000,0.008800,16.263400,0.148900,9.350160,1.661280,1,1920,1080,"scripted-0",0.000000,0.000000,0.000700,0.000500,0.000400,0.033000,0.013100
1096,18.301623,15.785800,0.348300,0.006200,15.339500,0.091200,9.465880,1.738840,1,1920,1080,"scripted-0",0.000000,0.000000,0.000200,0.000600,0.000300,0.027700,0.018200
1097,18.317408,16.886500,0.352300,0.008200,16.427700,0.097900,9.401440,1.659760,1,1920,1080,"scripted-0",0.000000,0.000000,0.000200,0.000400,0.000100,0.020300,0.007500
1098,18.334295,17.077300,0.452200,0.008900,16.553400,0.062200,9.453800,1.731720,1,1920,1080,"scripted-0",0.000000,0.000000,0.000200,0.000500,0.000100,0.020800,0.008800
1099,18.351372,16.552100,0.527000,0.007900,15.899500,0.117300,9.456200,1.732080,1,1920,1080,"scripted-0",0.000000,0.000000,0.000300,0.000300,0.000200,0.018500,0.005700
1100,18.367924,16.544000,0.515300,0.009100,15.955600,0.063500,9.483240,1.766560,1,1920,1080,"scripted-0",0.000000,0.000000,0.000400,0.000200,0.000200,0.027000,0.010200
1101,18.384468,17.011300,0.540400,0.007900,16.388700,0.073900,9.414800,1.666200,1,1920,1080,"scripted-0",0.000000,0.000000,0.000300,0.000100,0.000100,0.022800,0.006500
1102,18.401479,16.521100,0.587500,0.007600,15.777100,0.148500,9.592600,1.823640,1,1920,1080,"scripted-0",0.000000,0.000000,0.000100,0.000300,0.000100,0.018500,0.005900
1103,18.418002,16.863200,0.451900,0.008600,16.336500,0.063900,9.382360,1.653640,1,1920,1080,"scripted-0",0.000000,0.000000,0.000300,0.001500,0.001200,0.066800,0.029100
1104,18.434864,16.529500,0.539200,0.007800,15.916600,0.065500,9.477120,1.741400,1,1920,1080,"scripted-0",0.000000,0.000000,0.000200,0.000200,0.000100,0.019000,0.006000
1105,18.451393,17.003800,0.783100,0.007300,15.981500,0.231500,9.388720,1.686560,1,1920,1080,"scripted-0",0.000000,0.000000,0.000100,0.000300,0.000100,0.019800,0.006500
1106,18.468398,16.704600,1.023800,0.013600,15.093100,0.572900,9.482560,1.757680,1,1920,1080,"scripted-0",0.000000,0.000000,0.000600,0.000800,0.000200,0.040700,0.015600
1107,18.485103,15.685300,0.437700,0.008300,15.170600,0.067000,9.610280,1.911280,1,1920,1080,"scripted-0",0.000000,0.000000,0.000400,0.000400,0.000300,0.048500,0.021200
1108,18.500787,16.947700,0.535000,0.007400,16.274900,0.130000,9.459280,1.751800,1,1920,1080,"scripted-0",0.000000,0.000000,0.000200,0.000100,0.000100,0.019900,0.006000
1109,18.517735,17.402000,0.580200,0.007900,16.682400,0.130900,9.430680,1.676480,1,1920,1080,"scripted-0",0.000000,0.000000,0.000400,0.000700,0.000200,0.032900,0.013300
1110,18.535137,16.386700,0.860700,0.009000,15.420200,0.095800,9.448000,1.733920,1,1920,1080,"scripted-0",0.000000,0.000000,0.000200,0.000800,0.000300,0.036500,0.012600
1111,18.551523,16.991500,0.696900,0.007400,16.219200,0.067400,9.382960,1.642120,1,1920,1080,"scripted-0",0.000000,0.000000,0.000200,0.000300,0.000200,0.045100,0.006300
1112,18.568515,16.017700,0.531800,0.005900,15.399200,0.080200,9.482160,1.743880,1,1920,1080,"scripted-0",0.000000,0.000000,0.000200,0.000500,0.000100,0.020400,0.006600
1113,18.584532,16.993500,0.722700,0.007100,16.094000,0.169300,9.408360,1.701640,1,1920,1080,"scripted-0",0.000000,0.000000,0.000200,0.000400,0.000300,0.020700,0.008400
1114,18.601527,16.413000,0.674600,0.008000,15.645800,0.083500,9.432160,1.742720,1,1920,1080,"scripted-0",0.000000,0.000000,0.000800,0.001200,0.000700,0.068700,0.014600
1115,18.617939,17.083900,0.397700,0.014100,16.606700,0.065000,9.385760,1.667520,1,1920,1080,"scripted-0",0.000000,0.000000,0.000300,0.000400,0.000200,0.023000,0.011200
1116,18.635023,16.256400,0.652100,0.006500,15.437900,0.159600,9.500480,1.759920,1,1920,1080,"scripted-0",0.000000,0.000000,0.000100,0.000300,0.000200,0.018300,0.005900
1117,18.651280,17.040400,0.408400,0.008900,16.556600,0.065100,9.521280,1.671360,1,1920,1080,"scripted-0",0.000000,0.000000,0.000300,0.000700,0.000300,0.043700,0.016600
1118,18.668320,16.512200,0.591500,0.006900,15.529700,0.383700,9.580640,1.834000,1,1920,1080,"scripted-0",0.000000,0.000000,0.000200,0.000400,0.000200,0.019500,0.006500
1119,18.684832,16.645500,0.355600,0.007500,16.207500,0.074200,9.339200,1.657280,1,1920,1080,"scripted-0",0.000000,0.000000,0.000200,0.000400,0.000300,0.038200,0.012300
1120,18.701477,16.796200,0.353300,0.009200,16.363900,0.069400,9.453200,1.744680,1,1920,1080,"scripted-0",0.000000,0.000000,0.000300,0.000300,0.000200,0.019300,0.006400
1121,18.718274,15.783900,0.310600,0.005500,15.403700,0.063300,9.379840,1.650160,1,1920,1080,"scripted-0",0.000000,0.000000,0.000300,0.000100,0.000200,0.021200,0.008700
1122,18.734057,17.407800,0.552200,0.007500,16.723600,0.124100,9.464480,1.747480,1,1920,1080,"scripted-0",0.000000,0.000000,0.000200,0.000400,0.000200,0.019300,0.006100
1123,18.751466,16.431400,0.712200,0.009100,15.553600,0.155000,9.400840,1.668240,1,1920,1080,"scripted-0",0.000000,0.000000,0.000500,0.000100,0.000300,0.043700,0.015400
1124,18.767897,16.340900,0.465500,0.009000,15.772900,0.092900,9.461120,1.747960,1,1920,1080,"scripted-0",0.000000,0.000000,0.000600,0.000800,0.000400,0.035100,0.008100
1125,18.784237,17.414300,0.740700,0.010200,16.509300,0.153800,9.381320,1.670160,1,1920,1080,"scripted-0",0.000000,0.000000,0.000100,0.000500,0.000200,0.018600,0.008300
1126,18.801652,16.506000,0.666100,0.009700,15.752400,0.076900,9.430400,1.730440,1,1920,1080,"scripted-0",0.000000,0.000000,0.000500,0.000600,0.000500,0.039600,0.016200
1127,18.818158,16.704200,0.816400,0.007600,15.695900,0.183800,9.384600,1.671320,1,1920,1080,"scripted-0",0.000000,0.000000,0.000300,0.000100,0.000100,0.019000,0.006900
1128,18.834862,16.430100,0.634100,0.010400,15.713900,0.071000,9.447800,1.745600,1,1920,1080,"scripted-0",0.000000,0.000000,0.000400,0.000800,0.000500,0.044400,0.015300
1129,18.851292,16.918700,0.669400,0.008200,16.164400,0.076300,9.365880,1.645080,1,1920,1080,"scripted-0",0.000000,0.000000,0.000200,0.000200,0.000400,0.019400,0.006600
1130,18.868211,16.507100,0.726100,0.010800,15.619300,0.150500,9.456920,1.752160,1,1920,1080,"scripted-0",0.000000,0.000000,0.000100,0.000700,0.000300,0.020900,0.007300
1131,18.884718,17.165700,0.650300,0.011800,16.387200,0.115700,9.446480,1.708200,1,1920,1080,"scripted-0",0.000000,0.000000,0.000600,0.000500,0.000300,0.041800,0.014200
1132,18.901884,16.189300,0.734300,0.008500,15.253100,0.192800,9.493720,1.758840,1,1920,1080,"scripted-0",0.000000,0.000000,0.000600,0.000700,0.000200,0.034900,0.013300
1133,18.918073,16.401600,0.442000,0.012100,15.884200,0.062300,9.385680,1.670880,1,1920,1080,"scripted-0",0.000000,0.000000,0.000400,0.000800,0.000200,0.041900,0.019800
1134,18.934475,16.322400,0.308900,0.004500,15.940500,0.068000,9.655900,1.909750,1,1920,1080,"scripted-0",0.000000,0.000000,0.000200,0.000300,0.000200,0.020200,0.006100
1135,18.950797,17.466200,0.667700,0.008200,16.632500,0.157400,9.353680,1.673360,1,1920,1080,"scripted-0",0.000000,0.000000,0.000300,0.000200,0.000100,0.021700,0.006500
1136,18.968263,15.927500,0.559000,0.007000,15.236800,0.124100,9.485960,1.739640,1,1920,1080,"scripted-0",0.000000,0.000000,0.000300,0.000200,0.000100,0.027400,0.009800
1137,18.984191,16.945500,0.584400,0.007700,16.228500,0.124400,9.338760,1.651640,1,1920,1080,"scripted-0",0.000000,0.000000,0.000400,0.000200,0.000200,0.026400,0.015300
1138,19.001137,17.378100,0.711000,0.011100,16.574500,0.080400,9.451600,1.735040,1,1920,1080,"scripted-0",0.000000,0.000000,0.000400,0.000400,0.000200,0.038800,0.012400
1139,19.018514,16.517400,0.652500,0.008900,15.740800,0.114800,9.420120,1.675600,1,1920,1080,"scripted-0",0.000000,0.000000,0.000100,0.000500,0.000100,0.019200,0.006500
1140,19.035032,16.300500,0.734700,0.008700,15.406700,0.149800,9.482600,1.762600,1,1920,1080,"scripted-0",0.000000,0.000000,0.000400,0.001000,0.000800,0.034200,0.010300
1141,19.051333,16.261400,0.499600,0.008900,15.678900,0.072900,9.405320,1.676280,1,1920,1080,"scripted-0",0.000000,0.000000,0.000500,0.000500,0.000200,0.040300,0.014300
1142,19.067594,17.000600,0.705200,0.006400,16.125000,0.163500,9.519240,1.786520,1,1920,1080,"scripted-0",0.000000,0.000000,0.000200,0.000300,0.000100,0.023700,0.007000
1143,19.084595,15.963500,0.387500,0.005200,15.505800,0.064100,9.432560,1.665960,1,1920,1080,"scripted-0",0.000000,0.000000,0.000400,0.000400,0.000200,0.058700,0.026200
1144,19.100558,17.282100,0.604400,0.009300,16.585900,0.082100,9.466960,1.742480,1,1920,1080,"scripted-0",0.000000,0.000000,0.000300,0.000400,0.000100,0.022400,0.006000
1145,19.117840,16.813000,0.705700,0.007900,15.868900,0.230100,9.344960,1.664240,1,1920,1080,"scripted-0",0.000000,0.000000,0.000200,0.000400,0.000100,0.020500,0.008400
1146,19.134653,16.866500,0.454500,0.007000,16.140800,0.263500,9.664800,1.911880,1,1920,1080,"scripted-0",0.000000,0.000000,0.000500,0.001000,0.000100,0.037800,0.015200
1147,19.151520,16.172000,0.721500,0.010300,15.377900,0.061100,9.342480,1.668400,1,1920,1080,"scripted-0",0.000000,0.000000,0.000100,0.000700,0.000100,0.029100,0.016100
1148,19.167691,17.199800,0.470000,0.007600,16.652100,0.069600,9.484360,1.753240,1,1920,1080,"scripted-0",0.000000,0.000000,0.000100,0.000200,0.000400,0.020600,0.022600
1149,19.184891,16.343200,0.654300,0.006400,15.519500,0.162100,9.360600,1.662200,1,1920,1080,"scripted-0",0.000000,0.000000,0.000300,0.000100,0.000100,0.023700,0.007100
1150,19.201235,16.907500,0.583200,0.010400,16.248200,0.064600,9.486880,1.758680,1,1920,1080,"scripted-0",0.000000,0.000000,0.000400,0.000600,0.000300,0.043100,0.016100
1151,19.218142,16.543300,0.535600,0.006500,15.872900,0.127900,9.381960,1.655000,1,1920,1080,"scripted-0",0.000000,0.000000,0.000500,0.000300,0.000100,0.019100,0.005900
1152,19.234685,16.423400,0.577800,0.007500,15.761500,0.076000,9.467280,1.746840,1,1920,1080,"scripted-0",0.000000,0.000000,0.000300,0.000100,0.000100,0.019500,0.007800
1153,19.251109,17.044800,0.425400,0.007800,16.545900,0.065200,9.352320,1.664120,1,1920,1080,"scripted-0",0.000000,0.000000,0.000100,0.000400,0.000100,0.019700,0.007700
1154,19.268153,16.744100,0.675600,0.007700,15.883300,0.177000,9.455280,1.745920,1,1920,1080,"scripted-0",0.000000,0.000000,0.000100,0.000500,0.000100,0.019700,0.006200
1155,19.284898,16.327100,0.567500,0.007600,15.687900,0.063000,9.409760,1.672240,1,1920,1080,"scripted-0",0.000000,0.000000,0.000400,0.000900,0.000200,0.032100,0.011000
1156,19.301224,16.883400,0.622300,0.007800,16.180400,0.072500,9.449440,1.761480,1,1920,1080,"scripted-0",0.000000,0.000000,0.000200,0.000200,0.000300,0.020200,0.006100
1157,19.318108,16.461800,0.375700,0.008700,15.967700,0.109200,9.410920,1.678720,1,1920,1080,"scripted-0",0.000000,0.000000,0.000100,0.000400,0.000100,0.019400,0.006300
1158,19.334570,16.546500,0.600700,0.005300,15.875100,0.064900,9.455360,1.730040,1,1920,1080,"scripted-0",0.000000,0.000000,0.000200,0.000900,0.000300,0.022000,0.011300
1159,19.351116,16.548300,0.403900,0.005500,16.001300,0.137200,9.486880,1.677800,1,1920,1080,"scripted-0",0.000000,0.000000,0.000400,0.000400,0.000100,0.021300,0.006100
1160,19.367666,16.775100,0.410300,0.009400,15.977400,0.376500,9.512160,1.759920,1,1920,1080,"scripted-0",0.000000,0.000000,0.000500,0.000300,0.000400,0.038900,0.015500
1161,19.384440,16.506500,0.701600,0.008200,15.635500,0.160400,9.480360,1.792480,1,1920,1080,"scripted-0",0.000000,0.000000,0.000500,0.001000,0.000300,0.039800,0.019400
1162,19.400946,17.324800,0.511300,0.008400,16.735100,0.069200,9.497360,1.754120,1,1920,1080,"scripted-0",0.000000,0.000000,0.000700,0.000200,0.000300,0.039300,0.014900
1163,19.418271,17.110200,0.717900,0.010200,16.296400,0.085200,9.408920,1.681600,1,1920,1080,"scripted-0",0.000000,0.000000,0.000200,0.000200,0.000400,0.019900,0.008400
1164,19.435381,15.940300,0.750700,0.007600,15.084200,0.097400,9.469960,1.756280,1,1920,1080,"scripted-0",0.000000,0.000000,0.000300,0.000200,0.000400,0.021100,0.006200
1165,19.451322,16.217700,0.482600,0.008200,15.664100,0.062100,9.331840,1.656320,1,1920,1080,"scripted-0",0.000000,0.000000,0.000500,0.000300,0.000300,0.040800,0.010100
1166,19.467539,16.999900,0.552900,0.006100,16.360200,0.080300,9.455600,1.749840,1,1920,1080,"scripted-0",0.000000,0.000000,0.000300,0.000100,0.000100,0.019400,0.006100
1167,19.484539,16.906800,0.652400,0.008500,16.173800,0.071800,9.336240,1.653680,1,1920,1080,"scripted-0",0.000000,0.000000,0.000400,0.000300,0.000100,0.017100,0.006500
1168,19.501446,16.620800,0.707700,0.007200,15.750800,0.154600,9.497360,1.740160,1,1920,1080,"scripted-0",0.000000,0.000000,0.000200,0.000300,0.000100,0.019600,0.006600
1169,19.518067,16.169300,0.453200,0.008300,15.603900,0.103000,9.404320,1.669200,1,1920,1080,"scripted-0",0.000000,0.000000,0.000600,0.000600,0.000200,0.041700,0.015600
1170,19.534236,16.850000,0.665400,0.007500,16.015000,0.161600,9.495400,1.759200,1,1920,1080,"scripted-0",0.000000,0.000000,0.000300,0.000200,0.000200,0.022400,0.013400
1171,19.551086,16.508500,0.624000,0.008400,15.797700,0.077500,9.432440,1.676000,1,1920,1080,"scripted-0",0.000000,0.000000,0.000400,0.000500,0.000200,0.043200,0.016900
1172,19.567594,16.863400,0.665100,0.006900,16.037800,0.153100,9.545040,1.771760,1,1920,1080,"scripted-0",0.000000,0.000000,0.000200,0.000600,0.000100,0.023100,0.007400
1173,19.584458,16.588900,0.648700,0.006600,15.787400,0.145800,9.588400,1.705320,1,1920,1080,"scripted-0",0.000000,0.000000,0.000200,0.000400,0.000100,0.020300,0.007700
1174,19.601047,16.471000,0.562100,0.009300,15.828600,0.070100,9.783160,1.807320,1,1920,1080,"scripted-0",0.000000,0.000000,0.000600,0.000400,0.000500,0.039700,0.014100
1175,19.617518,16.937500,0.652200,0.006600,16.114600,0.163500,9.426400,1.680240,1,1920,1080,"scripted-0",0.000000,0.000000,0.000300,0.000200,0.000200,0.019700,0.006700
1176,19.634455,16.698400,0.623700,0.005000,15.844800,0.224300,9.591320,1.779800,1,1920,1080,"scripted-0",0.000000,0.000000,0.000600,0.000400,0.000300,0.043700,0.010900
1177,19.651154,16.262700,0.418400,0.010700,15.745500,0.087000,9.478920,1.684760,1,1920,1080,"scripted-0",0.000000,0.000000,0.000800,0.000700,0.000200,0.045200,0.022600
1178,19.667416,16.792200,0.599500,0.005000,16.022300,0.164800,9.499560,1.766800,1,1920,1080,"scripted-0",0.000000,0.000000,0.000100,0.000400,0.000100,0.024400,0.008100
1179,19.684209,16.473500,0.393000,0.007200,16.001100,0.071500,9.399640,1.677360,1,1920,1080,"scripted-0",0.000000,0.000000,0.000600,0.000300,0.000500,0.047000,0.018200
1180,19.700682,17.063000,0.666900,0.007600,16.289900,0.097800,9.551280,1.785840,1,1920,1080,"scripted-0",0.000000,0.000000,0.000400,0.000500,0.000100,0.020200,0.006500
1181,19.717745,16.648000,0.531600,0.007300,15.994100,0.114500,9.420000,1.672320,1,1920,1080,"scripted-0",0.000000,0.000000,0.000200,0.000300,0.000200,0.023600,0.006500
1182,19.734393,15.995600,0.352600,0.007300,15.560600,0.074600,9.456480,1.753560,1,1920,1080,"scripted-0",0.000000,0.000000,0.000600,0.000700,0.000200,0.024900,0.012100
1183,19.750388,17.458100,0.651600,0.008300,16.667700,0.130100,9.357880,1.668040,1,1920,1080,"scripted-0",0.000000,0.000000,0.000200,0.000400,0.000100,0.020000,0.007400
1184,19.767847,16.978200,0.769200,0.012000,15.999100,0.197300,9.460920,1.757560,1,1920,1080,"scripted-0",0.000000,0.000000,0.000300,0.000600,0.000100,0.024500,0.010200
1185,19.784825,16.234900,0.608300,0.010300,15.531800,0.083700,9.337480,1.645400,1,1920,1080,"scripted-0",0.000000,0.000000,0.000400,0.000500,0.000200,0.038800,0.013800
1186,19.801060,16.983700,0.717900,0.007600,16.171200,0.086600,9.433600,1.729640,1,1920,1080,"scripted-0",0.000000,0.000000,0.000200,0.000200,0.000100,0.021100,0.007200
1187,19.818044,17.139800,0.752800,0.009900,16.286100,0.089800,9.393160,1.668800,1,1920,1080,"scripted-0",0.000000,0.000000,0.000300,0.000400,0.000100,0.035600,0.012900
1188,19.835183,16.080200,0.496700,0.008200,15.505300,0.069600,9.497240,1.757520,1,1920,1080,"scripted-0",0.000000,0.000000,0.000200,0.000100,0.000100,0.021400,0.007000
1189,19.851264,16.737600,0.726100,0.007100,15.832100,0.171700,9.403680,1.712560,1,1920,1080,"scripted-0",0.000000,0.000000,0.000200,0.000200,0.000100,0.020100,0.006100
1190,19.868002,16.186500,0.519500,0.006700,15.589900,0.069400,9.453600,1.741320,1,1920,1080,"scripted-0",0.000000,0.000000,0.000700,0.000400,0.000800,0.068300,0.009400
1191,19.884188,17.031200,0.348000,0.005100,16.232800,0.444800,9.431040,1.730200,1,1920,1080,"scripted-0",0.000000,0.000000,0.000300,0.000200,0.000300,0.019200,0.007600
1192,19.901219,16.289800,0.448000,0.011800,15.757000,0.072400,9.444920,1.751800,1,1920,1080,"scripted-0",0.000000,0.000000,0.000600,0.000400,0.000200,0.041600,0.019800
1193,19.917509,16.475500,0.318400,0.004900,16.083600,0.068200,9.428560,1.697480,1,1920,1080,"scripted-0",0.000000,0.000000,0.000200,0.000300,0.000300,0.024400,0.007000
1194,19.933984,16.596300,0.321600,0.004900,16.166000,0.103400,9.452080,1.755200,1,1920,1080,"scripted-0",0.000000,0.000000,0.000100,0.000300,0.000200,0.020900,0.006500
1195,19.950580,17.691500,0.629400,0.007600,16.956300,0.097700,9.376400,1.677080,1,1920,1080,"scripted-0",0.000000,0.000000,0.000300,0.000300,0.000200,0.021000,0.008200
1196,19.968272,16.281500,0.622300,0.007600,15.574300,0.076800,9.442720,1.738920,1,1920,1080,"scripted-0",0.000000,0.000000,0.000300,0.000900,0.000300,0.033500,0.010500
1197,19.984553,17.074600,0.512900,0.010200,16.485900,0.065200,9.368160,1.679520,1,1920,1080,"scripted-0",0.000000,0.000000,0.000200,0.000400,0.000200,0.023000,0.007500
1198,20.001628,16.534500,0.664100,0.008200,15.703500,0.158200,9.500640,1.751360,1,1920,1080,"scripted-0",0.000000,0.000000,0.000200,0.000300,0.000200,0.019200,0.005900
1199,20.018163,16.366200,0.771800,0.009100,15.477100,0.107500,9.375720,1.678120,1,1920,1080,"scripted-0",0.000000,0.000000,0.000500,0.000700,0.000300,0.047200,0.016700
1200,20.034529,16.939600,0.733700,0.007900,16.125200,0.071800,9.462000,1.740280,1,1920,1080,"scripted-0",0.000000,0.000000,0.000500,0.000800,0.000300,0.048300,0.009500
1201,20.051468,16.092000,0.614100,0.006400,15.398800,0.072300,9.329560,1.639560,1,1920,1080,"scripted-0",0.000000,0.000000,0.000100,0.000400,0.000100,0.020700,0.006300
1202,20.067560,17.106300,0.674400,0.008200,16.334500,0.088800,9.438800,1.732200,1,1920,1080,"scripted-0",0.000000,0.000000,0.000300,0.000600,0.000200,0.021800,0.007500
1203,20.084667,16.912100,0.690300,0.010300,16.137700,0.073400,9.394320,1.669080,1,1920,1080,"scripted-0",0.000000,0.000000,0.000300,0.000800,0.000100,0.021000,0.006600
1204,20.101579,16.772600,0.547100,0.008000,16.101200,0.115900,9.513480,1.771320,1,1920,1080,"scripted-0",0.000000,0.000000,0.000300,0.000100,0.000200,0.020900,0.006400
1205,20.118351,16.107200,0.646700,0.008800,15.334500,0.116700,9.404120,1.673400,1,1920,1080,"scripted-0",0.000000,0.000000,0.000400,0.000400,0.000400,0.035400,0.013000
1206,20.134459,16.064700,0.366100,0.007200,15.617800,0.072100,9.463160,1.730600,1,1920,1080,"scripted-0",0.000000,0.000000,0.000600,0.000500,0.000300,0.032400,0.013500
1207,20.150523,17.512800,0.341200,0.006100,17.065900,0.099200,9.570880,1.693920,1,1920,1080,"scripted-0",0.000000,0.000000,0.000100,0.000400,0.000100,0.021600,0.006700
1208,20.168036,16.204700,0.322800,0.006300,15.781400,0.093700,9.647600,1.962400,1,1920,1080,"scripted-0",0.000000,0.000000,0.000300,0.000300,0.000100,0.020500,0.008200
1209,20.184241,16.844700,0.391200,0.005000,16.299600,0.148500,9.373400,1.641240,1,1920,1080,"scripted-0",0.000000,0.000000,0.000400,0.000300,0.000100,0.020500,0.007300
1210,20.201086,16.597800,0.705000,0.008700,15.775500,0.107500,9.446200,1.745440,1,1920,1080,"scripted-0",0.000000,0.000000,0.000500,0.000500,0.000300,0.043800,0.013500
1211,20.217683,16.704500,0.668500,0.008600,15.866400,0.160600,9.467440,1.669120,1,1920,1080,"scripted-0",0.000000,0.000000,0.000200,0.000100,0.000200,0.019400,0.006700
1212,20.234388,16.668700,0.600800,0.009100,15.990600,0.067400,9.481520,1.764680,1,1920,1080,"scripted-0",0.000000,0.000000,0.000600,0.000500,0.000200,0.040500,0.015800
1213,20.251056,17.017300,0.617400,0.008600,16.324400,0.066500,9.496720,1.699200,1,1920,1080,"scripted-0",0.000000,0.000000,0.000300,0.000300,0.000100,0.019600,0.006000
1214,20.268074,15.983100,0.406100,0.005900,15.430700,0.140000,9.463280,1.746440,1,1920,1080,"scripted-0",0.000000,0.000000,0.000200,0.000300,0.000100,0.019800,0.005900
1215,20.284057,17.017100,0.550100,0.008500,16.393900,0.064000,9.326800,1.649880,1,1920,1080,"scripted-0",0.000000,0.000000,0.000400,0.000400,0.000400,0.027200,0.013800
1216,20.301074,17.173100,0.528500,0.011900,16.568500,0.063800,9.449760,1.753120,1,1920,1080,"scripted-0",0.000000,0.000000,0.000300,0.000400,0.000100,0.019100,0.006300
1217,20.318247,16.162100,0.647700,0.007800,15.369000,0.137200,9.365960,1.669240,1,1920,1080,"scripted-0",0.000000,0.000000,0.000200,0.000400,0.000100,0.019900,0.006800
1218,20.334409,16.758100,0.655700,0.009100,16.010500,0.082300,9.460040,1.733880,1,1920,1080,"scripted-0",0.000000,0.000000,0.000300,0.000800,0.000200,0.037000,0.013800
1219,20.351167,16.771800,0.688100,0.007400,15.918400,0.157500,9.481200,1.664720,1,1920,1080,"scripted-0",0.000000,0.000000,0.000300,0.000200,0.000200,0.021500,0.010600
1220,20.367939,16.833800,0.636500,0.007500,15.691000,0.497900,9.446960,1.739520,1,1920,1080,"scripted-0",0.000000,0.000000,0.000500,0.000600,0.000300,0.037800,0.009300
1221,20.384773,16.584700,0.553100,0.011300,15.916000,0.103300,9.367480,1.657320,1,1920,1080,"scripted-0",0.000000,0.000000,0.000400,0.000500,0.000100,0.035200,0.013500
1222,20.401357,15.786100,0.338600,0.006800,15.366200,0.074100,9.506320,1.742400,1,1920,1080,"scripted-0",0.000000,0.000000,0.000100,0.000600,0.000100,0.022700,0.014200
1223,20.417144,17.800100,0.663900,0.007600,16.972600,0.155500,9.361280,1.654680,1,1920,1080,"scripted-0",0.000000,0.000000,0.000100,0.000600,0.000100,0.020900,0.006100
1224,20.434944,16.190200,0.589300,0.007700,15.497500,0.094900,9.498480,1.746680,1,1920,1080,"scripted-0",0.000000,0.000000,0.000300,0.001000,0.000300,0.044500,0.015900
1225,20.451134,16.364000,0.438900,0.007200,15.852100,0.065300,9.406120,1.653880,1,1920,1080,"scripted-0",0.000000,0.000000,0.000200,0.000600,0.000100,0.020300,0.012600
1226,20.467498,16.861200,0.455300,0.008500,16.332300,0.064600,9.447840,1.748600,1,1920,1080,"scripted-0",0.000000,0.000000,0.000200,0.000500,0.000100,0.020000,0.006300
1227,20.484359,16.714100,0.427400,0.007800,16.192500,0.085900,9.445880,1.720640,1,1920,1080,"scripted-0",0.000000,0.000000,0.000200,0.000500,0.000100,0.020600,0.005900
1228,20.501074,16.949000,0.706900,0.007800,16.073600,0.159500,9.485400,1.767920,1,1920,1080,"scripted-0",0.000000,0.000000,0.000500,0.000300,0.000300,0.038400,0.009100
1229,20.518023,16.429000,0.687900,0.009900,15.658900,0.071300,9.368560,1.661920,1,1920,1080,"scripted-0",0.000000,0.000000,0.000600,0.000300,0.000200,0.045400,0.015900
1230,20.534451,16.784800,0.732300,0.007600,15.878500,0.166000,9.488400,1.790440,1,1920,1080,"scripted-0",0.000000,0.000000,0.000200,0.000300,0.000100,0.018500,0.006700
1231,20.551236,16.892900,0.780200,0.008800,15.943500,0.159600,9.396440,1.660680,1,1920,1080,"scripted-0",0.000000,0.000000,0.000800,0.000900,0.000300,0.075300,0.018000
1232,20.568129,16.315000,0.735000,0.009700,15.441400,0.128200,9.603720,1.749560,1,1920,1080,"scripted-0",0.000000,0.000000,0.000400,0.001100,0.000400,0.046500,0.016300
1233,20.584444,16.542900,0.316100,0.004200,16.156500,0.065200,9.608040,1.912600,1,1920,1080,"scripted-0",0.000000,0.000000,0.000100,0.000500,0.000100,0.019900,0.006300
1234,20.600987,17.160100,0.338200,0.006200,16.743900,0.071400,9.466320,1.764640,1,1920,1080,"scripted-0",0.000000,0.000000,0.000400,0.000100,0.000100,0.020300,0.008400
1235,20.618147,15.727000,0.321200,0.004700,15.320500,0.079900,9.377040,1.663520,1,1920,1080,"scripted-0",0.000000,0.000000,0.000200,0.000600,0.000400,0.022100,0.007200
1236,20.633874,17.840000,0.630300,0.008100,17.129700,0.071500,9.499160,1.757200,1,1920,1080,"scripted-0",0.000000,0.000000,0.000200,0.000400,0.000200,0.019100,0.006400
1237,20.651714,15.826200,0.650300,0.005700,14.980700,0.189100,9.550040,1.808080,1,1920,1080,"scripted-0",0.000000,0.000000,0.000200,0.000400,0.000100,0.019500,0.006000
1238,20.667541,17.379500,0.608400,0.012200,16.690600,0.067300,9.471880,1.747360,1,1920,1080,"scripted-0",0.000000,0.000000,0.000500,0.000300,0.000300,0.040500,0.016400
1239,20.684919,16.040600,0.621800,0.007800,15.340700,0.069900,9.364880,1.647200,1,1920,1080,"scripted-0",0.000000,0.000000,0.000300,0.000300,0.000200,0.019100,0.006500
1240,20.700960,16.836600,0.707300,0.007300,16.040800,0.080700,9.478000,1.756880,1,1920,1080,"scripted-0",0.000000,0.000000,0.000200,0.000100,0.000100,0.020200,0.006700
1241,20.717797,16.966400,0.720500,0.007500,16.131200,0.106600,9.500280,1.673240,1,1920,1080,"scripted-0",0.000000,0.000000,0.001200,0.011600,0.000300,0.039200,0.011800
1242,20.734763,16.233100,0.591600,0.007700,15.557300,0.076100,9.501800,1.751080,1,1920,1080,"scripted-0",0.000000,0.000000,0.000100,0.000500,0.000200,0.020100,0.007200
1243,20.750996,16.946100,0.593500,0.009600,16.271000,0.071600,9.379360,1.658120,1,1920,1080,"scripted-0",0.000000,0.000000,0.000200,0.000100,0.000200,0.018700,0.006700
1244,20.767942,16.849000,0.689400,0.007900,15.991600,0.159600,9.446040,1.752240,1,1920,1080,"scripted-0",0.000000,0.000000,0.000300,0.000200,0.000200,0.019400,0.006200
1245,20.784792,16.340600,0.609000,0.007400,15.647500,0.075900,9.386800,1.665760,1,1920,1080,"scripted-0",0.000000,0.000000,0.000500,0.000100,0.000300,0.033700,0.011400
1246,20.801132,17.078400,0.519100,0.010000,16.483500,0.065200,9.540520,1.775480,1,1920,1080,"scripted-0",0.000000,0.000000,0.000300,0.000200,0.000100,0.019900,0.007800
1247,20.818210,16.747800,0.665000,0.007500,15.945300,0.129600,9.370320,1.651720,1,1920,1080,"scripted-0",0.000000,0.000000,0.000200,0.000100,0.000100,0.020300,0.006800
1248,20.834958,16.617900,0.572700,0.005900,15.282300,0.756600,9.506960,1.750880,1,1920,1080,"scripted-0",0.000000,0.000000,0.000300,0.000100,0.000400,0.020200,0.006300
1249,20.851577,16.383400,0.694000,0.014400,15.551800,0.122300,9.374640,1.648920,1,1920,1080,"scripted-0",0.000000,0.000000,0.000600,0.000400,0.000200,0.056700,0.025200
1250,20.867960,16.206400,0.563600,0.007800,15.397700,0.236800,9.574000,1.796080,1,1920,1080,"scripted-0",0.000000,0.000000,0.000300,0.000400,0.000200,0.019900,0.008900
1251,20.884168,16.420200,0.495000,0.013200,15.776500,0.133300,9.595480,1.899800,1,1920,1080,"scripted-0",0.000000,0.000000,0.000600,0.000200,0.000400,0.042100,0.021000
1252,20.900586,16.640300,0.410900,0.007500,16.068200,0.152800,9.563960,1.765400,1,1920,1080,"scripted-0",0.000000,0.000000,0.000600,0.000300,0.000100,0.025600,0.012200
1253,20.917227,16.935800,0.587600,0.008500,16.233900,0.104900,9.529800,1.681240,1,1920,1080,"scripted-0",0.000000,0.000000,0.000600,0.000800,0.000300,0.039200,0.014700
1254,20.934162,16.732800,0.543100,0.007100,16.056800,0.125300,9.611840,1.822880,1,1920,1080,"scripted-0",0.000000,0.000000,0.000200,0.000400,0.000200,0.024900,0.010400
1255,20.950895,16.803300,0.573900,0.008400,16.067200,0.153200,9.614440,1.679800,1,1920,1080,"scripted-0",0.000000,0.000000,0.000400,0.000200,0.000300,0.027000,0.011800
1256,20.967699,16.248800,0.417100,0.009200,15.705000,0.116700,10.065360,1.823720,1,1920,1080,"scripted-0",0.000000,0.000000,0.000800,0.000200,0.000300,0.039400,0.016200
1257,20.983947,16.625800,0.342800,0.005800,16.206000,0.070500,9.410800,1.663800,1,1920,1080,"scripted-0",0.000000,0.000000,0.000100,0.000400,0.000200,0.024600,0.010000
1258,21.000573,16.796100,0.520100,0.006100,16.173200,0.095800,9.768360,1.762560,1,1920,1080,"scripted-0",0.000000,0.000000,0.000200,0.000500,0.000100,0.019700,0.006600
1259,21.017369,16.549900,0.360900,0.007500,16.007100,0.174000,9.652880,1.847160,1,1920,1080,"scripted-0",0.000000,0.000000,0.000400,0.000700,0.000600,0.032000,0.011800
1260,21.033919,16.698600,0.414000,0.007300,16.155200,0.121700,10.660800,1.817920,1,1920,1080,"scripted-0",0.000000,0.000000,0.000200,0.000400,0.000200,0.020900,0.008300
1261,21.050618,16.540400,0.348700,0.006200,16.078800,0.106100,10.604600,1.718560,1,1920,1080,"scripted-0",0.000000,0.000000,0.000800,0.000400,0.000100,0.021900,0.010900
1262,21.067158,17.008300,0.567100,0.007400,16.285900,0.147500,9.839680,1.870640,1,1920,1080,"scripted-0",0.000000,0.000000,0.000200,0.000400,0.000100,0.022800,0.007800
1263,21.084166,16.756700,0.570000,0.009200,16.037100,0.139800,9.568400,1.682280,1,1920,1080,"scripted-0",0.000000,0.000000,0.000300,0.000100,0.000200,0.025700,0.012800
1264,21.100923,16.999000,0.905500,0.010000,15.862300,0.220600,9.552400,1.784120,1,1920,1080,"scripted-0",0.000000,0.000000,0.000400,0.000400,0.000100,0.028600,0.013500
1265,21.117923,16.830500,1.093800,0.010500,15.056000,0.668800,9.453000,1.691680,1,1920,1080,"scripted-0",0.000000,0.000000,0.000300,0.000800,0.000200,0.052200,0.021300
1266,21.134753,15.914400,0.555600,0.009700,15.247900,0.100300,9.502600,1.773920,1,1920,1080,"scripted-0",0.000000,0.000000,0.000700,0.000500,0.000500,0.045200,0.021800
1267,21.150667,16.414200,0.341800,0.005900,15.992500,0.073600,9.573200,1.823640,1,1920,1080,"scripted-0",0.000000,0.000000,0.000300,0.000400,0.000100,0.026800,0.008900
1268,21.167081,17.028200,0.536500,0.006700,16.349300,0.135300,9.461760,1.749560,1,1920,1080,"scripted-0",0.000000,0.000000,0.000200,0.000500,0.000100,0.023200,0.006400
1269,21.184109,16.586400,0.411600,0.007000,16.012000,0.155200,9.419080,1.686800,1,1920,1080,"scripted-0",0.000000,0.000000,0.000400,0.000200,0.000100,0.037900,0.016100
1270,21.200696,17.026400,0.691900,0.009400,16.172600,0.152000,9.644560,1.770640,1,1920,1080,"scripted-0",0.000000,0.000000,0.000400,0.000200,0.000100,0.030000,0.011700
1271,21.217722,16.048900,0.410600,0.007800,15.544300,0.085600,9.557960,1.705880,1,1920,1080,"scripted-0",0.000000,0.000000,0.000700,0.000600,0.000400,0.046900,0.016100
1272,21.233771,17.236400,0.780700,0.009000,16.309400,0.136800,9.489640,1.755680,1,1920,1080,"scripted-0",0.000000,0.000000,0.000900,0.000800,0.000500,0.103100,0.011700
1273,21.251007,16.659600,0.690200,0.008100,15.815600,0.145200,9.358280,1.663320,1,1920,1080,"scripted-0",0.000000,0.000000,0.000500,0.000600,0.000200,0.039800,0.016100
1274,21.267667,16.548600,0.588100,0.007600,15.836100,0.116100,9.445320,1.747840,1,1920,1080,"scripted-0",0.000000,0.000000,0.000200,0.000400,0.000200,0.023800,0.006400
1275,21.284216,16.612400,0.612600,0.008300,15.927000,0.063600,9.410040,1.669360,1,1920,1080,"scripted-0",0.000000,0.000000,0.000500,0.001000,0.000300,0.027100,0.015300
1276,21.300828,16.680900,0.565600,0.006300,15.939700,0.168800,9.893120,1.776680,1,1920,1080,"scripted-0",0.000000,0.000000,0.000200,0.001000,0.000100,0.021000,0.005800
1277,21.317509,16.400200,0.404900,0.008200,15.832300,0.154200,9.793920,1.740560,1,1920,1080,"scripted-0",0.000000,0.000000,0.000400,0.000300,0.000200,0.044300,0.022800
1278,21.333909,17.036200,0.699500,0.016300,16.229400,0.090300,9.691800,1.800280,1,1920,1080,"scripted-0",0.000000,0.000000,0.000400,0.001000,0.000200,0.041400,0.027500
1279,21.350945,16.316800,0.397100,0.006800,15.797300,0.114900,10.211920,1.746280,1,1920,1080,"scripted-0",0.000000,0.000000,0.000400,0.000200,0.000200,0.023600,0.007400
1280,21.367262,16.475900,0.369100,0.006900,16.002800,0.096600,9.630280,1.806080,1,1920,1080,"scripted-0",0.000000,0.000000,0.000400,0.000300,0.000300,0.026000,0.013100
1281,21.383738,16.987200,0.534200,0.007700,16.324700,0.120000,9.979560,1.781840,1,1920,1080,"scripted-0",0.000000,0.000000,0.000200,0.000400,0.000100,0.019900,0.007500
1282,21.400725,16.503100,0.388300,0.008600,16.002300,0.103400,10.434800,1.820080,1,1920,1080,"scripted-0",0.000000,0.000000,0.000200,0.000800,0.000200,0.024900,0.010300
1283,21.417228,16.736500,0.448700,0.006600,16.135200,0.145600,9.826800,1.770120,1,1920,1080,"scripted-0",0.000000,0.000000,0.000200,0.000600,0.000200,0.022500,0.007600
1284,21.433965,16.466400,0.374700,0.007500,15.968400,0.115100,9.769600,1.847360,1,1920,1080,"scripted-0",0.000000,0.000000,0.000400,0.000300,0.000200,0.026000,0.011300
1285,21.450431,16.841200,0.379700,0.009900,16.302100,0.148700,9.511560,1.705720,1,1920,1080,"scripted-0",0.000000,0.000000,0.000400,0.000800,0.000400,0.024700,0.010500
1286,21.467272,17.258800,0.548000,0.008900,16.084700,0.616500,10.043120,1.941760,1,1920,1080,"scripted-0",0.000000,0.000000,0.000500,0.000600,0.000200,0.039000,0.015000
1287,21.484531,15.876800,0.446200,0.014200,15.340700,0.074900,9.416120,1.686120,1,1920,1080,"scripted-0",0.000000,0.000000,0.000500,0.001100,0.000200,0.054400,0.025300
1288,21.500408,16.603800,0.320800,0.006000,16.201100,0.075200,9.756800,1.799040,1,1920,1080,"scripted-0",0.000000,0.000000,0.000200,0.000500,0.000200,0.020600,0.006000
1289,21.517012,16.741700,0.370400,0.004500,16.278000,0.088400,9.637280,1.872280,1,1920,1080,"scripted-0",0.000000,0.000000,0.000200,0.000200,0.000200,0.020500,0.007200
1290,21.533753,16.759900,0.347100,0.008300,16.331400,0.072600,9.513720,1.755040,1,1920,1080,"scripted-0",0.000000,0.000000,0.000200,0.000800,0.000100,0.024700,0.008000
1291,21.550513,16.625600,0.342200,0.004500,16.196800,0.081600,9.459200,1.706320,1,1920,1080,"scripted-0",0.000000,0.000000,0.000300,0.000300,0.000200,0.021900,0.007200
1292,21.567139,16.620400,0.337000,0.005000,16.183700,0.094200,9.519480,1.763440,1,1920,1080,"scripted-0",0.000000,0.000000,0.000300,0.000500,0.000200,0.026500,0.006900
1293,21.583759,16.554400,0.345500,0.006300,16.112700,0.089500,9.487240,1.673720,1,1920,1080,"scripted-0",0.000000,0.000000,0.000100,0.000500,0.000100,0.021700,0.008900
1294,21.600314,16.811600,0.349800,0.006300,16.367700,0.086900,9.699760,1.887720,1,1920,1080,"scripted-0",0.000000,0.000000,0.000300,0.000900,0.000200,0.028300,0.009600
1295,21.617125,16.731900,0.352800,0.006800,16.272300,0.099400,9.399760,1.677760,1,1920,1080,"scripted-0",0.000000,0.000000,0.000300,0.000500,0.000100,0.020100,0.007500
1296,21.633857,16.552600,0.318400,0.006100,16.163900,0.063800,9.476200,1.743320,1,1920,1080,"scripted-0",0.000000,0.000000,0.000200,0.000500,0.000200,0.021100,0.008600
1297,21.650410,16.982700,0.532100,0.006800,16.320300,0.123100,9.392880,1.666680,1,1920,1080,"scripted-0",0.000000,0.000000,0.000300,0.000200,0.000100,0.019100,0.006500
1298,21.667393,16.414100,0.381600,0.005900,15.934400,0.091500,9.559680,1.772960,1,1920,1080,"scripted-0",0.000000,0.000000,0.000200,0.000600,0.000200,0.026300,0.010800
1299,21.683806,16.941700,0.471800,0.008800,16.393100,0.067600,9.511520,1.673880,1,1920,1080,"scripted-0",0.000000,0.000000,0.000200,0.000100,0.000200,0.024000,0.008300
1300,21.700748,16.348900,0.337200,0.004400,15.930600,0.076300,9.778760,1.998200,1,1920,1080,"scripted-0",0.000000,0.000000,0.000300,0.000500,0.000200,0.022000,0.009500
1301,21.717097,16.729700,0.380400,0.005500,16.226800,0.116500,9.417680,1.680720,1,1920,1080,"scripted-0",0.000000,0.000000,0.000100,0.000700,0.000200,0.020200,0.009900
1302,21.733827,16.591300,0.364700,0.006500,16.137800,0.081700,9.583000,1.835840,1,1920,1080,"scripted-0",0.000000,0.000000,0.000300,0.000600,0.000200,0.027500,0.014600
1303,21.750418,16.679000,0.320800,0.006100,16.286200,0.065500,9.378880,1.674840,1,1920,1080,"scripted-0",0.000000,0.000000,0.000200,0.000100,0.000100,0.021600,0.007700
1304,21.767097,16.788000,0.368700,0.005600,16.287700,0.125500,9.637720,1.760680,1,1920,1080,"scripted-0",0.000000,0.000000,0.000300,0.000200,0.000100,0.020100,0.006500
1305,21.783885,16.523800,0.360400,0.006400,16.089000,0.067500,9.711720,1.826640,1,1920,1080,"scripted-0",0.000000,0.000000,0.000300,0.000200,0.000200,0.039400,0.013400
1306,21.800409,17.349200,0.670000,0.011800,16.528900,0.137700,9.501800,1.757680,1,1920,1080,"scripted-0",0.000000,0.000000,0.000100,0.000400,0.000200,0.019300,0.006400
1307,21.817759,16.832800,0.748400,0.009300,15.851100,0.223000,9.404720,1.681080,1,1920,1080,"scripted-0",0.000000,0.000000,0.000200,0.000300,0.000100,0.019400,0.006300
1308,21.834591,15.910700,0.418100,0.012000,15.386800,0.092800,9.879160,1.910520,1,1920,1080,"scripted-0",0.000000,0.000000,0.000900,0.001000,0.000200,0.045700,0.023200
1309,21.850502,16.690800,0.389100,0.006300,16.166400,0.128500,9.599600,1.760560,1,1920,1080,"scripted-0",0.000000,0.000000,0.000300,0.000200,0.000200,0.021300,0.008000
1310,21.867193,17.868800,0.390000,0.007900,17.395200,0.074900,9.498840,1.746440,1,1920,1080,"scripted-0",0.000000,0.000000,0.000700,0.000500,0.000300,0.038100,0.016300
1311,21.885061,16.021000,0.562000,0.005800,15.345500,0.107200,9.445360,1.676400,1,1920,1080,"scripted-0",0.000000,0.000000,0.000300,0.000100,0.000300,0.022700,0.007000
1312,21.901082,16.431500,0.572800,0.006900,15.725200,0.126200,9.460800,1.745960,1,1920,1080,"scripted-0",0.000000,0.000000,0.000200,0.000400,0.000100,0.032300,0.011600
1313,21.917514,16.579000,0.512500,0.007000,15.980400,0.078600,9.427280,1.641600,1,1920,1080,"scripted-0",0.000000,0.000000,0.000200,0.000600,0.000200,0.024600,0.011800
1314,21.934093,16.898000,0.576500,0.008000,16.166100,0.147000,9.628760,1.779240,1,1920,1080,"scripted-0",0.000000,0.000000,0.000200,0.000400,0.000100,0.020100,0.007000
1315,21.950991,16.581500,0.547900,0.007400,15.904600,0.121100,9.423400,1.671960,1,1920,1080,"scripted-0",0.000000,0.000000,0.000400,0.000100,0.000300,0.025100,0.011900
1316,21.967572,16.181300,0.549600,0.005700,15.500900,0.124500,10.021560,2.078880,1,1920,1080,"scripted-0",0.000000,0.000000,0.000300,0.000500,0.000200,0.024200,0.011200
1317,21.983754,17.471800,0.631500,0.010300,16.755200,0.074300,9.720840,1.874400,1,1920,1080,"scripted-0",0.000000,0.000000,0.000300,0.000500,0.000200,0.023900,0.010900
1318,22.001226,16.070400,0.494700,0.006500,15.492900,0.075700,9.466200,1.746200,1,1920,1080,"scripted-0",0.000000,0.000000,0.000600,0.000300,0.000700,0.022900,0.007200
1319,22.017296,16.828400,0.554000,0.007000,16.122200,0.144800,9.632000,1.698720,1,1920,1080,"scripted-0",0.000000,0.000000,0.000300,0.000100,0.000200,0.018900,0.006200
1320,22.034124,16.403100,0.452400,0.007000,15.817900,0.125200,9.497800,1.773480,1,1920,1080,"scripted-0",0.000000,0.000000,0.000300,0.000400,0.000100,0.025400,0.011500
1321,22.050528,16.873100,0.530300,0.009500,16.242200,0.090300,9.434960,1.667560,1,1920,1080,"scripted-0",0.000000,0.000000,0.001100,0.000400,0.000400,0.042500,0.016600
1322,22.067400,16.663500,0.546600,0.006400,15.926900,0.183200,9.581280,1.760400,1,1920,1080,"scripted-0",0.000000,0.000000,0.000300,0.000100,0.000300,0.020100,0.008400
1323,22.084064,16.448000,0.478600,0.007400,15.887900,0.073400,9.464760,1.692880,1,1920,1080,"scripted-0",0.000000,0.000000,0.000900,0.000700,0.000200,0.036800,0.018000
1324,22.100512,16.805500,0.527800,0.006000,16.188100,0.083200,9.452560,1.743000,1,1920,1080,"scripted-0",0.000000,0.000000,0.000100,0.000500,0.000100,0.022000,0.006700
1325,22.117317,16.446100,0.340400,0.004500,15.980800,0.119900,9.470760,1.738560,1,1920,1080,"scripted-0",0.000000,0.000000,0.000100,0.000400,0.000100,0.020700,0.007400
1326,22.133764,17.086200,0.392000,0.009200,16.585000,0.099000,9.623720,1.786080,1,1920,1080,"scripted-0",0.000000,0.000000,0.000500,0.000500,0.000500,0.037500,0.015100
1327,22.150850,16.093100,0.338200,0.004800,15.652800,0.096800,10.020720,2.051680,1,1920,1080,"scripted-0",0.000000,0.000000,0.000200,0.000200,0.000300,0.020800,0.006500
1328,22.166943,17.317900,0.587400,0.008000,16.492000,0.230100,9.649320,1.800480,1,1920,1080,"scripted-0",0.000000,0.000000,0.000100,0.000500,0.000200,0.027500,0.009600
1329,22.184261,16.259700,0.638800,0.009900,15.505000,0.105100,9.330280,1.634040,1,1920,1080,"scripted-0",0.000000,0.000000,0.000500,0.000700,0.000500,0.050300,0.029500
1330,22.200520,16.563100,0.349300,0.004800,16.106000,0.102600,9.786640,2.023400,1,1920,1080,"scripted-0",0.000000,0.000000,0.000300,0.000200,0.000200,0.020800,0.007300
1331,22.217084,17.128200,0.602500,0.007300,16.318900,0.198900,9.596960,1.694040,1,1920,1080,"scripted-0",0.000000,0.000000,0.000300,0.000600,0.000100,0.020800,0.010200
1332,22.234212,16.500300,0.626100,0.008300,15.727800,0.137200,9.780520,1.811600,1,1920,1080,"scripted-0",0.000000,0.000000,0.000400,0.000500,0.000200,0.042200,0.019200
1333,22.250712,16.572300,0.451000,0.007500,15.995100,0.118100,9.793440,1.846120,1,1920,1080,"scripted-0",0.000000,0.000000,0.001000,0.000900,0.000300,0.033700,0.013700
1334,22.267284,16.566900,0.464300,0.008100,16.018200,0.075800,9.803240,1.765640,1,1920,1080,"scripted-0",0.000000,0.000000,0.000500,0.000300,0.000100,0.024300,0.011100
1335,22.283851,16.898700,0.556400,0.007500,16.184500,0.149800,9.438600,1.645960,1,1920,1080,"scripted-0",0.000000,0.000000,0.000100,0.000800,0.000200,0.022400,0.007200
1336,22.300750,16.325100,0.405300,0.007500,15.784500,0.127200,9.620040,1.800960,1,1920,1080,"scripted-0",0.000000,0.000000,0.000200,0.000600,0.000200,0.026500,0.018600
1337,22.317075,17.022300,0.424100,0.009500,16.508900,0.079400,9.596480,1.663440,1,1920,1080,"scripted-0",0.000000,0.000000,0.000300,0.000600,0.000600,0.034100,0.018200
1338,22.334097,16.423200,0.522200,0.006500,15.730600,0.163400,10.115420,2.077140,1,1920,1080,"scripted-0",0.000000,0.000000,0.000200,0.000400,0.000200,0.021800,0.008100
1339,22.350520,17.125000,0.617700,0.010100,16.199300,0.297500,9.741680,1.696240,1,1920,1080,"scripted-0",0.000000,0.000000,0.000500,0.000300,0.000200,0.026200,0.013600
1340,22.367646,15.914600,0.389600,0.008500,15.429000,0.086900,9.847600,1.810840,1,1920,1080,"scripted-0",0.000000,0.000000,0.000400,0.000300,0.000800,0.037700,0.024400
1341,22.383560,16.791500,0.355400,0.006200,16.335500,0.093900,9.660400,1.729200,1,1920,1080,"scripted-0",0.000000,0.000000,0.000100,0.000500,0.000100,0.024900,0.009400
1342,22.400352,17.024500,0.441300,0.006200,16.046000,0.530500,9.550640,1.788640,1,1920,1080,"scripted-0",0.000000,0.000000,0.000200,0.000200,0.000400,0.024800,0.008900
1343,22.417377,16.405400,0.423000,0.009900,15.861200,0.109800,9.954830,1.907000,1,1920,1080,"scripted-0",0.000000,0.000000,0.001600,0.000800,0.000500,0.062400,0.028800
1344,22.433781,17.429900,0.598400,0.008700,16.410400,0.412000,9.514520,1.791760,1,1920,1080,"scripted-0",0.000000,0.000000,0.000600,0.001100,0.000400,0.038500,0.008900
1345,22.451212,16.301300,0.524300,0.013900,15.598300,0.163800,9.619880,1.708440,1,1920,1080,"scripted-0",0.000000,0.000000,0.000400,0.001100,0.000400,0.050700,0.019100
1346,22.467513,16.253100,0.444700,0.007400,15.693900,0.105800,9.575640,1.836760,1,1920,1080,"scripted-0",0.000000,0.000000,0.000300,0.000500,0.000100,0.025000,0.011800
1347,22.483766,16.622200,0.403100,0.006700,16.030200,0.181700,9.899680,1.774200,1,1920,1080,"scripted-0",0.000000,0.000000,0.000100,0.000400,0.000100,0.021900,0.008500
1348,22.500388,16.568700,0.349800,0.006700,16.129000,0.082800,9.686160,1.833000,1,1920,1080,"scripted-0",0.000000,0.000000,0.000300,0.000300,0.000200,0.030300,0.012000
1349,22.516957,16.716400,0.352500,0.005100,16.245600,0.112300,10.941640,1.962360,1,1920,1080,"scripted-0",0.000000,0.000000,0.000400,0.000200,0.000200,0.019700,0.007700
1350,22.533673,16.643600,0.342900,0.005900,16.216800,0.077500,9.863520,1.788600,1,1920,1080,"scripted-0",0.000000,0.000000,0.000300,0.000200,0.000200,0.025900,0.009300
1351,22.550317,16.869600,0.421800,0.007800,16.296500,0.143100,10.104920,1.707680,1,1920,1080,"scripted-0",0.000000,0.000000,0.000200,0.000400,0.000200,0.023000,0.009400
1352,22.567187,16.480200,0.367900,0.007100,16.011100,0.093200,9.879480,1.766800,1,1920,1080,"scripted-0",0.000000,0.000000,0.000400,0.000400,0.000200,0.025800,0.011800
1353,22.583667,16.995900,0.554400,0.006300,16.294700,0.139900,9.908800,1.701560,1,1920,1080,"scripted-0",0.000000,0.000000,0.000300,0.000200,0.000200,0.028100,0.008600
1354,22.600663,16.307100,0.386200,0.006900,15.819100,0.094100,10.324240,1.919960,1,1920,1080,"scripted-0",0.000000,0.000000,0.000300,0.000500,0.000200,0.041600,0.015000
1355,22.616970,16.784100,0.391000,0.006200,16.275600,0.110700,10.261640,1.678920,1,1920,1080,"scripted-0",0.000000,0.000000,0.000200,0.000300,0.000200,0.021500,0.008100
1356,22.633754,16.577500,0.342100,0.005400,16.133700,0.095300,10.770760,1.773960,1,1920,1080,"scripted-0",0.000000,0.000000,0.000300,0.000300,0.000100,0.023100,0.010200
1357,22.650331,16.908500,0.451000,0.007100,16.282600,0.167400,12.023680,1.925200,1,1920,1080,"scripted-0",0.000000,0.000000,0.000300,0.000400,0.000200,0.019700,0.007600
1358,22.667240,16.534400,0.492500,0.010300,15.849600,0.181400,10.030920,1.891880,1,1920,1080,"scripted-0",0.000000,0.000000,0.000500,0.000400,0.000100,0.029100,0.015300
1359,22.683774,16.882800,0.559500,0.009900,16.132600,0.179800,10.746080,1.864520,1,1920,1080,"scripted-0",0.000000,0.000000,0.001000,0.000300,0.000100,0.043200,0.022600
1360,22.700657,16.646600,0.511800,0.009900,15.942800,0.181400,11.376560,2.035960,1,1920,1080,"scripted-0",0.000000,0.000000,0.001100,0.000500,0.000200,0.031600,0.022800
1361,22.717303,16.796600,0.549600,0.009600,16.045600,0.191200,12.718800,1.806200,1,1920,1080,"scripted-0",0.000000,0.000000,0.000400,0.000500,0.000200,0.030700,0.015400
1362,22.734100,17.221200,0.520800,0.012600,16.539200,0.147900,11.490920,2.573400,1,1920,1080,"scripted-0",0.000000,0.000000,0.000800,0.001500,0.000700,0.045700,0.023900
1363,22.751321,16.934400,0.547400,0.012300,16.183700,0.190400,11.532200,1.801000,1,1920,1080,"scripted-0",0.000000,0.000000,0.001000,0.000300,0.000200,0.031600,0.029100
1364,22.768256,16.642000,0.523300,0.009600,15.045200,1.063400,10.714320,1.977080,1,1920,1080,"scripted-0",0.000000,0.000000,0.000400,0.000800,0.000600,0.034900,0.015300
1365,22.784898,15.728400,0.556800,0.013300,15.006200,0.151100,11.239190,1.788810,1,1920,1080,"scripted-0",0.000000,0.000000,0.001900,0.000900,0.000400,0.060600,0.033800
1366,22.800626,16.694600,0.499900,0.008700,16.015200,0.170000,11.119600,1.837480,1,1920,1080,"scripted-0",0.000000,0.000000,0.000900,0.000200,0.000300,0.029000,0.014400
1367,22.817321,16.566100,0.480500,0.010900,15.901200,0.172800,10.109280,1.740880,1,1920,1080,"scripted-0",0.000000,0.000000,0.000800,0.001000,0.000400,0.052500,0.024100
1368,22.833887,16.708700,0.473600,0.012100,16.061500,0.160500,10.962280,1.963680,1,1920,1080,"scripted-0",0.000000,0.000000,0.000600,0.000700,0.000200,0.028000,0.014700
1369,22.850596,16.738700,0.508300,0.011100,16.057800,0.160800,11.303600,1.811600,1,1920,1080,"scripted-0",0.000000,0.000000,0.000400,0.000700,0.000200,0.033800,0.015100
1370,22.867334,16.647800,0.523300,0.009900,15.949000,0.164800,10.758240,1.834640,1,1920,1080,"scripted-0",0.000000,0.000000,0.000600,0.000500,0.000100,0.047400,0.024100
1371,22.883982,16.727900,0.548400,0.012000,15.983900,0.183000,9.918760,1.759600,1,1920,1080,"scripted-0",0.000000,0.000000,0.000300,0.000400,0.000200,0.028200,0.014900
1372,22.900710,16.588700,0.589300,0.013200,15.815000,0.170300,10.086360,1.886960,1,1920,1080,"scripted-0",0.000000,0.000000,0.000500,0.000800,0.000400,0.057400,0.025500
1373,22.917299,16.582300,0.506100,0.009700,15.921800,0.144000,10.424200,1.739400,1,1920,1080,"scripted-0",0.000000,0.000000,0.000400,0.001400,0.000400,0.050500,0.022900
1374,22.933882,16.558400,0.452300,0.010000,15.947500,0.147300,10.201440,1.814560,1,1920,1080,"scripted-0",0.000000,0.000000,0.000400,0.000700,0.000200,0.031000,0.013700
1375,22.950439,16.699500,0.465100,0.007900,16.092800,0.133000,9.729000,1.700760,1,1920,1080,"scripted-0",0.000000,0.000000,0.000300,0.000700,0.000300,0.027200,0.019900
1376,22.967139,16.746000,0.685000,0.009800,15.919200,0.131300,9.988720,1.894680,1,1920,1080,"scripted-0",0.000000,0.000000,0.001000,0.000500,0.000300,0.039100,0.018100
1377,22.983885,16.482400,0.527100,0.007500,15.837600,0.109700,9.669360,1.821600,1,1920,1080,"scripted-0",0.000000,0.000000,0.000400,0.001100,0.000200,0.027700,0.012600
1378,23.000367,17.204800,0.936900,0.010700,16.073000,0.183800,9.559240,1.785200,1,1920,1080,"scripted-0",0.000000,0.000000,0.000600,0.000500,0.000200,0.037400,0.016700
1379,23.017572,16.395500,0.451200,0.009200,15.788400,0.145700,10.309040,1.847640,1,1920,1080,"scripted-0",0.000000,0.000000,0.000800,0.000700,0.001400,0.043600,0.020700
1380,23.033967,16.564800,0.468100,0.008100,15.910100,0.177900,10.292880,1.798120,1,1920,1080,"scripted-0",0.000000,0.000000,0.000300,0.000400,0.000300,0.025800,0.011500
1381,23.050532,16.754600,0.534600,0.009000,16.061000,0.149300,9.682000,1.726840,1,1920,1080,"scripted-0",0.000000,0.000000,0.000300,0.000500,0.000100,0.059100,0.020300
1382,23.067287,16.720200,0.538300,0.008900,16.018600,0.153600,9.939720,1.830560,1,1920,1080,"scripted-0",0.000000,0.000000,0.000800,0.001800,0.000700,0.035800,0.016900
1383,23.084007,16.349700,0.460100,0.008100,15.728900,0.152200,10.947760,1.764200,1,1920,1080,"scripted-0",0.000000,0.000000,0.000300,0.000400,0.000300,0.041700,0.014700
1384,23.100357,16.865500,0.518400,0.008800,16.071300,0.266100,10.829840,1.918200,1,1920,1080,"scripted-0",0.000000,0.000000,0.000700,0.000300,0.000300,0.028400,0.023600
1385,23.117223,16.605100,0.492100,0.010000,15.946700,0.155500,10.936240,1.893000,1,1920,1080,"scripted-0",0.000000,0.000000,0.000600,0.000400,0.000200,0.034700,0.017600
1386,23.133827,16.921400,0.567200,0.010200,16.155200,0.188100,10.110920,1.843440,1,1920,1080,"scripted-0",0.000000,0.000000,0.000300,0.000400,0.000200,0.026700,0.014500
1387,23.150749,16.491700,0.753100,0.013900,15.510600,0.213400,10.825130,1.894460,1,1920,1080,"scripted-0",0.000000,0.000000,0.001600,0.002100,0.000400,0.064700,0.031400
1388,23.167241,16.800700,0.561700,0.012400,16.035500,0.189800,10.181680,1.906360,1,1920,1080,"scripted-0",0.000000,0.000000,0.000400,0.000300,0.000100,0.034300,0.013400
1389,23.184042,16.299800,0.528300,0.010900,15.620000,0.139500,10.841360,1.846160,1,1920,1080,"scripted-0",0.000000,0.000000,0.000800,0.001000,0.000200,0.056700,0.027300
1390,23.200341,16.983500,0.529600,0.010000,16.305900,0.137500,11.287180,1.860300,1,1920,1080,"scripted-0",0.000000,0.000000,0.000100,0.000500,0.000200,0.029900,0.013100
1391,23.217325,16.487900,0.478500,0.010500,15.865800,0.132400,10.573080,1.824080,1,1920,1080,"scripted-0",0.000000,0.000000,0.000500,0.000300,0.000200,0.032700,0.013400
1392,23.233813,16.776400,0.540600,0.013100,16.027500,0.194100,11.171160,1.973800,1,1920,1080,"scripted-0",0.000000,0.000000,0.001100,0.000800,0.000200,0.056600,0.029400
1393,23.250589,16.637300,0.541900,0.010400,15.909300,0.175200,10.821520,1.915560,1,1920,1080,"scripted-0",0.000000,0.000000,0.000400,0.001100,0.000200,0.046400,0.023500
1394,23.267227,16.785300,0.607500,0.011900,15.972700,0.191800,10.227920,1.972480,1,1920,1080,"scripted-0",0.000000,0.000000,0.000800,0.000900,0.000100,0.066100,0.024500
1395,23.284012,16.735300,0.758500,0.024800,15.760700,0.190300,10.474040,1.884520,1,1920,1080,"scripted-0",0.000000,0.000000,0.000900,0.000600,0.000300,0.058300,0.025900
1396,23.300748,16.609700,0.582700,0.014300,15.830000,0.181200,11.252800,1.980480,1,1920,1080,"scripted-0",0.000000,0.000000,0.000400,0.000500,0.000300,0.050400,0.022200
1397,23.317357,16.707700,0.626300,0.010000,15.894800,0.175800,10.336080,1.853760,1,1920,1080,"scripted-0",0.000000,0.000000,0.000500,0.000400,0.000300,0.060400,0.025800
1398,23.334064,17.948500,0.560700,0.013700,16.161200,1.212200,10.997960,1.853880,1,1920,1080,"scripted-0",0.000000,0.000000,0.000700,0.000400,0.000300,0.052400,0.027000
1399,23.352013,15.156300,0.604900,0.010300,14.367000,0.173500,9.915920,1.745680,1,1920,1080,"scripted-0",0.000000,0.000000,0.001000,0.000400,0.000100,0.048400,0.024000
1400,23.367169,16.890500,0.601500,0.014600,16.065600,0.207700,10.304000,1.843640,1,1920,1080,"scripted-0",0.000000,0.000000,0.000300,0.001000,0.000200,0.067300,0.022800
1401,23.384059,16.644100,0.887500,0.011000,15.554100,0.190800,10.775840,1.824120,1,1920,1080,"scripted-0",0.000000,0.000000,0.000700,0.000500,0.000200,0.057500,0.021100
1402,23.400704,16.551100,0.557200,0.012700,15.825300,0.154900,10.515760,1.859120,1,1920,1080,"scripted-0",0.000000,0.000000,0.000500,0.001100,0.000500,0.052200,0.022900
1403,23.417255,16.759100,0.572200,0.013500,15.979500,0.193200,11.066880,1.880880,1,1920,1080,"scripted-0",0.000000,0.000000,0.000400,0.000800,0.000100,0.056400,0.016100
1404,23.434014,16.565300,0.509500,0.015500,15.873700,0.166000,11.482960,1.941120,1,1920,1080,"scripted-0",0.000000,0.000000,0.000500,0.000600,0.000100,0.030700,0.017800
1405,23.450579,16.623800,0.550900,0.010300,15.896400,0.165400,10.644160,1.739160,1,1920,1080,"scripted-0",0.000000,0.000000,0.001200,0.000400,0.000100,0.048100,0.028000
1406,23.467203,16.740200,0.546800,0.008400,15.978400,0.205900,10.697320,1.931720,1,1920,1080,"scripted-0",0.000000,0.000000,0.000700,0.000200,0.000300,0.032500,0.022100
1407,23.483943,16.568700,0.495800,0.010600,15.909200,0.152400,10.057920,1.713280,1,1920,1080,"scripted-0",0.000000,0.000000,0.000200,0.000400,0.000200,0.030400,0.014900
1408,23.500512,16.546300,0.441600,0.007700,15.959600,0.136900,10.239560,1.842720,1,1920,1080,"scripted-0",0.000000,0.000000,0.001100,0.000600,0.000400,0.035100,0.016700
1409,23.517058,16.960000,0.541000,0.008100,16.213000,0.197300,10.193360,1.887720,1,1920,1080,"scripted-0",0.000000,0.000000,0.000300,0.000700,0.000200,0.026600,0.011100
1410,23.534018,16.437000,0.488000,0.008900,15.776600,0.162900,10.585480,1.795200,1,1920,1080,"scripted-0",0.000000,0.000000,0.000500,0.000500,0.000100,0.031800,0.015900
1411,23.550455,16.758600,0.490400,0.012800,16.098100,0.156500,10.434440,1.857320,1,1920,1080,"scripted-0",0.000000,0.000000,0.000400,0.000300,0.000100,0.026000,0.015300
1412,23.567214,17.112800,0.520200,0.008200,15.988700,0.595200,10.810000,1.901600,1,1920,1080,"scripted-0",0.000000,0.000000,0.000700,0.000300,0.000200,0.032500,0.015700
1413,23.584326,16.270600,0.475500,0.017000,15.669700,0.107800,10.496840,1.703520,1,1920,1080,"scripted-0",0.000000,0.000000,0.000700,0.000200,0.000500,0.056800,0.026000
1414,23.600597,16.447400,0.389800,0.006900,15.893000,0.157300,9.975800,1.980880,1,1920,1080,"scripted-0",0.000000,0.000000,0.000300,0.000400,0.000200,0.023800,0.011100
1415,23.617044,17.038300,0.470200,0.008100,16.415300,0.144200,10.674800,1.687840,1,1920,1080,"scripted-0",0.000000,0.000000,0.000700,0.000600,0.000100,0.026500,0.012600
1416,23.634083,16.483700,0.546900,0.009500,15.764200,0.162600,10.484680,1.841480,1,1920,1080,"scripted-0",0.000000,0.000000,0.000400,0.000400,0.000100,0.030500,0.015400
1417,23.650566,16.465100,0.459000,0.010800,15.872900,0.121800,11.443120,1.981800,1,1920,1080,"scripted-0",0.000000,0.000000,0.000600,0.000300,0.000200,0.045600,0.022500
1418,23.667031,17.893100,0.445200,0.008700,17.298100,0.140600,10.879960,1.858840,1,1920,1080,"scripted-0",0.000000,0.000000,0.000900,0.000300,0.000200,0.024500,0.010400
1419,23.684925,15.485400,0.613500,0.009900,14.721200,0.140200,10.132400,1.730360,1,1920,1080,"scripted-0",0.000000,0.000000,0.000700,0.000500,0.000300,0.043600,0.020100
1420,23.700410,16.458800,0.355800,0.007100,15.988800,0.106500,9.828200,1.791640,1,1920,1080,"scripted-0",0.000000,0.000000,0.000500,0.000200,0.000100,0.023900,0.012000
1421,23.716869,16.624400,0.335500,0.005700,16.206400,0.076400,9.879160,1.700760,1,1920,1080,"scripted-0",0.000000,0.000000,0.000100,0.000600,0.000200,0.023300,0.010600
1422,23.733493,17.167600,0.646700,0.006100,16.370200,0.144200,10.255040,1.753840,1,1920,1080,"scripted-0",0.000000,0.000000,0.000200,0.000300,0.000100,0.020100,0.006400
1423,23.750661,16.363100,0.436800,0.006800,15.813300,0.105700,9.713600,1.707240,1,1920,1080,"scripted-0",0.000000,0.000000,0.000300,0.000600,0.000200,0.025100,0.011500
1424,23.767024,16.527500,0.495600,0.008200,15.927700,0.095500,10.115360,1.786280,1,1920,1080,"scripted-0",0.000000,0.000000,0.001000,0.000500,0.000200,0.036400,0.016900
1425,23.783551,16.779400,0.435300,0.005800,16.192700,0.145200,10.803880,1.921120,1,1920,1080,"scripted-0",0.000000,0.000000,0.000200,0.000400,0.000200,0.021700,0.008200
1426,23.800331,16.509400,0.358000,0.007000,16.077300,0.066500,10.911800,1.799720,1,1920,1080,"scripted-0",0.000000,0.000000,0.000600,0.000500,0.000200,0.031300,0.014500
1427,23.816840,17.038600,0.462300,0.007700,16.384000,0.184000,10.086520,1.800280,1,1920,1080,"scripted-0",0.000000,0.000000,0.000200,0.000400,0.000100,0.021200,0.006500
1428,23.833879,16.318700,0.405800,0.008400,15.792800,0.111200,9.940000,2.112480,1,1920,1080,"scripted-0",0.000000,0.000000,0.000800,0.000600,0.000300,0.048400,0.024900
1429,23.850198,16.690000,0.412900,0.007400,16.168800,0.100300,9.790840,1.808320,1,1920,1080,"scripted-0",0.000000,0.000000,0.000200,0.000600,0.000100,0.022100,0.007500
1430,23.866887,18.512300,0.693600,0.009800,16.944300,0.864100,10.070320,1.802600,1,1920,1080,"scripted-0",0.000000,0.000000,0.000300,0.001100,0.000300,0.044000,0.013100
1431,23.885400,15.463800,1.642300,0.012100,13.361300,0.447100,9.484040,1.696680,1,1920,1080,"scripted-0",0.000000,0.000000,0.000900,0.000700,0.000400,0.044200,0.022600
1432,23.900864,16.372100,0.547300,0.009300,15.628300,0.186100,10.028280,1.934240,1,1920,1080,"scripted-0",0.000000,0.000000,0.000200,0.000300,0.000100,0.038800,0.022700
1433,23.917236,16.279900,0.438700,0.010900,15.722200,0.107000,10.381240,1.948120,1,1920,1080,"scripted-0",0.000000,0.000000,0.000600,0.000500,0.000100,0.056600,0.020200
1434,23.933515,17.421600,0.557900,0.011200,16.611500,0.240500,10.007120,1.955840,1,1920,1080,"scripted-0",0.000000,0.000000,0.000500,0.000600,0.000300,0.029600,0.008900
1435,23.950938,15.955100,0.400200,0.007600,15.443000,0.103200,9.911400,1.734080,1,1920,1080,"scripted-0",0.000000,0.000000,0.000400,0.000500,0.000300,0.038600,0.017400
1436,23.966892,16.715700,0.354500,0.006200,16.237300,0.117300,10.475720,2.046720,1,1920,1080,"scripted-0",0.000000,0.000000,0.000100,0.000400,0.000100,0.022300,0.009100
1437,23.983608,16.417800,0.457100,0.008700,15.855300,0.096100,9.606400,1.712440,1,1920,1080,"scripted-0",0.000000,0.000000,0.000300,0.001000,0.000200,0.030500,0.012900
1438,24.000026,17.291800,0.698200,0.009900,16.421000,0.162300,9.797720,1.773440,1,1920,1080,"scripted-0",0.000000,0.000000,0.000300,0.000300,0.000100,0.035400,0.011200
1439,24.017318,16.167100,0.358300,0.007000,15.708900,0.092200,9.870640,1.688600,1,1920,1080,"scripted-0",0.000000,0.000000,0.000200,0.000500,0.000100,0.031500,0.015000
1440,24.033485,16.744300,0.345800,0.007000,16.266600,0.124300,11.084640,1.867560,1,1920,1080,"scripted-0",0.000000,0.000000,0.000100,0.000500,0.000200,0.021400,0.011500
1441,24.050229,16.600000,0.359400,0.007700,16.151300,0.081100,10.237280,1.872600,1,1920,1080,"scripted-0",0.000000,0.000000,0.000300,0.000500,0.000200,0.025900,0.011000
1442,24.066829,17.053600,0.517700,0.008000,16.361900,0.165500,10.874720,1.927320,1,1920,1080,"scripted-0",0.000000,0.000000,0.000200,0.000400,0.000200,0.020100,0.006500
1443,24.083883,16.744500,0.638900,0.017500,15.920700,0.166800,10.178000,1.764120,1,1920,1080,"scripted-0",0.000000,0.000000,0.001400,0.000900,0.000400,0.065400,0.025500
1444,24.100627,16.227100,0.584000,0.013600,15.530200,0.098700,9.630480,1.774600,1,1920,1080,"scripted-0",0.000000,0.000000,0.001100,0.000600,0.000500,0.057900,0.039000
1445,24.116854,16.691500,0.334000,0.005600,16.276400,0.074900,9.560960,1.684440,1,1920,1080,"scripted-0",0.000000,0.000000,0.000400,0.000300,0.000100,0.021900,0.007800
1446,24.133546,16.955900,0.549400,0.005200,16.249500,0.151300,9.926520,1.787400,1,1920,1080,"scripted-0",0.000000,0.000000,0.000200,0.000400,0.000300,0.019400,0.006500
1447,24.150502,17.062600,0.730900,0.010200,16.050900,0.269900,9.462680,1.675560,1,1920,1080,"scripted-0",0.000000,0.000000,0.000300,0.001100,0.000300,0.034300,0.014100
1448,24.167564,16.096500,0.380100,0.007700,15.633200,0.075000,9.497160,1.762040,1,1920,1080,"scripted-0",0.000000,0.000000,0.000200,0.000800,0.000200,0.033500,0.019300
1449,24.183660,17.017500,0.347500,0.005700,16.584700,0.079200,9.407560,1.663120,1,1920,1080,"scripted-0",0.000000,0.000000,0.000200,0.000200,0.000200,0.019400,0.006900
1450,24.200678,16.622800,0.598000,0.006100,15.854900,0.163000,9.523920,1.770120,1,1920,1080,"scripted-0",0.000000,0.000000,0.000300,0.000600,0.000300,0.029900,0.007200
1451,24.217301,16.726100,0.508300,0.010500,16.120800,0.085600,9.485160,1.794200,1,1920,1080,"scripted-0",0.000000,0.000000,0.000500,0.000200,0.000200,0.038700,0.020200
1452,24.234027,16.389600,0.697400,0.007400,15.517300,0.166900,9.571400,1.858240,1,1920,1080,"scripted-0",0.000000,0.000000,0.000300,0.000200,0.000400,0.035900,0.008500
1453,24.250417,16.333700,0.414200,0.006800,15.785900,0.126100,9.385760,1.676080,1,1920,1080,"scripted-0",0.000000,0.000000,0.000400,0.000200,0.000200,0.030500,0.014300
1454,24.266750,17.292900,0.607500,0.008200,16.527900,0.148800,9.519000,1.772040,1,1920,1080,"scripted-0",0.000000,0.000000,0.000700,0.000600,0.000300,0.027500,0.014900
1455,24.284043,16.533200,0.582900,0.008300,15.794400,0.147000,9.494040,1.661920,1,1920,1080,"scripted-0",0.000000,0.000000,0.000900,0.000600,0.000300,0.033800,0.015600
1456,24.300576,16.600600,0.569300,0.007700,15.878000,0.145100,9.474880,1.758080,1,1920,1080,"scripted-0",0.000000,0.000000,0.000200,0.000400,0.000100,0.031600,0.012300
1457,24.317177,16.751000,0.436800,0.006200,15.940100,0.367000,9.381000,1.680320,1,1920,1080,"scripted-0",0.000000,0.000000,0.000700,0.000400,0.000200,0.039100,0.016600
1458,24.333928,16.228300,0.373600,0.008500,15.779500,0.065800,10.577000,2.003240,1,1920,1080,"scripted-0",0.000000,0.000000,0.000600,0.000200,0.000700,0.038700,0.023200
1459,24.350156,16.965500,0.536200,0.008000,16.285700,0.135200,9.867080,1.705400,1,1920,1080,"scripted-0",0.000000,0.000000,0.000200,0.000300,0.000100,0.020000,0.006700
1460,24.367123,17.487700,0.805400,0.009100,16.120100,0.551400,9.574400,1.803800,1,1920,1080,"scripted-0",0.000000,0.000000,0.000300,0.000500,0.000100,0.035500,0.014000
1461,24.384611,16.297500,0.629800,0.010900,15.550100,0.104900,9.498760,1.688360,1,1920,1080,"scripted-0",0.000000,0.000000,0.000400,0.000200,0.000300,0.050800,0.026700
1462,24.400907,16.263200,0.370000,0.007500,15.792600,0.092400,9.517840,1.772320,1,1920,1080,"scripted-0",0.000000,0.000000,0.000300,0.000500,0.000200,0.041100,0.011400
1463,24.417170,16.373400,0.341300,0.005200,15.932400,0.094000,9.412400,1.669440,1,1920,1080,"scripted-0",0.000000,0.000000,0.000300,0.000500,0.000100,0.021400,0.008100
1464,24.433544,16.545800,0.332400,0.005400,16.140300,0.066900,9.834680,1.750600,1,1920,1080,"scripted-0",0.000000,0.000000,0.000300,0.000100,0.000100,0.022600,0.010000
1465,24.450089,17.044100,0.496200,0.005900,16.449700,0.091900,9.368320,1.660440,1,1920,1080,"scripted-0",0.000000,0.000000,0.000300,0.000200,0.000200,0.020100,0.006000
1466,24.467133,16.554000,0.664900,0.006500,15.679700,0.202400,9.474160,1.753960,1,1920,1080,"scripted-0",0.000000,0.000000,0.000400,0.000200,0.000300,0.021800,0.008500
1467,24.483688,17.095400,0.591600,0.008000,16.374600,0.120300,9.419120,1.671200,1,1920,1080,"scripted-0",0.000000,0.000000,0.000600,0.000400,0.000400,0.044000,0.016500
1468,24.500783,17.372200,0.763900,0.009000,16.421900,0.176600,9.531960,1.793280,1,1920,1080,"scripted-0",0.000000,0.000000,0.000100,0.000300,0.000200,0.026300,0.014400
1469,24.518156,15.859700,0.832800,0.009800,14.829100,0.186800,9.442520,1.726280,1,1920,1080,"scripted-0",0.000000,0.000000,0.000800,0.000600,0.000500,0.045400,0.014100
1470,24.534015,16.618200,0.559100,0.006800,15.965300,0.086100,9.557920,1.845040,1,1920,1080,"scripted-0",0.000000,0.000000,0.000900,0.001100,0.001100,0.081900,0.031700
1471,24.550633,16.765400,0.655300,0.008100,16.032200,0.069100,9.364600,1.671880,1,1920,1080,"scripted-0",0.000000,0.000000,0.000300,0.000500,0.000400,0.035700,0.008200
1472,24.567398,16.821200,0.741200,0.007800,15.893400,0.178300,9.482240,1.770800,1,1920,1080,"scripted-0",0.000000,0.000000,0.000200,0.000400,0.000200,0.020300,0.008200
1473,24.584220,17.002300,0.847400,0.011900,15.962700,0.179400,9.402560,1.717760,1,1920,1080,"scripted-0",0.000000,0.000000,0.000700,0.000600,0.000200,0.077600,0.006700
1474,24.601222,16.265400,0.776400,0.008700,15.394700,0.084800,9.435000,1.729640,1,1920,1080,"scripted-0",0.000000,0.000000,0.000900,0.001200,0.000500,0.067000,0.010900
1475,24.617487,16.532200,0.656300,0.007800,15.707000,0.160600,9.379240,1.663280,1,1920,1080,"scripted-0",0.000000,0.000000,0.000200,0.000500,0.000100,0.019100,0.006200
1476,24.634020,16.587800,0.644400,0.009300,15.867700,0.065200,9.445120,1.741960,1,1920,1080,"scripted-0",0.000000,0.000000,0.000300,0.000600,0.000200,0.042900,0.015900
1477,24.650607,16.844000,0.689000,0.008300,16.059700,0.086500,9.350320,1.663720,1,1920,1080,"scripted-0",0.000000,0.000000,0.000200,0.000300,0.000300,0.019500,0.007300
1478,24.667451,16.302900,0.355400,0.009700,15.873900,0.063500,9.547200,1.750000,1,1920,1080,"scripted-0",0.000000,0.000000,0.000200,0.000300,0.000300,0.022200,0.007200
1479,24.683754,16.900800,0.581500,0.007600,16.234600,0.076700,9.379400,1.681840,1,1920,1080,"scripted-0",0.000000,0.000000,0.000300,0.000300,0.000200,0.020600,0.005800
1480,24.700655,17.365000,0.510400,0.012600,16.566100,0.275400,9.436160,1.711400,1,1920,1080,"scripted-0",0.000000,0.000000,0.000300,0.000200,0.000100,0.019500,0.006700
1481,24.718020,15.816600,0.384800,0.008900,15.353400,0.068800,9.362640,1.647120,1,1920,1080,"scripted-0",0.000000,0.000000,0.000300,0.000300,0.000600,0.032500,0.017300
1482,24.733837,17.075600,0.537800,0.007900,16.460500,0.068800,9.460920,1.751480,1,1920,1080,"scripted-0",0.000000,0.000000,0.000100,0.000400,0.000100,0.023600,0.006000
1483,24.750912,16.946800,0.343700,0.005800,16.519500,0.077400,9.349960,1.659560,1,1920,1080,"scripted-0",0.000000,0.000000,0.000300,0.000300,0.000100,0.019000,0.006100
1484,24.767859,16.043500,0.524100,0.006500,15.423400,0.089000,9.627880,1.923360,1,1920,1080,"scripted-0",0.000000,0.000000,0.000300,0.000300,0.000100,0.020700,0.006400
1485,24.783903,16.811300,0.753200,0.008000,15.904400,0.144600,9.350080,1.663680,1,1920,1080,"scripted-0",0.000000,0.000000,0.000300,0.000500,0.000300,0.037500,0.018200
1486,24.800714,16.693000,0.343800,0.005100,16.280200,0.063500,9.519640,1.786000,1,1920,1080,"scripted-0",0.000000,0.000000,0.000100,0.000400,0.000100,0.034200,0.010700
1487,24.817407,16.475000,0.655400,0.006700,15.730800,0.081700,9.370440,1.654600,1,1920,1080,"scripted-0",0.000000,0.000000,0.000300,0.000200,0.000100,0.020300,0.006100
1488,24.833882,17.232700,0.476600,0.010000,16.679900,0.065800,9.446320,1.736600,1,1920,1080,"scripted-0",0.000000,0.000000,0.000300,0.000400,0.000100,0.022600,0.007100
1489,24.851114,16.568200,0.666900,0.007500,15.739200,0.154200,9.405120,1.660280,1,1920,1080,"scripted-0",0.000000,0.000000,0.000200,0.000300,0.000500,0.018900,0.005800
1490,24.867683,16.339000,0.627100,0.008000,15.625500,0.077300,9.492680,1.744240,1,1920,1080,"scripted-0",0.000000,0.000000,0.000300,0.000700,0.000200,0.035000,0.008500
1491,24.884022,17.116300,0.541800,0.011800,16.497600,0.064700,9.398960,1.686720,1,1920,1080,"scripted-0",0.000000,0.000000,0.000200,0.000200,0.000200,0.020400,0.006300
1492,24.901138,15.838500,0.485300,0.006300,15.272900,0.073500,9.582400,1.770120,1,1920,1080,"scripted-0",0.000000,0.000000,0.000200,0.000400,0.000100,0.018900,0.006000
1493,24.916977,17.859100,0.708600,0.007300,16.261500,0.881200,9.394800,1.703840,1,1920,1080,"scripted-0",0.000000,0.000000,0.000300,0.000100,0.000100,0.019300,0.006400
1494,24.934837,15.894200,0.416000,0.008600,15.371500,0.096100,9.535360,1.773320,1,1920,1080,"scripted-0",0.000000,0.000000,0.000400,0.001200,0.000300,0.039400,0.016000
1495,24.950730,16.493600,0.592100,0.008700,15.747500,0.144800,9.375960,1.667120,1,1920,1080,"scripted-0",0.000000,0.000000,0.000400,0.000200,0.000200,0.021100,0.008000
1496,24.967223,16.569900,0.710600,0.009900,15.696900,0.152100,9.427400,1.742800,1,1920,1080,"scripted-0",0.000000,0.000000,0.000700,0.000900,0.000100,0.034000,0.017200
1497,24.983794,16.487400,0.483600,0.010100,15.918900,0.073900,9.397920,1.660480,1,1920,1080,"scripted-0",0.000000,0.000000,0.000500,0.000900,0.000400,0.045600,0.015200
1498,25.000281,16.926200,0.578200,0.006800,16.266400,0.074400,9.481400,1.760040,1,1920,1080,"scripted-0",0.000000,0.000000,0.000200,0.000400,0.000200,0.019100,0.006700
1499,25.017207,17.081700,0.537200,0.007600,16.466700,0.069800,9.425800,1.667760,1,1920,1080,"scripted-0",0.000000,0.000000,0.000300,0.000100,0.000200,0.023500,0.007000
1500,25.034288,16.647600,0.528700,0.006200,15.992500,0.119800,9.477720,1.776120,1,1920,1080,"scripted-0",0.000000,0.000000,0.000300,0.000400,0.000100,0.019200,0.006600
1501,25.050936,16.481000,0.579400,0.008700,15.828600,0.063700,9.404080,1.673800,1,1920,1080,"scripted-0",0.000000,0.000000,0.000300,0.000500,0.000200,0.027000,0.010800
1502,25.067417,16.376300,0.546400,0.006100,15.688400,0.135000,9.463120,1.749200,1,1920,1080,"scripted-0",0.000000,0.000000,0.000300,0.000400,0.000200,0.023200,0.006400
1503,25.083794,16.729800,0.568700,0.007900,16.019200,0.133400,9.379320,1.657560,1,1920,1080,"scripted-0",0.000000,0.000000,0.000800,0.000700,0.000400,0.034500,0.015300
1504,25.100524,16.633300,0.560900,0.007700,15.902600,0.161300,9.466640,1.743360,1,1920,1080,"scripted-0",0.000000,0.000000,0.000300,0.000600,0.000100,0.025600,0.015100
1505,25.117157,16.610600,0.546400,0.007600,15.920800,0.135300,9.356360,1.656200,1,1920,1080,"scripted-0",0.000000,0.000000,0.000200,0.000200,0.000100,0.022900,0.008400
1506,25.133767,16.637800,0.531700,0.008200,16.008200,0.089200,9.477600,1.753840,1,1920,1080,"scripted-0",0.000000,0.000000,0.000300,0.000500,0.000100,0.025500,0.016600
1507,25.150405,16.666400,0.533500,0.005300,15.994200,0.133000,9.514230,1.787320,1,1920,1080,"scripted-0",0.000000,0.000000,0.000300,0.000300,0.000500,0.020300,0.008000
1508,25.167071,16.593800,0.544300,0.006100,15.914600,0.128200,9.524400,1.773600,1,1920,1080,"scripted-0",0.000000,0.000000,0.000400,0.000100,0.000200,0.024900,0.011100
1509,25.183665,16.726400,0.562000,0.007200,16.025300,0.131300,9.384760,1.668520,1,1920,1080,"scripted-0",0.000000,0.000000,0.000800,0.001000,0.000200,0.033800,0.013800
1510,25.200392,17.185000,0.695500,0.007300,15.888900,0.592500,9.455920,1.750080,1,1920,1080,"scripted-0",0.000000,0.000000,0.000400,0.000200,0.000100,0.024100,0.011600
1511,25.217577,16.902600,0.639600,0.009500,16.091300,0.161600,9.388960,1.706000,1,1920,1080,"scripted-0",0.000000,0.000000,0.000400,0.000200,0.000100,0.032100,0.019300
1512,25.234479,16.290600,0.779900,0.008800,15.283300,0.218000,9.454880,1.748680,1,1920,1080,"scripted-0",0.000000,0.000000,0.000500,0.000300,0.000400,0.082100,0.012700
1513,25.250770,16.865700,0.728900,0.010800,15.981200,0.144000,9.346280,1.643360,1,1920,1080,"scripted-0",0.000000,0.000000,0.000700,0.000500,0.000300,0.047400,0.020900
1514,25.267635,16.079800,0.555800,0.007700,15.415500,0.100400,9.467480,1.762240,1,1920,1080,"scripted-0",0.000000,0.000000,0.000100,0.000400,0.000100,0.019900,0.006200
1515,25.283716,17.032800,0.761300,0.009200,16.174400,0.087100,9.359960,1.662960,1,1920,1080,"scripted-0",0.000000,0.000000,0.000500,0.000200,0.000200,0.036500,0.014200
1516,25.300748,17.008700,0.445400,0.007100,16.475600,0.079800,9.450200,1.735200,1,1920,1080,"scripted-0",0.000000,0.000000,0.000200,0.000200,0.000300,0.039200,0.013600
1517,25.317757,16.376500,0.425700,0.009900,15.826100,0.114300,9.531840,1.787960,1,1920,1080,"scripted-0",0.000000,0.000000,0.000300,0.000100,0.000100,0.039500,0.006100
1518,25.334134,16.319300,0.627900,0.006000,15.562100,0.122500,9.448600,1.739640,1,1920,1080,"scripted-0",0.000000,0.000000,0.000700,0.003100,0.000700,0.049500,0.015300
1519,25.350453,17.494500,0.753400,0.011900,16.642900,0.085700,9.341640,1.646960,1,1920,1080,"scripted-0",0.000000,0.000000,0.000300,0.000600,0.000200,0.039400,0.012600
1520,25.367947,16.211700,0.472800,0.009200,15.665100,0.064200,9.507120,1.756600,1,1920,1080,"scripted-0",0.000000,0.000000,0.000200,0.000300,0.000100,0.021600,0.006200
1521,25.384159,16.336600,0.569900,0.006500,15.629300,0.130500,9.357880,1.649800,1,1920,1080,"scripted-0",0.000000,0.000000,0.000300,0.000200,0.000100,0.019700,0.006500
1522,25.400496,17.341000,0.665100,0.009000,16.542700,0.123100,9.636000,1.811600,1,1920,1080,"scripted-0",0.000000,0.000000,0.000400,0.000700,0.000200,0.037000,0.014900
1523,25.417837,16.143300,0.775800,0.006700,15.256300,0.103800,9.398120,1.669640,1,1920,1080,"scripted-0",0.000000,0.000000,0.000400,0.000200,0.000400,0.031800,0.011600
1524,25.433980,16.963500,0.869700,0.007800,15.846600,0.239000,9.522720,1.804920,1,1920,1080,"scripted-0",0.000000,0.000000,0.000400,0.000500,0.000200,0.037000,0.009800
1525,25.450944,16.696100,0.491800,0.010000,16.090600,0.102300,9.483320,1.753400,1,1920,1080,"scripted-0",0.000000,0.000000,0.000500,0.000400,0.000300,0.044200,0.013500
1526,25.467640,16.349900,0.387700,0.007200,15.485100,0.469000,9.725360,1.905640,1,1920,1080,"scripted-0",0.000000,0.000000,0.000300,0.000900,0.000200,0.049500,0.014500
1527,25.483990,16.513900,0.837400,0.010400,15.486500,0.178600,9.460120,1.779280,1,1920,1080,"scripted-0",0.000000,0.000000,0.000500,0.001300,0.000300,0.040200,0.015000
1528,25.500504,16.612700,0.728700,0.010000,15.811500,0.060900,9.473640,1.737240,1,1920,1080,"scripted-0",0.000000,0.000000,0.000500,0.000500,0.000300,0.067900,0.026100
1529,25.517116,16.722000,0.559700,0.006100,16.048600,0.107200,9.347840,1.656320,1,1920,1080,"scripted-0",0.000000,0.000000,0.000200,0.000300,0.000200,0.020700,0.006400
1530,25.533838,17.284300,0.671300,0.009300,16.516600,0.086500,9.474600,1.751800,1,1920,1080,"scripted-0",0.000000,0.000000,0.000200,0.000400,0.000100,0.024900,0.012800
1531,25.551122,16.135100,0.654900,0.008000,15.401900,0.069500,9.354120,1.659680,1,1920,1080,"scripted-0",0.000000,0.000000,0.001100,0.001000,0.000500,0.036800,0.024300
1532,25.567257,16.852300,0.646400,0.007500,16.073000,0.124900,9.454640,1.756360,1,1920,1080,"scripted-0",0.000000,0.000000,0.000200,0.000200,0.000100,0.019100,0.005800
1533,25.584110,16.765100,0.465400,0.006900,16.204400,0.087100,9.441880,1.755480,1,1920,1080,"scripted-0",0.000000,0.000000,0.000300,0.000600,0.000300,0.039700,0.011100
1534,25.600875,16.521900,0.762100,0.008800,15.678000,0.072400,9.481440,1.754760,1,1920,1080,"scripted-0",0.000000,0.000000,0.000300,0.000600,0.000200,0.033000,0.021000
1535,25.617397,16.647900,0.708300,0.007500,15.778800,0.152800,9.344320,1.665400,1,1920,1080,"scripted-0",0.000000,0.000000,0.000200,0.000200,0.000200,0.022200,0.005900
1536,25.634045,16.489000,0.670500,0.009500,15.731200,0.077200,9.515800,1.727120,1,1920,1080,"scripted-0",0.000000,0.000000,0.000300,0.000900,0.000300,0.039100,0.015200
1537,25.650533,16.590200,0.573300,0.007500,15.885600,0.123400,9.359920,1.663560,1,1920,1080,"scripted-0",0.000000,0.000000,0.000300,0.000200,0.000200,0.020300,0.007900
1538,25.667124,16.711300,0.501900,0.005200,15.824300,0.379400,9.453840,1.752920,1,1920,1080,"scripted-0",0.000000,0.000000,0.000400,0.000200,0.000100,0.034000,0.011800
1539,25.683835,16.369500,0.562400,0.011200,15.700700,0.094200,9.438000,1.739520,1,1920,1080,"scripted-0",0.000000,0.000000,0.001000,0.000400,0.000200,0.037100,0.021600
1540,25.700205,16.773700,0.624500,0.006200,16.026500,0.115200,9.479640,1.760160,1,1920,1080,"scripted-0",0.000000,0.000000,0.000500,0.000300,0.000400,0.039300,0.009700
1541,25.716978,17.639300,0.724200,0.009100,16.824200,0.081300,9.357320,1.655040,1,1920,1080,"scripted-0",0.000000,0.000000,0.000500,0.000400,0.000300,0.037900,0.012100
1542,25.734617,15.436200,0.330800,0.004800,15.025500,0.074600,9.464360,1.738560,1,1920,1080,"scripted-0",0.000000,0.000000,0.000100,0.000300,0.000200,0.020900,0.007900
1543,25.750053,17.350700,0.691400,0.007300,16.402100,0.249500,9.440880,1.735120,1,1920,1080,"scripted-0",0.000000,0.000000,0.000400,0.000100,0.000100,0.018800,0.007600
1544,25.767406,16.397200,0.623400,0.017900,15.686000,0.067500,9.473760,1.747640,1,1920,1080,"scripted-0",0.000000,0.000000,0.001200,0.000900,0.000300,0.102400,0.017100
1545,25.783802,16.884200,0.581100,0.007500,16.225200,0.069600,9.368840,1.645440,1,1920,1080,"scripted-0",0.000000,0.000000,0.000100,0.000400,0.000100,0.019300,0.006000
1546,25.800686,16.655700,0.720900,0.008300,15.758000,0.168100,9.546360,1.832680,1,1920,1080,"scripted-0",0.000000,0.000000,0.000100,0.000500,0.000100,0.019700,0.006400
1547,25.817342,16.917700,0.517800,0.012100,16.306300,0.080600,9.485800,1.751240,1,1920,1080,"scripted-0",0.000000,0.000000,0.001500,0.001000,0.000800,0.074000,0.021900
1548,25.834259,16.523800,0.647900,0.007900,15.798000,0.069200,9.494920,1.762040,1,1920,1080,"scripted-0",0.000000,0.000000,0.000400,0.000600,0.000200,0.030600,0.010000
1549,25.850783,16.636700,0.739000,0.007900,15.712800,0.176600,9.485280,1.766480,1,1920,1080,"scripted-0",0.000000,0.000000,0.000400,0.000200,0.000200,0.020700,0.006500
1550,25.867421,16.783200,0.540700,0.008400,16.168900,0.063700,9.548280,1.747200,1,1920,1080,"scripted-0",0.000000,0.000000,0.001600,0.000700,0.002600,0.095300,0.028600
1551,25.884203,16.841700,0.550900,0.010700,16.214500,0.065200,9.371400,1.644400,1,1920,1080,"scripted-0",0.000000,0.000000,0.000300,0.000500,0.000200,0.021400,0.007300
1552,25.901045,16.151700,0.378900,0.007800,15.699100,0.065000,9.501520,1.732680,1,1920,1080,"scripted-0",0.000000,0.000000,0.000200,0.000100,0.000300,0.019200,0.005900
1553,25.917196,17.054200,0.346300,0.010000,16.609300,0.088100,9.387280,1.649240,1,1920,1080,"scripted-0",0.000000,0.000000,0.000200,0.000400,0.000200,0.020300,0.005900
1554,25.934250,16.071400,0.316400,0.005500,15.685600,0.063400,9.466120,1.752960,1,1920,1080,"scripted-0",0.000000,0.000000,0.000200,0.000200,0.000100,0.020300,0.007600
1555,25.950322,16.962100,0.411800,0.007600,16.478400,0.063800,9.391120,1.664480,1,1920,1080,"scripted-0",0.000000,0.000000,0.000200,0.000200,0.000100,0.019800,0.006200
1556,25.967284,17.145600,0.581300,0.005900,16.402900,0.155100,9.434360,1.751440,1,1920,1080,"scripted-0",0.000000,0.000000,0.000100,0.000500,0.000100,0.019200,0.006600
1557,25.984430,16.190000,0.740400,0.007400,15.245100,0.196200,9.517160,1.776120,1,1920,1080,"scripted-0",0.000000,0.000000,0.000400,0.000800,0.000400,0.043600,0.015500
1558,26.000621,17.449500,0.855500,0.011900,16.503000,0.077200,9.485080,1.745040,1,1920,1080,"scripted-0",0.000000,0.000000,0.000800,0.000800,0.000700,0.082800,0.028200
1559,26.018069,16.123100,0.684700,0.008000,15.342200,0.087800,9.371800,1.646680,1,1920,1080,"scripted-0",0.000000,0.000000,0.000300,0.000200,0.000200,0.020600,0.005900
1560,26.034192,16.215100,0.507500,0.010200,15.615300,0.081700,9.582920,1.884000,1,1920,1080,"scripted-0",0.000000,0.000000,0.000200,0.000500,0.000100,0.021500,0.011700
1561,26.050407,17.446100,0.631300,0.008200,16.688600,0.117200,9.402280,1.665640,1,1920,1080,"scripted-0",0.000000,0.000000,0.000500,0.001000,0.000300,0.038000,0.018800
1562,26.067853,16.118000,0.568700,0.007400,15.421000,0.120300,9.493340,1.785280,1,1920,1080,"scripted-0",0.000000,0.000000,0.000200,0.001000,0.000200,0.037000,0.012900
1563,26.083971,16.872500,0.743900,0.008500,15.948100,0.171400,9.471480,1.769880,1,1920,1080,"scripted-0",0.000000,0.000000,0.000400,0.000200,0.000200,0.027200,0.010600
1564,26.100844,16.758800,0.600100,0.012700,16.081400,0.063800,9.496840,1.759760,1,1920,1080,"scripted-0",0.000000,0.000000,0.000700,0.000500,0.000500,0.085600,0.028700
1565,26.117603,15.791500,0.348900,0.006000,15.359400,0.076800,9.431520,1.654120,1,1920,1080,"scripted-0",0.000000,0.000000,0.000200,0.000200,0.000400,0.019200,0.006000
1566,26.133394,17.161000,0.563900,0.007600,16.522700,0.066300,9.481160,1.736280,1,1920,1080,"scripted-0",0.000000,0.000000,0.000400,0.000100,0.000200,0.020900,0.006100
1567,26.150555,16.572800,0.591700,0.006800,15.847500,0.126400,9.469400,1.682920,1,1920,1080,"scripted-0",0.000000,0.000000,0.000400,0.000700,0.000200,0.020100,0.009000
1568,26.167129,17.463900,0.550600,0.014000,16.833600,0.064300,9.502600,1.757320,1,1920,1080,"scripted-0",0.000000,0.000000,0.000400,0.000500,0.000200,0.049000,0.018800
1569,26.184592,15.969100,0.575200,0.007200,15.316700,0.069700,9.359240,1.663760,1,1920,1080,"scripted-0",0.000000,0.000000,0.000100,0.000400,0.000100,0.019300,0.006100
1570,26.200561,16.977500,0.529700,0.008600,16.368500,0.070300,9.459240,1.750560,1,1920,1080,"scripted-0",0.000000,0.000000,0.000100,0.000800,0.000200,0.019500,0.006700
1571,26.217538,16.656800,0.844300,0.007200,15.623900,0.180900,9.482560,1.753120,1,1920,1080,"scripted-0",0.000000,0.000000,0.000300,0.000200,0.000300,0.019100,0.006600
1572,26.234195,16.517400,0.581900,0.011200,15.857500,0.066000,9.497280,1.756000,1,1920,1080,"scripted-0",0.000000,0.000000,0.000900,0.001100,0.000300,0.084600,0.023800
1573,26.250713,16.779600,0.667400,0.007900,16.032100,0.071600,9.380480,1.667040,1,1920,1080,"scripted-0",0.000000,0.000000,0.000300,0.000100,0.000100,0.019800,0.005900
1574,26.267492,16.270800,0.565700,0.007400,15.608800,0.088400,9.605160,1.909720,1,1920,1080,"scripted-0",0.000000,0.000000,0.000400,0.000200,0.000200,0.020100,0.006900
1575,26.283763,17.079700,0.506200,0.009400,16.497900,0.065400,9.343240,1.664640,1,1920,1080,"scripted-0",0.000000,0.000000,0.000300,0.000400,0.000400,0.036600,0.016000
1576,26.300843,16.838500,0.658900,0.007800,16.091000,0.080400,9.471400,1.743520,1,1920,1080,"scripted-0",0.000000,0.000000,0.000200,0.000300,0.000300,0.020300,0.006500
1577,26.317681,16.192300,0.621600,0.006900,15.416300,0.147100,9.358720,1.654200,1,1920,1080,"scripted-0",0.000000,0.000000,0.000200,0.000400,0.000200,0.020300,0.007000
1578,26.333873,16.292000,0.344100,0.007300,15.875100,0.065100,9.671480,1.959120,1,1920,1080,"scripted-0",0.000000,0.000000,0.000300,0.001000,0.000300,0.035600,0.011800
1579,26.350165,17.562200,0.611200,0.007400,16.856500,0.086700,9.524360,1.702160,1,1920,1080,"scripted-0",0.000000,0.000000,0.000200,0.000700,0.000100,0.019600,0.006400
1580,26.367728,16.051200,0.686200,0.006400,15.274900,0.082900,9.470000,1.765040,1,1920,1080,"scripted-0",0.000000,0.000000,0.000400,0.010200,0.000200,0.034500,0.006200
1581,26.383779,17.186600,0.445500,0.020800,16.395800,0.324100,9.542920,1.708480,1,1920,1080,"scripted-0",0.000000,0.000000,0.000300,0.000200,0.000100,0.019500,0.007100
1582,26.400966,15.839700,0.478900,0.009800,15.263200,0.087200,9.492560,1.785440,1,1920,1080,"scripted-0",0.000000,0.000000,0.000400,0.000800,0.000200,0.037200,0.014800
1583,26.416805,17.075200,0.690500,0.009300,16.226100,0.148600,9.348400,1.659160,1,1920,1080,"scripted-0",0.000000,0.000000,0.000400,0.000400,0.000200,0.033600,0.008700
1584,26.433881,17.021200,0.328600,0.004500,16.569800,0.117700,9.468440,1.746160,1,1920,1080,"scripted-0",0.000000,0.000000,0.000100,0.001200,0.000200,0.019600,0.008400
1585,26.450902,16.202700,0.500300,0.010300,15.627500,0.063900,9.405680,1.663840,1,1920,1080,"scripted-0",0.000000,0.000000,0.000600,0.000400,0.000100,0.035700,0.013700
1586,26.467104,17.232100,0.438500,0.010000,16.719900,0.063300,9.476720,1.760600,1,1920,1080,"scripted-0",0.000000,0.000000,0.000100,0.000500,0.000100,0.019500,0.005900
1587,26.484336,16.376900,0.693200,0.007900,15.509700,0.165700,9.399320,1.674640,1,1920,1080,"scripted-0",0.000000,0.000000,0.000200,0.000300,0.000300,0.019500,0.006500
1588,26.500714,16.516700,0.715400,0.009500,15.722700,0.068300,9.441120,1.743520,1,1920,1080,"scripted-0",0.000000,0.000000,0.000500,0.000600,0.000500,0.046100,0.017100
1589,26.517230,16.777800,0.667900,0.007600,16.002700,0.099200,9.381720,1.665000,1,1920,1080,"scripted-0",0.000000,0.000000,0.000200,0.000800,0.000200,0.019100,0.009500
1590,26.534008,16.516700,0.576300,0.007900,15.811700,0.120400,9.483400,1.751920,1,1920,1080,"scripted-0",0.000000,0.000000,0.000300,0.000300,0.000300,0.019200,0.006700
1591,26.550525,16.678200,0.758500,0.009300,15.826400,0.083500,9.382920,1.692160,1,1920,1080,"scripted-0",0.000000,0.000000,0.000400,0.000200,0.000200,0.039000,0.013300
1592,26.567203,17.166600,0.665400,0.009900,16.423100,0.067300,9.472640,1.754240,1,1920,1080,"scripted-0",0.000000,0.000000,0.000900,0.001700,0.000800,0.036800,0.023100
1593,26.584369,16.190500,0.329500,0.006400,15.779100,0.075200,9.409160,1.641560,1,1920,1080,"scripted-0",0.000000,0.000000,0.000300,0.000300,0.000200,0.019100,0.006100
1594,26.600560,16.616100,0.653100,0.007200,15.798500,0.156800,9.451720,1.758960,1,1920,1080,"scripted-0",0.000000,0.000000,0.000200,0.000300,0.000200,0.019200,0.006800
1595,26.617176,17.348400,0.730800,0.008200,16.173900,0.435100,9.379480,1.671320,1,1920,1080,"scripted-0",0.000000,0.000000,0.000600,0.000600,0.000200,0.037500,0.008700
1596,26.634525,15.871300,0.525100,0.009000,15.259000,0.077300,9.477600,1.738800,1,1920,1080,"scripted-0",0.000000,0.000000,0.000300,0.000300,0.000300,0.039100,0.017400
1597,26.650396,16.638600,0.531500,0.006900,15.970500,0.128800,9.388840,1.681680,1,1920,1080,"scripted-0",0.000000,0.000000,0.000400,0.000100,0.000200,0.019000,0.007100
1598,26.667035,17.365600,0.399600,0.006500,16.838900,0.119400,9.456520,1.750880,1,1920,1080,"scripted-0",0.000000,0.000000,0.000300,0.000400,0.000200,0.039300,0.011100
1599,26.684400,16.412000,0.718600,0.006600,15.541700,0.144000,9.358240,1.652920,1,1920,1080,"scripted-0",0.000000,0.000000,0.000300,0.000500,0.000200,0.045800,0.010000
1600,26.700813,16.825800,0.614700,0.011900,16.131900,0.065900,9.438880,1.722640,1,1920,1080,"scripted-0",0.000000,0.000000,0.000600,0.000400,0.000200,0.040500,0.015100
1601,26.717638,16.043300,0.426300,0.007700,15.535800,0.073000,9.393320,1.643160,1,1920,1080,"scripted-0",0.000000,0.000000,0.000300,0.000600,0.000200,0.020000,0.006100
1602,26.733681,16.856600,0.660400,0.007500,16.048600,0.139600,9.450000,1.745040,1,1920,1080,"scripted-0",0.000000,0.000000,0.000200,0.000500,0.000200,0.018800,0.006300
1603,26.750538,16.697700,0.709300,0.007400,15.828900,0.151600,9.379480,1.683480,1,1920,1080,"scripted-0",0.000000,0.000000,0.000500,0.000500,0.000200,0.020100,0.010500
1604,26.767235,16.592000,0.602400,0.011300,15.862200,0.115400,9.611960,1.886480,1,1920,1080,"scripted-0",0.000000,0.000000,0.000600,0.000200,0.000300,0.041800,0.015500
1605,26.783827,16.758200,0.762600,0.008200,15.835800,0.151000,9.348600,1.668120,1,1920,1080,"scripted-0",0.000000,0.000000,0.000400,0.000500,0.000400,0.036700,0.022000
1606,26.800586,17.216500,0.689300,0.010300,16.437300,0.079000,9.466880,1.752760,1,1920,1080,"scripted-0",0.000000,0.000000,0.000200,0.000900,0.000100,0.031200,0.007400
1607,26.817802,16.055600,0.453800,0.007400,15.518700,0.075300,9.388160,1.650360,1,1920,1080,"scripted-0",0.000000,0.000000,0.000400,0.000300,0.000200,0.021400,0.006400
1608,26.833858,16.625500,0.617400,0.010000,15.876400,0.121200,9.485800,1.761600,1,1920,1080,"scripted-0",0.000000,0.000000,0.000100,0.000400,0.000100,0.018700,0.007000
1609,26.850484,16.610700,0.375700,0.008900,16.154000,0.070700,9.436680,1.664760,1,1920,1080,"scripted-0",0.000000,0.000000,0.000600,0.000500,0.000500,0.038900,0.012500
1610,26.867094,17.518100,0.654600,0.011000,16.558600,0.293500,9.682440,1.777280,1,1920,1080,"scripted-0",0.000000,0.000000,0.000300,0.000300,0.000200,0.019100,0.006300
1611,26.884612,15.925900,0.692100,0.009500,15.059200,0.164200,9.349120,1.655960,1,1920,1080,"scripted-0",0.000000,0.000000,0.000300,0.000700,0.000100,0.037700,0.018100
1612,26.900538,17.345200,0.812200,0.013100,16.372200,0.146700,9.479120,1.767720,1,1920,1080,"scripted-0",0.000000,0.000000,0.000300,0.000700,0.000300,0.040400,0.015200
1613,26.917883,15.290700,0.349400,0.005200,14.866800,0.068600,9.661810,1.946350,1,1920,1080,"scripted-0",0.000000,0.000000,0.000500,0.001100,0.000200,0.031400,0.011900
1614,26.933174,17.443200,0.506600,0.005900,16.812600,0.117600,9.533000,1.806760,1,1920,1080,"scripted-0",0.000000,0.000000,0.000000,0.000000,0.000000,0.000000,0.006700
1615,26.950617,16.232600,0.578000,0.007000,15.575800,0.071200,9.348120,1.637840,1,1920,1080,"scripted-0",0.000000,0.000000,0.000600,0.000300,0.000200,0.031700,0.010700
1616,26.966849,17.070800,0.658000,0.007200,16.317500,0.087600,9.475160,1.749720,1,1920,1080,"scripted-0",0.000000,0.000000,0.000100,0.000500,0.000100,0.019600,0.007400
1617,26.983920,16.710900,0.536700,0.007600,16.044500,0.121700,9.366640,1.649880,1,1920,1080,"scripted-0",0.000000,0.000000,0.000200,0.000200,0.000100,0.021000,0.006700
1618,27.000631,16.795600,0.626500,0.009300,16.039000,0.120200,9.490840,1.747840,1,1920,1080,"scripted-0",0.000000,0.000000,0.000200,0.000800,0.000200,0.037000,0.013500
1619,27.017427,16.539500,0.769900,0.009600,15.605500,0.153400,9.365120,1.672520,1,1920,1080,"scripted-0",0.000000,0.000000,0.000600,0.000100,0.000400,0.040000,0.013500
1620,27.033967,16.841600,0.715600,0.007900,15.959500,0.157600,9.493960,1.764640,1,1920,1080,"scripted-0",0.000000,0.000000,0.000300,0.000500,0.000400,0.036500,0.012400
1621,27.050808,16.541400,0.630700,0.011000,15.834300,0.064500,9.419040,1.664640,1,1920,1080,"scripted-0",0.000000,0.000000,0.000800,0.000400,0.000500,0.044400,0.016400
1622,27.067349,16.489500,0.680600,0.006600,15.607400,0.194300,9.541120,1.833080,1,1920,1080,"scripted-0",0.000000,0.000000,0.000400,0.000400,0.000100,0.019400,0.006200
1623,27.083840,16.623900,0.477400,0.008600,16.068100,0.067800,9.436000,1.654920,1,1920,1080,"scripted-0",0.000000,0.000000,0.001700,0.000600,0.001000,0.085100,0.032800
1624,27.100463,17.050900,0.444800,0.010200,16.529900,0.065500,9.503240,1.752200,1,1920,1080,"scripted-0",0.000000,0.000000,0.000300,0.000200,0.000200,0.019700,0.005600
1625,27.117513,16.242300,0.647800,0.006300,15.427300,0.160500,9.386440,1.671720,1,1920,1080,"scripted-0",0.000000,0.000000,0.000300,0.000600,0.000200,0.018500,0.005800
1626,27.133756,17.579600,0.570800,0.012600,16.912600,0.083000,9.597880,1.765800,1,1920,1080,"scripted-0",0.000000,0.000000,0.000500,0.000500,0.000400,0.041500,0.017100
1627,27.151335,15.648400,0.353600,0.006600,14.837600,0.450200,9.533840,1.705440,1,1920,1080,"scripted-0",0.000000,0.000000,0.000600,0.000300,0.000200,0.024400,0.008700
1628,27.166984,16.442900,0.458200,0.007500,15.883900,0.092600,9.444720,1.758200,1,1920,1080,"scripted-0",0.000000,0.000000,0.000700,0.000400,0.000200,0.034900,0.018100
1629,27.183427,17.486400,0.371900,0.005600,17.034100,0.074100,9.364280,1.666120,1,1920,1080,"scripted-0",0.000000,0.000000,0.000400,0.000700,0.000200,0.033000,0.007200
1630,27.200913,16.062800,0.671100,0.007000,15.215900,0.168200,9.483880,1.762280,1,1920,1080,"scripted-0",0.000000,0.000000,0.000500,0.000200,0.000200,0.028200,0.011100
1631,27.216977,17.151300,0.654300,0.010300,16.359100,0.126100,9.351680,1.657520,1,1920,1080,"scripted-0",0.000000,0.000000,0.001000,0.000200,0.000200,0.044700,0.016500
1632,27.234128,16.255700,0.767100,0.006000,15.308500,0.172800,9.463600,1.733960,1,1920,1080,"scripted-0",0.000000,0.000000,0.000400,0.000800,0.000200,0.038900,0.013300
1633,27.250384,16.792200,0.691900,0.006400,15.929300,0.163300,9.346280,1.654680,1,1920,1080,"scripted-0",0.000000,0.000000,0.000200,0.000500,0.000200,0.032800,0.009600
1634,27.267175,17.260900,0.685000,0.009900,16.440400,0.124800,9.441880,1.749840,1,1920,1080,"scripted-0",0.000000,0.000000,0.000600,0.000800,0.000300,0.039400,0.015800
1635,27.284436,16.301800,0.677900,0.009600,15.547700,0.066000,9.369800,1.654200,1,1920,1080,"scripted-0",0.000000,0.000000,0.000900,0.000800,0.001500,0.036600,0.022300
1636,27.300738,16.401900,0.686300,0.006900,15.522300,0.185800,9.586920,1.862800,1,1920,1080,"scripted-0",0.000000,0.000000,0.000300,0.000100,0.000300,0.022100,0.006200
1637,27.317140,16.612000,0.711900,0.010800,15.813600,0.074800,9.396640,1.663160,1,1920,1080,"scripted-0",0.000000,0.000000,0.000800,0.001300,0.000200,0.084000,0.032900
1638,27.333752,17.048600,0.551600,0.010000,16.422200,0.064300,9.529800,1.764880,1,1920,1080,"scripted-0",0.000000,0.000000,0.000100,0.000500,0.000100,0.020100,0.006400
1639,27.350800,16.112600,0.521300,0.006700,15.479900,0.104300,9.628560,1.831840,1,1920,1080,"scripted-0",0.000000,0.000000,0.000300,0.000300,0.000100,0.019100,0.006100
1640,27.366913,17.268600,0.684200,0.008000,16.441000,0.134500,9.549040,1.753920,1,1920,1080,"scripted-0",0.000000,0.000000,0.000200,0.000500,0.000300,0.065100,0.013100
1641,27.384183,16.274900,0.723800,0.011500,15.381300,0.156200,9.358480,1.647200,1,1920,1080,"scripted-0",0.000000,0.000000,0.000400,0.000600,0.000200,0.036900,0.014600
1642,27.400457,16.147600,0.390800,0.006500,15.673500,0.076200,9.469800,1.765200,1,1920,1080,"scripted-0",0.000000,0.000000,0.000400,0.001200,0.000500,0.041200,0.016000
1643,27.416604,17.671000,0.314800,0.009900,17.279000,0.066800,9.410080,1.656160,1,1920,1080,"scripted-0",0.000000,0.000000,0.000000,0.000000,0.000000,0.000000,0.008000
1644,27.434275,15.527900,0.334200,0.005200,15.092300,0.095700,9.485520,1.747600,1,1920,1080,"scripted-0",0.000000,0.000000,0.000100,0.000500,0.000200,0.024400,0.011200
1645,27.449803,18.046100,0.594400,0.012800,17.349400,0.088800,9.438600,1.693720,1,1920,1080,"scripted-0",0.000000,0.000000,0.000000,0.000000,0.000000,0.000000,0.014800
1646,27.467849,15.878300,0.581500,0.006700,15.168900,0.120400,9.525160,1.780520,1,1920,1080,"scripted-0",0.000000,0.000000,0.000600,0.000600,0.000200,0.040600,0.026400
1647,27.483727,16.835900,0.706400,0.007700,15.928400,0.192900,9.457600,1.772160,1,1920,1080,"scripted-0",0.000000,0.000000,0.000300,0.000500,0.000200,0.026800,0.011100
1648,27.500564,16.615800,0.655600,0.012700,15.878700,0.067200,9.455840,1.741240,1,1920,1080,"scripted-0",0.000000,0.000000,0.001200,0.000800,0.000300,0.083900,0.030200
1649,27.517179,16.787700,0.644900,0.007400,16.062100,0.072800,9.382640,1.655240,1,1920,1080,"scripted-0",0.000000,0.000000,0.000200,0.000400,0.000200,0.020000,0.006000
1650,27.533967,16.322300,0.560800,0.007600,15.687200,0.066300,9.485360,1.758720,1,1920,1080,"scripted-0",0.000000,0.000000,0.000200,0.000300,0.000100,0.020000,0.006300
1651,27.550289,16.847900,0.673500,0.008100,16.096300,0.069500,9.367640,1.657440,1,1920,1080,"scripted-0",0.000000,0.000000,0.000400,0.000100,0.000300,0.033100,0.006800
1652,27.567137,17.202200,0.562200,0.010500,16.561800,0.067200,9.507240,1.771280,1,1920,1080,"scripted-0",0.000000,0.000000,0.000500,0.000200,0.000100,0.019900,0.006500
1653,27.584339,15.911900,0.577400,0.006500,15.256300,0.071300,9.390280,1.673280,1,1920,1080,"scripted-0",0.000000,0.000000,0.000200,0.000200,0.000500,0.018900,0.006000
1654,27.600251,17.211000,0.506100,0.010500,16.627200,0.066800,9.513560,1.739760,1,1920,1080,"scripted-0",0.000000,0.000000,0.000300,0.000200,0.000600,0.020100,0.007100
1655,27.617462,17.061100,0.700700,0.010500,16.118100,0.231200,9.380080,1.658520,1,1920,1080,"scripted-0",0.000000,0.000000,0.000400,0.000100,0.000200,0.019800,0.005900
1656,27.634523,15.985800,0.344900,0.007000,15.563000,0.070200,9.444880,1.739440,1,1920,1080,"scripted-0",0.000000,0.000000,0.000500,0.000700,0.000400,0.033500,0.014500
1657,27.650509,16.481100,0.431100,0.006400,15.934800,0.107900,9.413120,1.705880,1,1920,1080,"scripted-0",0.000000,0.000000,0.000300,0.000500,0.000200,0.018600,0.006300
1658,27.666991,16.406300,0.469700,0.007800,15.859600,0.068200,9.472120,1.748800,1,1920,1080,"scripted-0",0.000000,0.000000,0.000600,0.000200,0.000400,0.037900,0.010900
1659,27.683396,16.831400,0.652200,0.006300,16.010000,0.162500,9.349800,1.666960,1,1920,1080,"scripted-0",0.000000,0.000000,0.000200,0.000400,0.000100,0.019100,0.005900
1660,27.700228,17.129100,0.616900,0.008200,16.435300,0.067900,9.469400,1.760200,1,1920,1080,"scripted-0",0.000000,0.000000,0.000400,0.013800,0.000200,0.037300,0.013700
1661,27.717357,16.191900,0.564700,0.006400,15.545400,0.075000,9.567240,1.832160,1,1920,1080,"scripted-0",0.000000,0.000000,0.000200,0.000500,0.000100,0.018700,0.006300
1662,27.733549,17.090200,0.535800,0.008000,16.479100,0.066800,9.462880,1.753320,1,1920,1080,"scripted-0",0.000000,0.000000,0.000900,0.000200,0.000200,0.038800,0.010600
1663,27.750639,16.033500,0.458900,0.007600,15.491800,0.074800,9.343920,1.642560,1,1920,1080,"scripted-0",0.000000,0.000000,0.000200,0.000400,0.000100,0.019200,0.005900
1664,27.766672,17.096100,0.549000,0.008200,16.445600,0.092800,9.620240,1.884040,1,1920,1080,"scripted-0",0.000000,0.000000,0.000300,0.000200,0.000100,0.019400,0.006800
1665,27.783769,17.030600,0.572600,0.010900,16.378800,0.067600,9.320440,1.651480,1,1920,1080,"scripted-0",0.000000,0.000000,0.000400,0.000600,0.000400,0.033600,0.008500
1666,27.800799,16.013700,0.434700,0.006900,15.486900,0.084700,9.662920,1.899920,1,1920,1080,"scripted-0",0.000000,0.000000,0.000200,0.000300,0.000200,0.019300,0.006100
1667,27.816813,16.819500,0.682200,0.006900,16.053400,0.076100,9.355120,1.663120,1,1920,1080,"scripted-0",0.000000,0.000000,0.000500,0.000400,0.000400,0.031600,0.008700
1668,27.833632,16.969400,0.834900,0.008400,15.949900,0.175700,9.519840,1.770560,1,1920,1080,"scripted-0",0.000000,0.000000,0.000300,0.000200,0.000100,0.019800,0.008400
1669,27.850602,16.216500,0.640900,0.007500,15.466600,0.100300,9.518800,1.816680,1,1920,1080,"scripted-0",0.000000,0.000000,0.000300,0.000400,0.000200,0.083600,0.009400
1670,27.866818,17.444900,0.780700,0.007700,16.099700,0.556200,9.413440,1.715640,1,1920,1080,"scripted-0",0.000000,0.000000,0.000400,0.001100,0.000200,0.034700,0.010100
1671,27.884264,16.098100,0.652900,0.012500,15.304600,0.127100,9.371920,1.671880,1,1920,1080,"scripted-0",0.000000,0.000000,0.000900,0.000500,0.000400,0.035600,0.011500
1672,27.900361,15.966300,0.355700,0.006500,15.537700,0.065900,9.618270,1.917080,1,1920,1080,"scripted-0",0.000000,0.000000,0.000300,0.000900,0.000300,0.044100,0.010500
1673,27.916328,17.578500,0.541000,0.007500,16.956100,0.073400,9.378760,1.652040,1,1920,1080,"scripted-0",0.000000,0.000000,0.000000,0.000000,0.000000,0.000000,0.007200
1674,27.933906,16.071800,0.484700,0.008700,15.503500,0.074500,9.519360,1.752160,1,1920,1080,"scripted-0",0.000000,0.000000,0.000300,0.000400,0.000100,0.023100,0.006200
1675,27.949978,16.984500,0.548000,0.006200,16.354900,0.074800,9.389560,1.651280,1,1920,1080,"scripted-0",0.000000,0.000000,0.000000,0.000000,0.000000,0.000000,0.007600
1676,27.966962,17.179200,0.569000,0.010000,16.528900,0.070800,9.436280,1.764560,1,1920,1080,"scripted-0",0.000000,0.000000,0.000300,0.000500,0.000100,0.025400,0.006900
1677,27.984141,16.921700,0.508600,0.009900,16.339600,0.063100,9.379440,1.664600,1,1920,1080,"scripted-0",0.000000,0.000000,0.000300,0.000100,0.000100,0.020700,0.006700
1678,28.001063,16.069800,0.510500,0.009200,15.480000,0.069700,9.484360,1.742480,1,1920,1080,"scripted-0",0.000000,0.000000,0.000200,0.000300,0.000100,0.019600,0.006600
1679,28.017133,17.102200,0.489500,0.009900,16.537100,0.065100,9.392720,1.657560,1,1920,1080,"scripted-0",0.000000,0.000000,0.000300,0.000400,0.000100,0.020000,0.006900
1680,28.034235,16.331100,0.570500,0.007400,15.624800,0.128000,9.449800,1.735840,1,1920,1080,"scripted-0",0.000000,0.000000,0.000300,0.000100,0.000200,0.020200,0.006300
1681,28.050567,16.630000,0.674900,0.011700,15.858800,0.083100,9.386480,1.652400,1,1920,1080,"scripted-0",0.000000,0.000000,0.000900,0.000400,0.000300,0.041900,0.011500
1682,28.067196,16.706800,0.565100,0.007400,16.014000,0.119900,9.642360,1.755480,1,1920,1080,"scripted-0",0.000000,0.000000,0.000600,0.000100,0.000200,0.023500,0.008500
1683,28.083903,16.805700,0.704100,0.009200,15.936100,0.155800,9.506960,1.683520,1,1920,1080,"scripted-0",0.000000,0.000000,0.000400,0.000600,0.000200,0.038100,0.012800
1684,28.100709,16.734200,0.742200,0.008900,15.637500,0.344900,9.471880,1.759880,1,1920,1080,"scripted-0",0.000000,0.000000,0.000500,0.000500,0.000500,0.043300,0.016000
1685,28.117444,16.666300,0.573800,0.010500,15.979500,0.101200,9.420720,1.702040,1,1920,1080,"scripted-0",0.000000,0.000000,0.000300,0.000700,0.000200,0.039800,0.019900
1686,28.134109,15.625100,0.347800,0.004700,15.204200,0.067800,9.659800,1.927960,1,1920,1080,"scripted-0",0.000000,0.000000,0.000500,0.000400,0.000300,0.034900,0.010900
1687,28.149734,17.579000,0.604600,0.007900,16.895000,0.071000,9.399160,1.665600,1,1920,1080,"scripted-0",0.000000,0.000000,0.000000,0.000000,0.000000,0.000000,0.006500
1688,28.167313,17.112400,0.498600,0.008900,16.534800,0.069700,9.492360,1.748760,1,1920,1080,"scripted-0",0.000000,0.000000,0.000300,0.000200,0.000100,0.022800,0.007400
1689,28.184426,15.880600,0.655900,0.006700,15.093700,0.123800,9.392080,1.644760,1,1920,1080,"scripted-0",0.000000,0.000000,0.000200,0.000400,0.000200,0.020300,0.009700
1690,28.200307,17.034000,0.670100,0.007400,16.213000,0.142800,9.453680,1.754040,1,1920,1080,"scripted-0",0.000000,0.000000,0.000100,0.000300,0.000100,0.019700,0.006600
1691,28.217340,16.543100,0.667400,0.008100,15.706600,0.160500,9.416600,1.674280,1,1920,1080,"scripted-0",0.000000,0.000000,0.000200,0.000200,0.000100,0.019000,0.006400
1692,28.233884,16.473000,0.719800,0.009300,15.588200,0.154300,9.435040,1.736560,1,1920,1080,"scripted-0",0.000000,0.000000,0.000500,0.000800,0.000400,0.045400,0.014800
1693,28.250356,16.989300,0.757900,0.008300,16.053600,0.169100,9.449000,1.741040,1,1920,1080,"scripted-0",0.000000,0.000000,0.000400,0.000600,0.000200,0.034200,0.011400
1694,28.267346,16.438000,0.474400,0.008300,15.884700,0.069700,9.509440,1.738920,1,1920,1080,"scripted-0",0.000000,0.000000,0.000400,0.001100,0.000600,0.065400,0.019100
1695,28.283784,16.758100,0.747900,0.007200,15.929300,0.073300,9.358880,1.659360,1,1920,1080,"scripted-0",0.000000,0.000000,0.000200,0.000400,0.000100,0.019600,0.006200
1696,28.300542,16.282800,0.486200,0.007200,15.706200,0.082600,9.642000,1.873000,1,1920,1080,"scripted-0",0.000000,0.000000,0.000100,0.000500,0.000100,0.019200,0.008000
1697,28.316825,17.168700,0.457100,0.006500,16.536800,0.167800,9.502560,1.784320,1,1920,1080,"scripted-0",0.000000,0.000000,0.000400,0.000600,0.000600,0.039700,0.019900
1698,28.333994,16.695400,0.553700,0.011300,15.511600,0.618100,9.500360,1.756320,1,1920,1080,"scripted-0",0.000000,0.000000,0.001300,0.001600,0.000700,0.065600,0.025100
1699,28.350689,16.701800,0.548500,0.010300,15.670900,0.471600,9.604200,1.739480,1,1920,1080,"scripted-0",0.000000,0.000000,0.001200,0.000800,0.000300,0.048900,0.020900
1700,28.367391,15.653800,0.433000,0.009800,15.140800,0.069700,9.676200,1.953200,1,1920,1080,"scripted-0",0.000000,0.000000,0.000800,0.001000,0.000400,0.048100,0.020100
1701,28.383045,17.369300,0.679500,0.005500,16.501300,0.182400,9.452520,1.755240,1,1920,1080,"scripted-0",0.000000,0.000000,0.000000,0.000000,0.000000,0.000000,0.007400
1702,28.400414,15.889000,0.466900,0.006300,15.343800,0.071100,9.491520,1.741520,1,1920,1080,"scripted-0",0.000000,0.000000,0.000900,0.000900,0.000400,0.086700,0.025100
1703,28.416303,17.454100,0.661700,0.007300,16.715000,0.069700,9.365800,1.653520,1,1920,1080,"scripted-0",0.000000,0.000000,0.000000,0.000000,0.000000,0.000000,0.007300
1704,28.433757,16.932100,0.677900,0.008100,16.087100,0.158500,9.464760,1.748640,1,1920,1080,"scripted-0",0.000000,0.000000,0.000100,0.000700,0.000300,0.022300,0.011100
1705,28.450690,16.198600,0.626300,0.006300,15.489600,0.075100,9.384400,1.645280,1,1920,1080,"scripted-0",0.000000,0.000000,0.000600,0.001300,0.000400,0.034900,0.009800
1706,28.466887,16.523700,0.540200,0.007800,15.852400,0.122900,9.473680,1.753000,1,1920,1080,"scripted-0",0.000000,0.000000,0.000500,0.000500,0.000200,0.020100,0.006700
1707,28.483411,16.547100,0.454800,0.007200,15.996000,0.088500,9.378840,1.682840,1,1920,1080,"scripted-0",0.000000,0.000000,0.000200,0.000300,0.000300,0.024500,0.010900
1708,28.499958,16.877900,0.520100,0.006200,16.244600,0.106400,9.494120,1.763640,1,1920,1080,"scripted-0",0.000000,0.000000,0.000000,0.000000,0.000000,0.000000,0.008800
1709,28.516836,16.644700,0.550100,0.006700,15.944700,0.142700,9.409440,1.685960,1,1920,1080,"scripted-0",0.000000,0.000000,0.000300,0.000200,0.000200,0.024400,0.007800
1710,28.533481,16.560700,0.531300,0.007800,15.928900,0.092200,9.488440,1.762040,1,1920,1080,"scripted-0",0.000000,0.000000,0.000200,0.000400,0.000200,0.034100,0.014500
1711,28.550042,16.682900,0.535700,0.006500,16.010300,0.129500,9.695160,1.719410,1,1920,1080,"scripted-0",0.000000,0.000000,0.000300,0.000200,0.000300,0.021200,0.007900
1712,28.566725,16.834200,0.555600,0.007400,16.131100,0.139500,9.607680,1.759200,1,1920,1080,"scripted-0",0.000000,0.000000,0.000400,0.000100,0.000200,0.024600,0.011000
1713,28.583559,16.561200,0.509700,0.008200,15.946100,0.096600,9.859600,1.719520,1,1920,1080,"scripted-0",0.000000,0.000000,0.000900,0.000800,0.000600,0.032800,0.017700
1714,28.600120,16.703700,0.568800,0.007300,15.960900,0.166300,9.948000,1.812520,1,1920,1080,"scripted-0",0.000000,0.000000,0.000100,0.000500,0.000100,0.023500,0.009200
1715,28.616824,17.324200,0.631500,0.008900,16.000900,0.681600,9.471280,1.700400,1,1920,1080,"scripted-0",0.000000,0.000000,0.000300,0.000900,0.000400,0.038700,0.017300
1716,28.634149,16.246100,0.512700,0.011800,15.629200,0.091100,9.540240,1.797240,1,1920,1080,"scripted-0",0.000000,0.000000,0.000900,0.001000,0.000600,0.046400,0.027900
1717,28.650394,16.454700,0.541300,0.007700,15.779300,0.125900,9.453560,1.673880,1,1920,1080,"scripted-0",0.000000,0.000000,0.000300,0.000300,0.000200,0.022400,0.007800
1718,28.666849,16.363000,0.558000,0.008100,15.714900,0.081300,9.478680,1.756160,1,1920,1080,"scripted-0",0.000000,0.000000,0.000400,0.000200,0.000100,0.024900,0.012200
1719,28.683211,17.026700,0.448500,0.006200,16.508700,0.062900,9.346040,1.655440,1,1920,1080,"scripted-0",0.000000,0.000000,0.000000,0.000000,0.000000,0.000000,0.007800
1720,28.700238,16.769500,0.654200,0.007000,15.952800,0.155100,9.489640,1.742360,1,1920,1080,"scripted-0",0.000000,0.000000,0.000100,0.000600,0.000100,0.023100,0.006300
1721,28.717009,16.540800,0.656600,0.009500,15.789700,0.083600,9.519200,1.825040,1,1920,1080,"scripted-0",0.000000,0.000000,0.000500,0.000500,0.000500,0.044100,0.014200
1722,28.733549,16.888300,0.687400,0.007600,16.117600,0.074900,9.446120,1.742840,1,1920,1080,"scripted-0",0.000000,0.000000,0.000400,0.000400,0.000400,0.035900,0.008600
1723,28.750437,16.749100,0.750300,0.008800,15.816600,0.173000,9.425840,1.739360,1,1920,1080,"scripted-0",0.000000,0.000000,0.000100,0.000300,0.000200,0.020400,0.008000
1724,28.767188,16.924100,0.550400,0.008000,16.271300,0.092000,9.548440,1.820840,1,1920,1080,"scripted-0",0.000000,0.000000,0.002200,0.000900,0.000400,0.076600,0.023500
1725,28.784110,16.276000,0.717800,0.009400,15.432400,0.115900,9.400200,1.664880,1,1920,1080,"scripted-0",0.000000,0.000000,0.001400,0.000300,0.000500,0.043300,0.019500
1726,28.800386,16.395100,0.541300,0.007900,15.762200,0.083400,9.611320,1.878400,1,1920,1080,"scripted-0",0.000000,0.000000,0.000300,0.000600,0.000200,0.019600,0.006400
1727,28.816782,17.232000,0.462200,0.006900,16.673400,0.088600,9.501600,1.754960,1,1920,1080,"scripted-0",0.000000,0.000000,0.000300,0.000400,0.000400,0.036400,0.017100
1728,28.834014,16.532100,0.717100,0.008900,15.698300,0.107000,9.490320,1.746400,1,1920,1080,"scripted-0",0.000000,0.000000,0.000400,0.000300,0.000200,0.036800,0.009300
1729,28.850545,16.276400,0.550900,0.009000,15.648100,0.068000,9.340080,1.661840,1,1920,1080,"scripted-0",0.000000,0.000000,0.000400,0.000100,0.000300,0.021200,0.006600
1730,28.866822,17.016400,0.462600,0.007400,16.478200,0.067800,9.535000,1.772200,1,1920,1080,"scripted-0",0.000000,0.000000,0.000200,0.000100,0.000100,0.019700,0.010200
1731,28.883838,16.509500,0.319800,0.005600,16.112600,0.071100,9.391400,1.666840,1,1920,1080,"scripted-0",0.000000,0.000000,0.000200,0.000100,0.000200,0.020000,0.006100
1732,28.900347,17.028300,0.414400,0.007000,16.512400,0.094100,10.208280,2.469680,1,1920,1080,"scripted-0",0.000000,0.000000,0.000100,0.000400,0.000200,0.023100,0.006800
1733,28.917376,15.813400,0.387600,0.005600,15.340800,0.078700,9.423320,1.661760,1,1920,1080,"scripted-0",0.000000,0.000000,0.000600,0.001000,0.001200,0.035500,0.021500
1734,28.933189,17.636500,0.612800,0.007500,16.945600,0.070100,9.490800,1.752720,1,1920,1080,"scripted-0",0.000000,0.000000,0.000000,0.000000,0.000000,0.000000,0.009000
1735,28.950826,16.213400,0.497100,0.007900,15.619900,0.088100,9.528480,1.806360,1,1920,1080,"scripted-0",0.000000,0.000000,0.000200,0.000400,0.000200,0.022900,0.006800
1736,28.967040,16.732500,0.715900,0.010100,15.848200,0.157000,9.509520,1.751560,1,1920,1080,"scripted-0",0.000000,0.000000,0.000300,0.000600,0.000100,0.033300,0.015300
1737,28.983772,16.345500,0.455200,0.009300,15.799800,0.080700,9.551000,1.788920,1,1920,1080,"scripted-0",0.000000,0.000000,0.000500,0.000600,0.000300,0.029300,0.009900
1738,29.000118,17.303200,0.690100,0.007800,16.450800,0.153700,9.498560,1.763920,1,1920,1080,"scripted-0",0.000000,0.000000,0.000400,0.000900,0.000300,0.035200,0.008200
1739,29.017421,16.548000,0.787800,0.009600,15.670300,0.079100,9.381920,1.663760,1,1920,1080,"scripted-0",0.000000,0.000000,0.000700,0.000400,0.000200,0.047400,0.013900
1740,29.033968,16.207700,0.539700,0.009000,15.575600,0.082900,9.619560,1.916640,1,1920,1080,"scripted-0",0.000000,0.000000,0.000200,0.000400,0.000200,0.019200,0.007400
1741,29.050176,17.076800,0.492600,0.007900,16.497600,0.078100,9.378440,1.672840,1,1920,1080,"scripted-0",0.000000,0.000000,0.000400,0.001300,0.000500,0.047100,0.016700
1742,29.067253,16.173700,0.323900,0.005500,15.773100,0.070700,9.445200,1.743000,1,1920,1080,"scripted-0",0.000000,0.000000,0.000200,0.000200,0.000100,0.019300,0.006300
1743,29.083427,16.891300,0.544100,0.008200,16.248600,0.089900,9.565440,1.795480,1,1920,1080,"scripted-0",0.000000,0.000000,0.000200,0.000200,0.000200,0.019500,0.006400
1744,29.100318,17.073200,0.539300,0.010900,16.458400,0.063900,9.814760,1.793160,1,1920,1080,"scripted-0",0.000000,0.000000,0.000400,0.000600,0.000200,0.038900,0.020700
1745,29.117391,15.785100,0.466500,0.006700,15.225100,0.086400,9.472880,1.677800,1,1920,1080,"scripted-0",0.000000,0.000000,0.000300,0.000200,0.000300,0.019300,0.006500
1746,29.133176,17.046600,0.317000,0.005700,16.136300,0.587100,9.676560,1.785640,1,1920,1080,"scripted-0",0.000000,0.000000,0.000000,0.000000,0.000000,0.000000,0.008800
1747,29.150223,16.246200,0.585000,0.010800,15.556200,0.093700,9.441040,1.692840,1,1920,1080,"scripted-0",0.000000,0.000000,0.001000,0.000600,0.000100,0.056400,0.026000
1748,29.166469,16.538100,0.324300,0.006300,16.139100,0.067700,9.579000,1.764000,1,1920,1080,"scripted-0",0.000000,0.000000,0.000000,0.000000,0.000000,0.000000,0.010300
1749,29.183007,17.004100,0.561800,0.007700,16.298200,0.135900,9.400640,1.675600,1,1920,1080,"scripted-0",0.000000,0.000000,0.000500,0.000200,0.000300,0.025800,0.006100
1750,29.200012,17.118200,0.851800,0.010600,16.080300,0.173800,9.601280,1.777640,1,1920,1080,"scripted-0",0.000000,0.000000,0.000300,0.000300,0.000300,0.032200,0.011000
1751,29.217130,16.261100,0.611500,0.007200,15.566700,0.074500,9.559120,1.685960,1,1920,1080,"scripted-0",0.000000,0.000000,0.000700,0.000400,0.000500,0.051400,0.011700
1752,29.233391,16.723400,0.684500,0.008000,15.860000,0.169900,9.691880,1.783440,1,1920,1080,"scripted-0",0.000000,0.000000,0.000200,0.000400,0.000200,0.021500,0.010600
1753,29.250114,17.002100,0.796900,0.011500,16.019600,0.173300,9.426040,1.745200,1,1920,1080,"scripted-0",0.000000,0.000000,0.000500,0.000200,0.000300,0.044200,0.017700
1754,29.267116,16.520900,0.768400,0.011800,15.579700,0.160100,9.439280,1.749880,1,1920,1080,"scripted-0",0.000000,0.000000,0.000700,0.001400,0.000300,0.075000,0.020000
1755,29.283637,16.616300,0.639000,0.009200,15.851400,0.116000,9.359640,1.658840,1,1920,1080,"scripted-0",0.000000,0.000000,0.000400,0.000900,0.000400,0.043200,0.015500
1756,29.300253,16.418200,0.550400,0.008100,15.786300,0.072800,9.483360,1.758200,1,1920,1080,"scripted-0",0.000000,0.000000,0.000400,0.000200,0.000100,0.028000,0.010400
1757,29.316671,16.863400,0.724800,0.006300,16.045600,0.086300,9.434400,1.685040,1,1920,1080,"scripted-0",0.000000,0.000000,0.000300,0.000300,0.000100,0.021600,0.006000
1758,29.333535,16.869500,0.556800,0.006900,16.160400,0.144900,9.496160,1.754000,1,1920,1080,"scripted-0",0.000000,0.000000,0.000200,0.000500,0.000100,0.025200,0.013700
1759,29.350405,17.102100,0.707200,0.007400,16.248500,0.138100,9.490280,1.696480,1,1920,1080,"scripted-0",0.000000,0.000000,0.000400,0.000200,0.000100,0.025700,0.012500
1760,29.367507,16.638800,0.748200,0.007000,15.402300,0.480700,9.474160,1.746480,1,1920,1080,"scripted-0",0.000000,0.000000,0.000200,0.000800,0.000300,0.034800,0.014200
1761,29.384145,15.834200,0.460500,0.011200,15.159400,0.202700,9.433720,1.641560,1,1920,1080,"scripted-0",0.000000,0.000000,0.000500,0.000400,0.000300,0.039800,0.030000
1762,29.399980,16.421200,0.274300,0.003600,16.081100,0.061300,9.524060,1.798710,1,1920,1080,"scripted-0",0.000000,0.000000,0.000000,0.000000,0.000000,0.000000,0.010800
1763,29.416401,16.721700,0.501800,0.004700,15.997700,0.216900,9.517200,1.729880,1,1920,1080,"scripted-0",0.000000,0.000000,0.000200,0.000400,0.000100,0.020500,0.006200
1764,29.433123,16.619100,0.409000,0.006500,16.131600,0.070900,9.461160,1.748080,1,1920,1080,"scripted-0",0.000000,0.000000,0.000900,0.000200,0.000200,0.055700,0.024900
1765,29.449741,16.912600,0.650100,0.008700,16.131100,0.122200,9.348000,1.659360,1,1920,1080,"scripted-0",0.000000,0.000000,0.000200,0.000400,0.000100,0.022200,0.006500
1766,29.466654,16.657800,0.381600,0.008600,16.199900,0.067300,9.481760,1.763120,1,1920,1080,"scripted-0",0.000000,0.000000,0.000300,0.000400,0.000200,0.023700,0.006000
1767,29.483312,16.464700,0.303800,0.006300,16.075100,0.079100,9.285400,1.621880,1,1920,1080,"scripted-0",0.000000,0.000000,0.000000,0.000000,0.000000,0.000000,0.006900
1768,29.499776,16.840300,0.543000,0.007900,16.156300,0.132700,9.442240,1.769520,1,1920,1080,"scripted-0",0.000000,0.000000,0.000200,0.000400,0.000100,0.023800,0.007400
1769,29.516617,16.626400,0.585400,0.009500,15.884200,0.146700,9.309560,1.632160,1,1920,1080,"scripted-0",0.000000,0.000000,0.000400,0.000300,0.000300,0.034400,0.014000
1770,29.533244,16.489600,0.378600,0.008800,16.013300,0.087800,9.408080,1.710560,1,1920,1080,"scripted-0",0.000000,0.000000,0.000400,0.000400,0.000100,0.030600,0.019800
1771,29.549733,16.699300,0.344500,0.007400,16.271800,0.075100,9.532680,1.843760,1,1920,1080,"scripted-0",0.000000,0.000000,0.000300,0.000100,0.000200,0.022400,0.009800
1772,29.566432,16.585700,0.337500,0.005200,16.158600,0.083900,9.380680,1.694640,1,1920,1080,"scripted-0",0.000000,0.000000,0.000200,0.000400,0.000200,0.021600,0.007300
1773,29.583018,16.891700,0.339100,0.006900,16.461200,0.084100,9.431920,1.646440,1,1920,1080,"scripted-0",0.000000,0.000000,0.000100,0.000600,0.000100,0.021800,0.008900
1774,29.599909,16.434500,0.327100,0.005700,16.035200,0.066100,9.420160,1.697800,1,1920,1080,"scripted-0",0.000000,0.000000,0.000300,0.000800,0.000200,0.021000,0.007100
1775,29.616344,16.952400,0.388300,0.006300,16.438500,0.118900,9.312280,1.605200,1,1920,1080,"scripted-0",0.000000,0.000000,0.000200,0.000200,0.000200,0.019300,0.006300
1776,29.633296,16.406300,0.356000,0.007400,15.952400,0.090000,9.628820,1.762270,1,1920,1080,"scripted-0",0.000000,0.000000,0.000100,0.000400,0.000100,0.021500,0.010700
1777,29.649703,16.499000,0.334400,0.007300,16.077700,0.078400,9.398000,1.638560,1,1920,1080,"scripted-0",0.000000,0.000000,0.000100,0.000500,0.000100,0.022800,0.008400
1778,29.666201,16.791200,0.534700,0.006100,16.133900,0.116200,9.459240,1.750520,1,1920,1080,"scripted-0",0.000000,0.000000,0.000100,0.000400,0.000200,0.022100,0.007700
1779,29.682993,17.095900,0.663500,0.007300,16.274800,0.149800,9.359400,1.667240,1,1920,1080,"scripted-0",0.000000,0.000000,0.000600,0.000900,0.000300,0.025000,0.019000
1780,29.700089,16.676700,0.776400,0.008300,15.725500,0.165800,9.572560,1.860240,1,1920,1080,"scripted-0",0.000000,0.000000,0.000800,0.000400,0.000300,0.046800,0.013900
1781,29.716766,17.058000,0.658400,0.011700,16.268000,0.119000,9.372120,1.651400,1,1920,1080,"scripted-0",0.000000,0.000000,0.000600,0.001300,0.000500,0.074400,0.015900
1782,29.733823,16.337400,0.653600,0.008300,15.558200,0.116800,9.492200,1.767360,1,1920,1080,"scripted-0",0.000000,0.000000,0.000300,0.000300,0.000200,0.039300,0.013800
1783,29.750161,17.217400,0.677200,0.009300,16.438200,0.092100,9.353000,1.674680,1,1920,1080,"scripted-0",0.000000,0.000000,0.000300,0.000200,0.000200,0.036900,0.013900
1784,29.767379,16.346100,0.532200,0.009100,15.722400,0.081600,9.622600,1.890800,1,1920,1080,"scripted-0",0.000000,0.000000,0.010500,0.000700,0.000700,0.034900,0.008300
1785,29.783725,16.084000,0.388700,0.009500,15.619600,0.065400,9.337680,1.654440,1,1920,1080,"scripted-0",0.000000,0.000000,0.000800,0.000400,0.000400,0.034800,0.010200
1786,29.799808,17.274400,0.364100,0.010400,16.819600,0.079900,9.609080,1.868680,1,1920,1080,"scripted-0",0.000000,0.000000,0.000000,0.000000,0.000000,0.000000,0.006900
1787,29.817083,16.676000,0.593400,0.009000,16.007100,0.065800,9.498680,1.676040,1,1920,1080,"scripted-0",0.000000,0.000000,0.000300,0.000800,0.000600,0.035100,0.010600
1788,29.833759,16.370800,0.653200,0.006500,15.545100,0.165600,9.479920,1.757640,1,1920,1080,"scripted-0",0.000000,0.000000,0.000300,0.000300,0.000200,0.019200,0.006400
1789,29.850130,18.173300,0.487100,0.012300,16.731000,0.941900,9.509000,1.714920,1,1920,1080,"scripted-0",0.000000,0.000000,0.000500,0.000400,0.000200,0.039900,0.015300
1790,29.868303,14.754400,0.370100,0.009200,14.304100,0.069900,9.624600,1.917960,1,1920,1080,"scripted-0",0.000000,0.000000,0.000600,0.000500,0.000800,0.042600,0.022000
1791,29.883057,16.745700,0.392700,0.006700,16.285200,0.060700,9.342000,1.656440,1,1920,1080,"scripted-0",0.000000,0.000000,0.000000,0.000000,0.000000,0.000000,0.010000
1792,29.899803,17.064000,0.354600,0.007300,16.640300,0.061400,9.498320,1.742600,1,1920,1080,"scripted-0",0.000000,0.000000,0.000200,0.000300,0.000200,0.019500,0.008600
1793,29.916867,16.770500,0.583300,0.007200,16.059700,0.119900,9.355520,1.658520,1,1920,1080,"scripted-0",0.000000,0.000000,0.000300,0.000200,0.000200,0.022700,0.006300
1794,29.933637,17.211900,0.739600,0.010100,16.375300,0.086400,9.453680,1.730720,1,1920,1080,"scripted-0",0.000000,0.000000,0.000300,0.000500,0.000100,0.033600,0.011700
1795,29.950849,15.944400,0.610300,0.007500,15.256400,0.069800,9.395320,1.666760,1,1920,1080,"scripted-0",0.000000,0.000000,0.000200,0.000200,0.000100,0.020500,0.006100
1796,29.966794,16.701000,0.663500,0.007200,15.865000,0.164900,9.442440,1.745800,1,1920,1080,"scripted-0",0.000000,0.000000,0.000300,0.000100,0.000100,0.020100,0.006900
1797,29.983495,17.017000,0.796300,0.009700,16.037700,0.172400,9.473160,1.783360,1,1920,1080,"scripted-0",0.000000,0.000000,0.000400,0.000800,0.000200,0.041300,0.016100
1798,30.000512,16.504900,0.738500,0.010400,15.684800,0.070300,9.478840,1.735200,1,1920,1080,"scripted-0",0.000000,0.000000,0.001700,0.000700,0.000700,0.079800,0.026300
1799,30.017017,16.635700,0.730100,0.008100,15.727400,0.169700,9.429320,1.735800,1,1920,1080,"scripted-0",0.000000,0.000000,0.000300,0.000200,0.000300,0.020300,0.006500
1800,30.033653,16.547400,0.535100,0.007900,15.936000,0.067100,9.500360,1.745800,1,1920,1080,"scripted-0",0.000000,0.000000,0.000600,0.000700,0.000500,0.084200,0.025900
1801,30.050200,16.750200,0.620200,0.007800,16.053100,0.068700,9.355000,1.640600,1,1920,1080,"scripted-0",0.000000,0.000000,0.000200,0.000200,0.000100,0.020800,0.005600
1802,30.066950,16.844100,0.724100,0.007300,15.943000,0.169300,9.524480,1.808880,1,1920,1080,"scripted-0",0.000000,0.000000,0.000200,0.000300,0.000100,0.019300,0.006600
1803,30.083795,16.613200,0.526600,0.006700,15.985800,0.093000,9.575960,1.835840,1,1920,1080,"scripted-0",0.000000,0.000000,0.001300,0.001200,0.001200,0.076800,0.022700
1804,30.100408,16.336700,0.888100,0.012500,15.299000,0.135900,9.476280,1.749240,1,1920,1080,"scripted-0",0.000000,0.000000,0.001400,0.000900,0.000700,0.073500,0.031400
1805,30.116744,16.432600,0.589700,0.006600,15.763700,0.072000,9.368200,1.666080,1,1920,1080,"scripted-0",0.000000,0.000000,0.000500,0.000600,0.000200,0.027000,0.013300
1806,30.133176,17.120600,0.454100,0.007900,16.594800,0.063500,9.460760,1.740040,1,1920,1080,"scripted-0",0.000000,0.000000,0.000000,0.000000,0.000000,0.000000,0.006900
1807,30.150297,17.035000,0.619000,0.010000,16.340000,0.065600,9.373400,1.655840,1,1920,1080,"scripted-0",0.000000,0.000000,0.000300,0.000400,0.000100,0.023400,0.006100
1808,30.167333,16.816000,0.650200,0.008100,16.068600,0.088300,9.477920,1.752080,1,1920,1080,"scripted-0",0.000000,0.000000,0.000200,0.000300,0.000100,0.019000,0.005900
1809,30.184148,15.999100,0.707800,0.008100,15.128800,0.153600,9.393240,1.661640,1,1920,1080,"scripted-0",0.000000,0.000000,0.000700,0.000300,0.000400,0.034600,0.022400
1810,30.200148,16.481900,0.614200,0.005600,15.697200,0.164100,9.565840,1.755200,1,1920,1080,"scripted-0",0.000000,0.000000,0.000100,0.000900,0.000400,0.030000,0.007700
1811,30.216629,17.042800,0.607100,0.009600,16.302900,0.122500,9.382080,1.659560,1,1920,1080,"scripted-0",0.000000,0.000000,0.000000,0.000000,0.000000,0.000000,0.018600
1812,30.233672,16.695500,0.672200,0.009300,15.938600,0.074900,9.514560,1.760760,1,1920,1080,"scripted-0",0.000000,0.000000,0.000800,0.000600,0.000200,0.041400,0.012100
1813,30.250367,16.235000,0.495100,0.005300,15.575500,0.158800,9.371600,1.666360,1,1920,1080,"scripted-0",0.000000,0.000000,0.000200,0.000300,0.000200,0.019300,0.006400
1814,30.266603,16.941400,0.523700,0.008600,16.331900,0.076300,9.489520,1.741920,1,1920,1080,"scripted-0",0.000000,0.000000,0.000000,0.000000,0.000000,0.000000,0.016100
1815,30.283544,16.867200,0.687900,0.007500,16.098300,0.073100,9.479240,1.651800,1,1920,1080,"scripted-0",0.000000,0.000000,0.000400,0.000300,0.000100,0.026000,0.007100
1816,30.300411,16.599200,0.318700,0.006100,16.189200,0.084800,9.513120,1.743680,1,1920,1080,"scripted-0",0.000000,0.000000,0.000200,0.000400,0.000200,0.020300,0.008200
1817,30.317010,16.907500,0.605100,0.009200,15.950000,0.342600,9.383000,1.685160,1,1920,1080,"scripted-0",0.000000,0.000000,0.000400,0.000400,0.000300,0.019600,0.005800
1818,30.333919,16.013600,0.670000,0.011200,15.203500,0.127500,9.627520,1.766160,1,1920,1080,"scripted-0",0.000000,0.000000,0.000300,0.000600,0.000200,0.048800,0.025300
1819,30.349932,16.734400,0.505600,0.007100,16.141200,0.079800,9.379000,1.665520,1,1920,1080,"scripted-0",0.000000,0.000000,0.000000,0.000000,0.000000,0.000000,0.018300
1820,30.366666,17.364700,0.392200,0.006700,16.871300,0.094100,9.535640,1.784160,1,1920,1080,"scripted-0",0.000000,0.000000,0.000300,0.000400,0.000200,0.021100,0.009200
1821,30.384031,15.574100,0.343600,0.006200,15.129900,0.093900,9.434800,1.679080,1,1920,1080,"scripted-0",0.000000,0.000000,0.000300,0.000100,0.000200,0.021000,0.008300
1822,30.399605,16.770300,0.303900,0.006400,16.388900,0.070600,9.460600,1.766800,1,1920,1080,"scripted-0",0.000000,0.000000,0.000000,0.000000,0.000000,0.000000,0.008300
1823,30.416375,16.711200,0.410900,0.008800,16.210300,0.080700,9.420080,1.657680,1,1920,1080,"scripted-0",0.000000,0.000000,0.000200,0.000400,0.000100,0.019600,0.007000
1824,30.433086,17.369600,0.671500,0.007500,16.531400,0.158800,9.483040,1.752240,1,1920,1080,"scripted-0",0.000000,0.000000,0.000200,0.000300,0.000200,0.019400,0.010200
1825,30.450456,17.176300,0.860700,0.012000,16.146900,0.155900,9.426840,1.673560,1,1920,1080,"scripted-0",0.000000,0.000000,0.000700,0.000800,0.000500,0.053300,0.015900
1826,30.467633,15.927700,0.781700,0.007500,14.984600,0.152400,9.477640,1.743600,1,1920,1080,"scripted-0",0.000000,0.000000,0.000400,0.000200,0.000200,0.062000,0.008900
1827,30.483560,16.438600,0.624400,0.009800,15.738000,0.065700,9.374160,1.676160,1,1920,1080,"scripted-0",0.000000,0.000000,0.000300,0.000900,0.000200,0.042500,0.015800
1828,30.499998,16.385400,0.311900,0.005700,16.003400,0.064000,9.623440,1.916560,1,1920,1080,"scripted-0",0.000000,0.000000,0.000300,0.000200,0.000200,0.021000,0.006100
1829,30.516384,17.050100,0.628300,0.006700,16.254000,0.160700,9.360800,1.646200,1,1920,1080,"scripted-0",0.000000,0.000000,0.000000,0.000000,0.000000,0.000000,0.007000
1830,30.533434,17.065600,0.697600,0.009500,16.229600,0.127900,9.462720,1.751440,1,1920,1080,"scripted-0",0.000000,0.000000,0.000600,0.001000,0.000300,0.051600,0.017300
1831,30.550500,16.496100,0.680200,0.008900,15.732700,0.072800,9.454960,1.670880,1,1920,1080,"scripted-0",0.000000,0.000000,0.000400,0.000100,0.000300,0.040700,0.014100
1832,30.566996,17.404100,0.717800,0.008800,16.177800,0.499200,9.709840,1.774440,1,1920,1080,"scripted-0",0.000000,0.000000,0.000200,0.000200,0.000100,0.018800,0.006100
1833,30.584401,15.833100,0.680900,0.013600,15.052700,0.084500,9.502120,1.798840,1,1920,1080,"scripted-0",0.000000,0.000000,0.000600,0.000200,0.000200,0.051100,0.018900
1834,30.600233,16.156500,0.423900,0.009000,15.653400,0.069600,9.456680,1.753320,1,1920,1080,"scripted-0",0.000000,0.000000,0.000400,0.000500,0.000100,0.032600,0.010200
1835,30.616389,16.835700,0.537200,0.006400,16.216800,0.074900,9.373520,1.655520,1,1920,1080,"scripted-0",0.000000,0.000000,0.000000,0.000000,0.000000,0.000000,0.008100
1836,30.633225,17.709800,0.786500,0.010100,16.738000,0.174800,9.566720,1.825960,1,1920,1080,"scripted-0",0.000000,0.000000,0.000200,0.000500,0.000200,0.022900,0.008600
1837,30.650936,15.223500,0.604300,0.005700,14.534500,0.077500,9.359040,1.655440,1,1920,1080,"scripted-0",0.000000,0.000000,0.000700,0.000900,0.001800,0.082800,0.013300
1838,30.666158,17.154000,0.496900,0.007900,16.574400,0.074400,9.463000,1.747920,1,1920,1080,"scripted-0",0.000000,0.000000,0.000000,0.000000,0.000000,0.000000,0.007600
1839,30.683312,16.627600,0.331600,0.004800,16.219200,0.071600,9.414840,1.684720,1,1920,1080,"scripted-0",0.000000,0.000000,0.000300,0.000100,0.000100,0.023100,0.006900
1840,30.699940,17.435600,0.661300,0.010400,16.688300,0.075100,9.460800,1.734120,1,1920,1080,"scripted-0",0.000000,0.000000,0.000100,0.000400,0.000100,0.020700,0.005700
1841,30.717375,16.861100,0.685300,0.009700,16.078800,0.086900,9.440560,1.688800,1,1920,1080,"scripted-0",0.000000,0.000000,0.000300,0.000200,0.000100,0.022100,0.006500
1842,30.734237,16.157600,0.654700,0.010200,15.420700,0.071300,9.484000,1.741960,1,1920,1080,"scripted-0",0.000000,0.000000,0.000400,0.000400,0.000400,0.035200,0.008300
1843,30.750394,16.012900,0.502700,0.006500,15.428100,0.075100,9.378720,1.656680,1,1920,1080,"scripted-0",0.000000,0.000000,0.000200,0.000400,0.000100,0.020100,0.006800
1844,30.766407,16.965200,0.617400,0.006800,16.262400,0.078200,9.491160,1.756560,1,1920,1080,"scripted-0",0.000000,0.000000,0.000000,0.000000,0.000000,0.000000,0.007200
1845,30.783372,16.918300,0.679400,0.007400,16.075800,0.155300,9.489640,1.692960,1,1920,1080,"scripted-0",0.000000,0.000000,0.000300,0.000200,0.000300,0.022900,0.011500
1846,30.800291,16.344200,0.574300,0.007400,15.684800,0.077000,9.479400,1.769240,1,1920,1080,"scripted-0",0.000000,0.000000,0.000400,0.000400,0.000300,0.033700,0.010200
1847,30.816635,17.094600,0.313700,0.005900,16.700600,0.074000,9.371440,1.681720,1,1920,1080,"scripted-0",0.000000,0.000000,0.000000,0.000000,0.000000,0.000000,0.006900
1848,30.833729,15.705100,0.335700,0.004800,15.298900,0.065200,9.455360,1.745160,1,1920,1080,"scripted-0",0.000000,0.000000,0.000300,0.000300,0.000100,0.023800,0.006300
1849,30.849435,17.004500,0.506800,0.006100,16.421400,0.069400,9.368360,1.642560,1,1920,1080,"scripted-0",0.000000,0.000000,0.000000,0.000000,0.000000,0.000000,0.007700
1850,30.866439,17.248700,0.581400,0.007900,16.589400,0.069600,9.439120,1.747320,1,1920,1080,"scripted-0",0.000000,0.000000,0.000100,0.000400,0.000100,0.019400,0.006000
1851,30.883688,16.159300,0.335700,0.008000,15.745800,0.069300,9.395120,1.653720,1,1920,1080,"scripted-0",0.000000,0.000000,0.000200,0.000300,0.000200,0.021900,0.006300
1852,30.899847,16.920400,0.576500,0.007500,16.253900,0.082100,9.448880,1.739040,1,1920,1080,"scripted-0",0.000000,0.000000,0.000000,0.000000,0.000000,0.000000,0.006900
1853,30.916767,16.894900,0.679500,0.007900,16.134200,0.072900,9.412200,1.661000,1,1920,1080,"scripted-0",0.000000,0.000000,0.000300,0.000300,0.000400,0.023100,0.007000
1854,30.933662,16.202200,0.446300,0.008100,15.679100,0.068300,9.475560,1.749920,1,1920,1080,"scripted-0",0.000000,0.000000,0.000200,0.000600,0.000200,0.020900,0.006600
1855,30.949864,16.964800,0.490400,0.006300,16.391400,0.076300,9.362160,1.650240,1,1920,1080,"scripted-0",0.000000,0.000000,0.000000,0.000000,0.000000,0.000000,0.007200
1856,30.966829,16.957700,0.651200,0.007400,16.230900,0.067800,9.453760,1.744760,1,1920,1080,"scripted-0",0.000000,0.000000,0.000200,0.000400,0.000300,0.025000,0.008100
1857,30.983787,16.323800,0.657800,0.006600,15.524900,0.134100,9.346480,1.656040,1,1920,1080,"scripted-0",0.000000,0.000000,0.000200,0.000300,0.000100,0.019200,0.006800
1858,31.000111,16.720600,0.782100,0.009300,15.854100,0.074600,9.460560,1.734680,1,1920,1080,"scripted-0",0.000000,0.000000,0.000300,0.000400,0.000100,0.024700,0.015800
1859,31.016831,16.573700,0.675600,0.006800,15.727200,0.163700,9.556800,1.670920,1,1920,1080,"scripted-0",0.000000,0.000000,0.000200,0.000100,0.000100,0.020100,0.011000
1860,31.033405,16.659900,0.745200,0.009300,15.834200,0.070300,9.456240,1.753240,1,1920,1080,"scripted-0",0.000000,0.000000,0.000500,0.000200,0.000300,0.042300,0.016400
1861,31.050065,17.129700,0.680100,0.007600,15.997000,0.444600,9.376600,1.665680,1,1920,1080,"scripted-0",0.000000,0.000000,0.000300,0.000100,0.000200,0.021100,0.010800
1862,31.067195,16.353400,0.952100,0.017600,15.216000,0.166600,9.458200,1.756120,1,1920,1080,"scripted-0",0.000000,0.000000,0.000600,0.000500,0.000100,0.044700,0.018600
1863,31.083548,15.816200,0.377400,0.007000,15.360300,0.070800,9.596280,1.884240,1,1920,1080,"scripted-0",0.000000,0.000000,0.000900,0.000400,0.000200,0.049300,0.017800
1864,31.099364,17.244800,0.515100,0.005900,16.596200,0.127200,9.451040,1.757640,1,1920,1080,"scripted-0",0.000000,0.000000,0.000000,0.000000,0.000000,0.000000,0.006900
1865,31.116610,16.099100,0.363100,0.006500,15.656400,0.071600,9.381360,1.646160,1,1920,1080,"scripted-0",0.000000,0.000000,0.000300,0.000500,0.000300,0.040400,0.012600
1866,31.132708,17.337400,0.680000,0.007700,16.524300,0.125000,9.519240,1.755280,1,1920,1080,"scripted-0",0.000000,0.000000,0.000200,0.000400,0.000100,0.019200,0.006300
1867,31.150045,16.374900,0.411300,0.007500,15.779400,0.176300,9.340600,1.658160,1,1920,1080,"scripted-0",0.000000,0.000000,0.000600,0.001200,0.000200,0.034600,0.009700
1868,31.166420,16.968900,0.522500,0.009500,16.372200,0.064300,9.448360,1.751200,1,1920,1080,"scripted-0",0.000000,0.000000,0.000000,0.000000,0.000000,0.000000,0.019900
1869,31.183389,16.764100,0.741600,0.007600,15.938600,0.075900,9.345360,1.661040,1,1920,1080,"scripted-0",0.000000,0.000000,0.000400,0.000300,0.000200,0.040900,0.008300
1870,31.200153,17.097000,0.684000,0.007500,16.323100,0.081900,9.532640,1.761880,1,1920,1080,"scripted-0",0.000000,0.000000,0.000100,0.000400,0.000100,0.020400,0.006600
1871,31.217250,16.476300,0.722000,0.011400,15.578400,0.163900,9.401720,1.649600,1,1920,1080,"scripted-0",0.000000,0.000000,0.000900,0.001100,0.000500,0.032300,0.012300
1872,31.233727,16.441900,0.762100,0.010300,15.515900,0.153000,9.460600,1.744040,1,1920,1080,"scripted-0",0.000000,0.000000,0.001000,0.000400,0.000500,0.039400,0.014100
1873,31.250170,16.627800,0.380900,0.006400,16.173900,0.064800,9.552040,1.823640,1,1920,1080,"scripted-0",0.000000,0.000000,0.000500,0.000200,0.000200,0.042500,0.012900
1874,31.266796,16.873900,0.627300,0.006900,15.859800,0.379500,9.532960,1.766280,1,1920,1080,"scripted-0",0.000000,0.000000,0.000200,0.000200,0.000200,0.019000,0.006200
1875,31.283671,16.091200,0.436900,0.008600,15.582700,0.062100,9.360800,1.666560,1,1920,1080,"scripted-0",0.000000,0.000000,0.000400,0.001100,0.000200,0.027800,0.015900
1876,31.299761,16.356100,0.306800,0.004500,15.966800,0.077600,9.495080,1.781520,1,1920,1080,"scripted-0",0.000000,0.000000,0.000000,0.000000,0.000000,0.000000,0.006300
1877,31.316118,17.027200,0.659500,0.006400,16.211400,0.149300,9.431160,1.735000,1,1920,1080,"scripted-0",0.000000,0.000000,0.000300,0.000900,0.000100,0.023400,0.006500
1878,31.333145,16.985500,0.758500,0.009300,16.065900,0.150800,9.462720,1.755040,1,1920,1080,"scripted-0",0.000000,0.000000,0.000300,0.000400,0.000300,0.032800,0.013500
1879,31.350131,16.200600,0.392800,0.007200,15.728200,0.071200,9.382000,1.654160,1,1920,1080,"scripted-0",0.000000,0.000000,0.001000,0.000500,0.000300,0.048300,0.014800
1880,31.366331,16.927700,0.541600,0.006500,16.250600,0.128500,9.461200,1.746960,1,1920,1080,"scripted-0",0.000000,0.000000,0.000000,0.000000,0.000000,0.000000,0.007300
1881,31.383259,17.314000,0.709100,0.009900,16.460100,0.134400,9.333880,1.640240,1,1920,1080,"scripted-0",0.000000,0.000000,0.000300,0.000300,0.000500,0.038700,0.014900
1882,31.400573,16.346200,0.413700,0.012900,15.850900,0.068200,9.511080,1.763520,1,1920,1080,"scripted-0",0.000000,0.000000,0.000100,0.000400,0.000200,0.023100,0.006300
1883,31.416919,16.704000,0.663300,0.007600,15.945600,0.087100,9.362600,1.675960,1,1920,1080,"scripted-0",0.000000,0.000000,0.000200,0.000100,0.000100,0.019500,0.006000
1884,31.433623,16.557600,0.325900,0.004800,16.161800,0.064600,9.473440,1.758360,1,1920,1080,"scripted-0",0.000000,0.000000,0.000200,0.000300,0.000100,0.019400,0.006300
1885,31.450180,16.482800,0.667900,0.007800,15.654700,0.152000,9.362960,1.654240,1,1920,1080,"scripted-0",0.000000,0.000000,0.000100,0.000400,0.000200,0.019500,0.006500
1886,31.466663,16.892000,0.527300,0.005900,16.238500,0.119700,9.482720,1.764760,1,1920,1080,"scripted-0",0.000000,0.000000,0.000500,0.000400,0.000100,0.021500,0.006400
1887,31.483555,16.705600,0.342400,0.004700,16.292600,0.065300,9.544760,1.673600,1,1920,1080,"scripted-0",0.000000,0.000000,0.000300,0.000600,0.000100,0.024200,0.008700
1888,31.500261,17.055200,0.682100,0.013200,15.689700,0.669800,9.473760,1.737240,1,1920,1080,"scripted-0",0.000000,0.000000,0.000200,0.000300,0.000200,0.018400,0.006000
1889,31.517317,16.608800,0.719000,0.010800,15.573200,0.304600,9.339440,1.649480,1,1920,1080,"scripted-0",0.000000,0.000000,0.000600,0.001000,0.000400,0.039500,0.016600
1890,31.533925,15.528200,0.394700,0.007800,15.046400,0.078900,9.620560,1.859760,1,1920,1080,"scripted-0",0.000000,0.000000,0.000400,0.000800,0.000400,0.031100,0.015200
1891,31.549453,17.024100,0.629600,0.006400,16.218200,0.169400,9.389720,1.662080,1,1920,1080,"scripted-0",0.000000,0.000000,0.000000,0.000000,0.000000,0.000000,0.006800
1892,31.566477,16.849600,0.670100,0.007800,16.010400,0.160700,9.443120,1.750480,1,1920,1080,"scripted-0",0.000000,0.000000,0.000300,0.000700,0.000200,0.046900,0.016800
1893,31.583327,16.831500,0.621000,0.010000,16.125000,0.074200,9.436280,1.673680,1,1920,1080,"scripted-0",0.000000,0.000000,0.001000,0.000300,0.000300,0.049200,0.016700
1894,31.600158,16.089600,0.397400,0.006600,15.585200,0.100000,9.433600,1.749120,1,1920,1080,"scripted-0",0.000000,0.000000,0.000100,0.000400,0.000100,0.020700,0.006600
1895,31.616248,16.700600,0.491400,0.007600,16.134500,0.066700,9.383600,1.647400,1,1920,1080,"scripted-0",0.000000,0.000000,0.000000,0.000000,0.000000,0.000000,0.010000
1896,31.632948,17.102700,0.677100,0.007100,16.268300,0.149700,9.458200,1.748320,1,1920,1080,"scripted-0",0.000000,0.000000,0.000200,0.000200,0.000200,0.020000,0.006200
1897,31.650051,16.345500,0.461500,0.007500,15.808100,0.067900,9.357440,1.665680,1,1920,1080,"scripted-0",0.000000,0.000000,0.000800,0.000900,0.000500,0.036900,0.009900
1898,31.666397,17.176200,0.329900,0.008000,16.772600,0.065000,9.429800,1.746360,1,1920,1080,"scripted-0",0.000000,0.000000,0.000000,0.000000,0.000000,0.000000,0.006600
1899,31.683573,16.386200,0.600400,0.008400,15.658300,0.118600,9.344520,1.662640,1,1920,1080,"scripted-0",0.000000,0.000000,0.000200,0.000200,0.000400,0.022600,0.006100
1900,31.699959,16.723200,0.554200,0.008400,16.042500,0.117600,9.493400,1.756400,1,1920,1080,"scripted-0",0.000000,0.000000,0.000000,0.000000,0.000000,0.000000,0.012200
1901,31.716682,16.671200,0.647800,0.008900,15.937500,0.076500,9.407400,1.685480,1,1920,1080,"scripted-0",0.000000,0.000000,0.001200,0.000300,0.000300,0.046600,0.012000
1902,31.733353,16.400600,0.326400,0.005100,15.999600,0.069100,9.588680,1.886920,1,1920,1080,"scripted-0",0.000000,0.000000,0.000200,0.000600,0.000100,0.018500,0.005900
1903,31.749754,17.207600,0.312000,0.005000,16.497800,0.392400,9.579600,1.701760,1,1920,1080,"scripted-0",0.000000,0.000000,0.000000,0.000000,0.000000,0.000000,0.006900
1904,31.766962,15.773200,0.463400,0.008300,15.230200,0.070300,9.669560,1.934200,1,1920,1080,"scripted-0",0.000000,0.000000,0.000500,0.000300,0.000200,0.048300,0.018400
1905,31.782735,16.700700,0.259100,0.003100,16.381400,0.056300,9.351600,1.657520,1,1920,1080,"scripted-0",0.000000,0.000000,0.000000,0.000000,0.000000,0.000000,0.007200
1906,31.799435,17.788400,0.693400,0.011100,16.945900,0.137600,9.467200,1.745000,1,1920,1080,"scripted-0",0.000000,0.000000,0.000200,0.000300,0.000200,0.023400,0.006000
1907,31.817224,16.131600,0.705800,0.007400,15.317400,0.100200,9.381600,1.668200,1,1920,1080,"scripted-0",0.000000,0.000000,0.000300,0.000500,0.000400,0.035100,0.010100
1908,31.833356,16.747100,0.538500,0.005600,16.079500,0.122600,9.463480,1.752600,1,1920,1080,"scripted-0",0.000000,0.000000,0.000200,0.000300,0.000200,0.021500,0.014700
1909,31.850103,16.876000,0.580600,0.009400,16.164500,0.121000,9.379960,1.669560,1,1920,1080,"scripted-0",0.000000,0.000000,0.000900,0.000700,0.000300,0.034500,0.013100
1910,31.866979,16.315800,0.648700,0.008700,15.538500,0.119400,9.457200,1.757880,1,1920,1080,"scripted-0",0.000000,0.000000,0.000600,0.000900,0.000200,0.036700,0.013000
1911,31.883295,17.111900,0.545700,0.007400,16.449000,0.108600,9.377520,1.666080,1,1920,1080,"scripted-0",0.000000,0.000000,0.000000,0.000000,0.000000,0.000000,0.014300
1912,31.900406,15.965500,0.564300,0.006200,15.266700,0.127900,9.514960,1.773240,1,1920,1080,"scripted-0",0.000000,0.000000,0.000100,0.000500,0.000200,0.024200,0.009000
1913,31.916372,17.089600,0.730700,0.008600,16.182100,0.167700,9.382680,1.664920,1,1920,1080,"scripted-0",0.000000,0.000000,0.000000,0.000000,0.000000,0.000000,0.013500
1914,31.933462,16.860000,0.723900,0.007600,15.970900,0.156600,9.648040,1.777160,1,1920,1080,"scripted-0",0.000000,0.000000,0.000500,0.000300,0.000200,0.045100,0.010500
1915,31.950322,16.273600,0.712800,0.008400,15.396600,0.154700,9.384560,1.680760,1,1920,1080,"scripted-0",0.000000,0.000000,0.000500,0.000300,0.000300,0.047900,0.015400
1916,31.966595,17.157300,0.552100,0.005900,16.357500,0.241400,9.519840,1.762000,1,1920,1080,"scripted-0",0.000000,0.000000,0.000000,0.000000,0.000000,0.000000,0.014500
1917,31.983753,16.896400,0.589300,0.008500,16.204600,0.093100,9.374640,1.671760,1,1920,1080,"scripted-0",0.000000,0.000000,0.000700,0.000700,0.000400,0.035000,0.018200
1918,32.000649,15.458200,0.319300,0.004000,15.066800,0.067200,9.756120,2.005600,1,1920,1080,"scripted-0",0.000000,0.000000,0.000200,0.000400,0.000100,0.024000,0.008600
1919,32.016107,17.454100,0.503400,0.005900,16.826900,0.117500,9.429960,1.701720,1,1920,1080,"scripted-0",0.000000,0.000000,0.000000,0.000000,0.000000,0.000000,0.007200
1920,32.033561,16.197800,0.732900,0.008800,15.392800,0.062800,9.472040,1.729960,1,1920,1080,"scripted-0",0.000000,0.000000,0.000400,0.000500,0.000200,0.032500,0.010700
1921,32.049759,16.685200,0.518300,0.005200,16.046500,0.114600,9.357400,1.655720,1,1920,1080,"scripted-0",0.000000,0.000000,0.000000,0.000000,0.000000,0.000000,0.007300
1922,32.066444,17.368800,0.685800,0.009400,16.608300,0.064900,9.505320,1.753200,1,1920,1080,"scripted-0",0.000000,0.000000,0.000700,0.000900,0.000600,0.027300,0.017300
1923,32.083813,16.258200,0.528500,0.007700,15.650900,0.070700,9.372560,1.655960,1,1920,1080,"scripted-0",0.000000,0.000000,0.000300,0.000300,0.000200,0.021800,0.006100
1924,32.100071,16.731600,0.725300,0.008800,15.842200,0.154900,9.481440,1.764240,1,1920,1080,"scripted-0",0.000000,0.000000,0.000100,0.000500,0.000100,0.020300,0.006300
1925,32.116803,16.957200,0.720500,0.007500,16.070000,0.158300,9.447880,1.660240,1,1920,1080,"scripted-0",0.000000,0.000000,0.000500,0.000400,0.000300,0.042800,0.012700
1926,32.133760,15.930300,0.592300,0.007000,15.214000,0.116100,9.563160,1.837200,1,1920,1080,"scripted-0",0.000000,0.000000,0.000600,0.000600,0.000300,0.045400,0.017200
1927,32.149690,17.009800,0.705700,0.009600,16.143100,0.150900,9.330200,1.658920,1,1920,1080,"scripted-0",0.000000,0.000000,0.000000,0.000000,0.000000,0.000000,0.010800
1928,32.166700,16.856100,0.418300,0.008000,16.360600,0.068200,9.465200,1.739920,1,1920,1080,"scripted-0",0.000000,0.000000,0.000500,0.000800,0.000400,0.047400,0.015900
1929,32.183556,16.516400,0.620100,0.007300,15.792100,0.096400,9.423640,1.660280,1,1920,1080,"scripted-0",0.000000,0.000000,0.000200,0.000200,0.000100,0.019700,0.006400
1930,32.200072,16.211200,0.421500,0.006800,15.718800,0.063700,9.466960,1.758480,1,1920,1080,"scripted-0",0.000000,0.000000,0.000300,0.000500,0.000100,0.021000,0.010600
1931,32.216284,17.368300,0.371300,0.009300,16.909100,0.078100,9.403280,1.672200,1,1920,1080,"scripted-0",0.000000,0.000000,0.000000,0.000000,0.000000,0.000000,0.006800
1932,32.233652,16.186900,0.532600,0.006700,15.531300,0.115400,9.487120,1.754760,1,1920,1080,"scripted-0",0.000000,0.000000,0.000300,0.000500,0.000300,0.025100,0.007000
1933,32.249839,16.298300,0.319200,0.006400,15.903800,0.068100,9.415160,1.687320,1,1920,1080,"scripted-0",0.000000,0.000000,0.000000,0.000000,0.000000,0.000000,0.010200
1934,32.266137,17.167000,0.341400,0.005700,16.727400,0.091800,9.431120,1.745200,1,1920,1080,"scripted-0",0.000000,0.000000,0.000200,0.000400,0.000100,0.018700,0.006700
1935,32.283304,16.659400,0.700800,0.007000,15.799300,0.151900,9.338520,1.657440,1,1920,1080,"scripted-0",0.000000,0.000000,0.000300,0.000200,0.000100,0.020100,0.007200
1936,32.299964,16.866100,0.408000,0.008400,16.382300,0.066400,9.471080,1.751840,1,1920,1080,"scripted-0",0.000000,0.000000,0.000400,0.000700,0.000300,0.042600,0.016000
1937,32.316829,16.495100,0.682100,0.008200,15.632800,0.171600,9.394120,1.670200,1,1920,1080,"scripted-0",0.000000,0.000000,0.000100,0.000400,0.000200,0.023300,0.006700
1938,32.333325,16.704500,0.664400,0.006300,15.755900,0.277100,9.477000,1.750520,1,1920,1080,"scripted-0",0.000000,0.000000,0.000100,0.000600,0.000200,0.022800,0.007300
1939,32.350029,16.941700,0.382500,0.009100,16.485700,0.063700,9.562160,1.813120,1,1920,1080,"scripted-0",0.000000,0.000000,0.000500,0.000500,0.000300,0.043600,0.018700
1940,32.366971,16.512200,0.545800,0.008100,15.895700,0.062200,9.509920,1.759600,1,1920,1080,"scripted-0",0.000000,0.000000,0.000200,0.000400,0.000100,0.019600,0.006400
1941,32.383483,16.555700,0.733400,0.008900,15.657100,0.155800,9.364640,1.671240,1,1920,1080,"scripted-0",0.000000,0.000000,0.000200,0.000400,0.000200,0.019100,0.005900
1942,32.400039,16.558600,0.597500,0.009600,15.885900,0.064400,9.457720,1.746440,1,1920,1080,"scripted-0",0.000000,0.000000,0.000300,0.001300,0.000200,0.038600,0.014800
1943,32.416597,16.980500,0.570000,0.007100,16.329000,0.074000,9.374520,1.641000,1,1920,1080,"scripted-0",0.000000,0.000000,0.000000,0.000000,0.000000,0.000000,0.007000
1944,32.433578,16.206900,0.553400,0.008900,15.579800,0.064400,9.471800,1.747480,1,1920,1080,"scripted-0",0.000000,0.000000,0.000400,0.000100,0.000400,0.023100,0.006000
1945,32.449785,16.533000,0.299900,0.010100,16.149900,0.072000,9.500240,1.730680,1,1920,1080,"scripted-0",0.000000,0.000000,0.000000,0.000000,0.000000,0.000000,0.006400
1946,32.466318,17.110400,0.321100,0.006900,16.606400,0.175500,9.591880,1.781680,1,1920,1080,"scripted-0",0.000000,0.000000,0.000200,0.000200,0.000200,0.020000,0.005900
1947,32.483428,15.919700,0.342100,0.005100,15.508800,0.063300,9.430160,1.735520,1,1920,1080,"scripted-0",0.000000,0.000000,0.000600,0.000600,0.000200,0.041300,0.010100
1948,32.499348,16.615700,0.310000,0.004800,16.211100,0.089400,9.489360,1.751040,1,1920,1080,"scripted-0",0.000000,0.000000,0.000000,0.000000,0.000000,0.000000,0.006600
1949,32.515963,16.893500,0.538200,0.006400,16.275100,0.073400,9.412360,1.666880,1,1920,1080,"scripted-0",0.000000,0.000000,0.000200,0.000400,0.000100,0.024700,0.008400
1950,32.532857,16.991600,0.712200,0.009800,16.185200,0.084000,9.460200,1.737160,1,1920,1080,"scripted-0",0.000000,0.000000,0.000200,0.000300,0.000100,0.019300,0.008000
1951,32.549849,16.825300,0.713100,0.007700,15.941000,0.162600,9.323760,1.634840,1,1920,1080,"scripted-0",0.000000,0.000000,0.000900,0.000700,0.000900,0.046400,0.010000
1952,32.566675,16.897900,0.811900,0.009200,15.915900,0.159400,9.487920,1.759000,1,1920,1080,"scripted-0",0.000000,0.000000,0.000400,0.000400,0.000200,0.047200,0.012400
1953,32.583572,16.537500,0.593300,0.010900,15.869300,0.063000,9.344440,1.641480,1,1920,1080,"scripted-0",0.000000,0.000000,0.000500,0.000500,0.000200,0.038600,0.016600
1954,32.600109,16.861900,0.635800,0.007300,16.148100,0.070200,9.472040,1.742640,1,1920,1080,"scripted-0",0.000000,0.000000,0.000200,0.000200,0.000200,0.019600,0.006200
1955,32.616971,16.128800,0.541600,0.006100,15.505700,0.075000,9.366360,1.668920,1,1920,1080,"scripted-0",0.000000,0.000000,0.000200,0.000100,0.000200,0.019800,0.006800
1956,32.633100,17.220600,0.449600,0.011000,16.691800,0.067800,9.482680,1.761120,1,1920,1080,"scripted-0",0.000000,0.000000,0.000000,0.000000,0.000000,0.000000,0.006900
1957,32.650321,16.030100,0.325200,0.007900,15.631400,0.065200,9.411000,1.664360,1,1920,1080,"scripted-0",0.000000,0.000000,0.000200,0.000100,0.000200,0.022100,0.006300
1958,32.666351,16.830700,0.563500,0.007200,16.179400,0.080100,9.435480,1.727600,1,1920,1080,"scripted-0",0.000000,0.000000,0.000000,0.000000,0.000000,0.000000,0.006800
1959,32.683181,16.482700,0.560300,0.006700,15.790200,0.125100,9.393920,1.665800,1,1920,1080,"scripted-0",0.000000,0.000000,0.000300,0.000200,0.000200,0.020100,0.008600
1960,32.699664,16.793100,0.685300,0.007800,15.924800,0.174600,9.602920,1.762280,1,1920,1080,"scripted-0",0.000000,0.000000,0.000500,0.001000,0.000600,0.032800,0.013100
1961,32.716458,16.616100,0.708200,0.008300,15.776700,0.121900,9.449000,1.672120,1,1920,1080,"scripted-0",0.000000,0.000000,0.000800,0.000800,0.000500,0.041400,0.015100
1962,32.733073,17.059200,2.414500,0.014700,14.116900,0.512800,9.545520,1.784600,1,1920,1080,"scripted-0",0.000000,0.000000,0.000300,0.000600,0.000100,0.036800,0.017100
1963,32.750133,16.852400,0.629500,0.010600,15.416900,0.794900,9.702240,1.747520,1,1920,1080,"scripted-0",0.000000,0.000000,0.001000,0.001100,0.000200,0.041400,0.017000
1964,32.766985,0.000000,0.000000,0.000000,0.000000,0.000000,,,0,0,0,"",0.000000,0.000000,0.000000,0.000000,0.000000,0.000000,0.000000
