clip,time_s,phase,foot_l_x_m,foot_l_y_m,foot_l_z_m,ball_l_x_m,ball_l_y_m,ball_l_z_m,foot_r_x_m,foot_r_y_m,foot_r_z_m,ball_r_x_m,ball_r_y_m,ball_r_z_m,hand_l_x_m,hand_l_y_m,hand_l_z_m,hand_r_x_m,hand_r_y_m,hand_r_z_m
walk,0.000000000,0.000000000,0.089000040,0.103699484,0.266897475,0.089000052,0.089949245,0.439652267,-0.096308280,0.144760049,-0.354383790,-0.089958301,0.017411027,-0.237016072,0.254028411,0.882578930,-0.094765747,-0.309005245,0.971355037,0.243727813
walk,0.004166667,0.003125000,0.089002684,0.103211303,0.262928171,0.089014788,0.088436043,0.435598309,-0.096248152,0.145040630,-0.354463209,-0.089947760,0.017053388,-0.237789102,0.254480501,0.882136107,-0.095601607,-0.308105527,0.971538453,0.245366805
walk,0.008333334,0.006250000,0.089003810,0.102862026,0.258923675,0.089024547,0.087062246,0.431503076,-0.096186823,0.145391234,-0.354508552,-0.089938576,0.016769559,-0.238531401,0.254930952,0.881694166,-0.096437367,-0.307197870,0.971723456,0.247003602
walk,0.012500000,0.009375000,0.089003797,0.102651918,0.254885669,0.089029709,0.085828162,0.427368253,-0.096124087,0.145811773,-0.354519799,-0.089930528,0.016559466,-0.239242933,0.255379766,0.881253110,-0.097273021,-0.306282292,0.971910034,0.248638161
walk,0.016666667,0.012500000,0.089003027,0.102581210,0.250815840,0.089030657,0.084734062,0.423195531,-0.096059743,0.146302149,-0.354496933,-0.089923397,0.016423029,-0.239923667,0.255826941,0.880812937,-0.098108565,-0.305358807,0.972098172,0.250270439
walk,0.020833334,0.015625000,0.089001882,0.102650101,0.246715880,0.089027777,0.083780184,0.418986606,-0.095993586,0.146862259,-0.354439943,-0.089916964,0.016360159,-0.240573573,0.256272477,0.880373647,-0.098943995,-0.304427431,0.972287856,0.251900392
walk,0.025000001,0.018750000,0.089000745,0.102858755,0.242587489,0.089021453,0.082966734,0.414743181,-0.095925415,0.147491991,-0.354348817,-0.089911008,0.016370763,-0.241192627,0.256716376,0.879935242,-0.099779306,-0.303488183,0.972479073,0.253527978
walk,0.029166668,0.021875000,0.088999998,0.103207303,0.238432370,0.089012072,0.082293885,0.410466966,-0.095855028,0.148191230,-0.354223549,-0.089905310,0.016454740,-0.241780807,0.257158637,0.879497721,-0.100614494,-0.302541078,0.972671809,0.255153153
walk,0.033333334,0.025000000,0.089000025,0.103695844,0.234252232,0.089000020,0.081761772,0.406159673,-0.095782223,0.148959851,-0.354064137,-0.089899651,0.016611982,-0.242338094,0.257599260,0.879061084,-0.101449554,-0.301586133,0.972866050,0.256775874
walk,0.037500001,0.028125000,0.088991554,0.103509726,0.230184074,0.089002839,0.079145150,0.401763901,-0.095630200,0.150219700,-0.354199477,-0.089877742,0.016287394,-0.244370886,0.258220280,0.879007333,-0.102007047,-0.300780573,0.972766740,0.257181187
walk,0.041666668,0.031250000,0.088985254,0.103376492,0.226111246,0.089004513,0.076586225,0.397329086,-0.095475679,0.151545234,-0.354301152,-0.089857353,0.016055788,-0.246392310,0.258840952,0.878954355,-0.102564506,-0.299974308,0.972667169,0.257586224
walk,0.045833335,0.034375000,0.088981251,0.103296178,0.222034305,0.089005210,0.074085528,0.392855859,-0.095318472,0.152936278,-0.354369085,-0.089838218,0.015917314,-0.248401893,0.259461278,0.878902150,-0.103121929,-0.299167339,0.972567336,0.257990983
walk,0.050000001,0.037500000,0.088979671,0.103268815,0.217953813,0.089005101,0.071643579,0.388344856,-0.095158387,0.154392650,-0.354403202,-0.089820068,0.015872112,-0.250399166,0.260081256,0.878850717,-0.103679314,-0.298359667,0.972467243,0.258395463
walk,0.054166668,0.040625000,0.088980638,0.103294425,0.213870328,0.089004360,0.069260893,0.383796724,-0.094995237,0.155914163,-0.354403433,-0.089802633,0.015920308,-0.252383655,0.260700887,0.878800057,-0.104236660,-0.297551293,0.972366889,0.258799663
walk,0.058333335,0.043750000,0.088984276,0.103373025,0.209784410,0.089003156,0.066937976,0.379212114,-0.094828837,0.157500624,-0.354369711,-0.089785640,0.016062016,-0.254354885,0.261320170,0.878750169,-0.104793966,-0.296742217,0.972266275,0.259203580
walk,0.062500002,0.046875000,0.088990710,0.103504626,0.205696620,0.089001665,0.064675327,0.374591686,-0.094658999,0.159151834,-0.354301972,-0.089768817,0.016297339,-0.256312381,0.261939105,0.878701054,-0.105351230,-0.295932441,0.972165400,0.259607213
walk,0.066666669,0.050000000,0.089000061,0.103689232,0.201607519,0.089000058,0.062473436,0.369936108,-0.094485542,0.160867586,-0.354200154,-0.089751888,0.016626365,-0.258255667,0.262557692,0.878652711,-0.105908452,-0.295121966,0.972064264,0.260010562
walk,0.070833335,0.053125000,0.088987897,0.103583841,0.197528118,0.088995783,0.059531022,0.365136613,-0.094296061,0.163081793,-0.354602512,-0.089724633,0.016945142,-0.261562410,0.263398122,0.879013188,-0.105982358,-0.294512908,0.971733441,0.259197242
walk,0.075000002,0.056250000,0.088979121,0.103508631,0.193447709,0.088992486,0.056631195,0.360288253,-0.094102967,0.165349221,-0.354973305,-0.089698912,0.017375825,-0.264874719,0.264238324,0.879373737,-0.106055921,-0.293902572,0.971404441,0.258383285
walk,0.079166669,0.059375000,0.088973775,0.103463603,0.189366596,0.088990287,0.053774795,0.355391551,-0.093906086,0.167669710,-0.355312533,-0.089674372,0.017918975,-0.268191445,0.265078299,0.879734358,-0.106129140,-0.293290958,0.971077268,0.257568698
walk,0.083333336,0.062500000,0.088971902,0.103448756,0.185285081,0.088989304,0.050962648,0.350447045,-0.093705241,0.170043097,-0.355620193,-0.089650657,0.018575123,-0.271511426,0.265918045,0.880095048,-0.106202016,-0.292678067,0.970751922,0.256753487
walk,0.087500003,0.065625000,0.088973542,0.103464083,0.181203468,0.088989658,0.048195576,0.345455289,-0.093500263,0.172469214,-0.355896286,-0.089627407,0.019344779,-0.274833488,0.266757563,0.880455808,-0.106274548,-0.292063901,0.970428406,0.255937658
walk,0.091666669,0.068750000,0.088978737,0.103509573,0.177122059,0.088991471,0.045474390,0.340416851,-0.093290981,0.174947887,-0.356140813,-0.089604261,0.020228421,-0.278156447,0.267596852,0.880816637,-0.106346739,-0.291448461,0.970106721,0.255121217
walk,0.095833336,0.071875000,0.088987528,0.103585214,0.173041159,0.088994863,0.042799893,0.335332314,-0.093077226,0.177478941,-0.356353775,-0.089580853,0.021226506,-0.281479109,0.268435912,0.881177534,-0.106418587,-0.290831746,0.969786870,0.254304169
walk,0.100000003,0.075000000,0.088999954,0.103690986,0.168961070,0.088999957,0.040172877,0.330202276,-0.092858833,0.180062194,-0.356535177,-0.089556815,0.022339460,-0.284800268,0.269274743,0.881538497,-0.106490093,-0.290213760,0.969468853,0.253486521
walk,0.104166670,0.078125000,0.088986166,0.103610619,0.164889572,0.088989107,0.037817350,0.325215872,-0.092681936,0.183177886,-0.357206642,-0.089533698,0.023865886,-0.289066798,0.270350995,0.882231678,-0.105971067,-0.289735799,0.968874775,0.251452957
walk,0.108333337,0.081250000,0.088976292,0.103553120,0.160815109,0.088981220,0.035497734,0.320194346,-0.092499942,0.186341819,-0.357844222,-0.089510804,0.025522613,-0.293334430,0.271424962,0.882924372,-0.105450743,-0.289247986,0.968288280,0.249416096
walk,0.112500003,0.084375000,0.088970345,0.103518503,0.156737848,0.088976364,0.033214508,0.315138053,-0.092312687,0.189553730,-0.358447792,-0.089487695,0.027310154,-0.297601194,0.272496641,0.883616573,-0.104929129,-0.288750317,0.967709399,0.247376016
walk,0.116666670,0.087500000,0.088968337,0.103506785,0.152657956,0.088974609,0.030968148,0.310047354,-0.092120004,0.192813352,-0.359017230,-0.089463934,0.029228973,-0.301865107,0.273566029,0.884308276,-0.104406235,-0.288242791,0.967138162,0.245332796
walk,0.120833337,0.090625000,0.088970281,0.103517978,0.148575598,0.088976021,0.028759126,0.304922618,-0.091921733,0.196120416,-0.359552414,-0.089439080,0.031279491,-0.306124173,0.274633122,0.884999475,-0.103882066,-0.287725403,0.966574600,0.243286512
walk,0.125000004,0.093750000,0.088976189,0.103552093,0.144490941,0.088980669,0.026587910,0.299764220,-0.091717715,0.199474646,-0.360053224,-0.089412691,0.033462084,-0.310376381,0.275697918,0.885690166,-0.103356633,-0.287198153,0.966018741,0.241237244
walk,0.129166671,0.096875000,0.088986073,0.103609140,0.140404151,0.088988620,0.024454961,0.294572542,-0.091507792,0.202875766,-0.360519544,-0.089384323,0.035777079,-0.314619711,0.276760415,0.886380342,-0.102829943,-0.286661038,0.965470614,0.239185069
walk,0.133333337,0.100000000,0.088999943,0.103689129,0.136315396,0.088999941,0.022360738,0.289347973,-0.091291812,0.206323491,-0.360951255,-0.089353532,0.038224760,-0.318852130,0.277820609,0.887069999,-0.102302004,-0.286114058,0.964930249,0.237130067
walk,0.137500004,0.103125000,0.088985345,0.103611835,0.132256295,0.088983578,0.021377133,0.284803765,-0.091161808,0.210131184,-0.361556263,-0.089343937,0.041134998,-0.323212288,0.279074598,0.888016878,-0.101155969,-0.285711132,0.964141303,0.233935683
walk,0.141666671,0.106250000,0.088974887,0.103556564,0.128190583,0.088971841,0.020418268,0.280247482,-0.091025019,0.213984207,-0.362124612,-0.089331637,0.044174490,-0.327554858,0.280322268,0.888963444,-0.100007333,-0.285283053,0.963368197,0.230734397
walk,0.145833338,0.109375000,0.088968583,0.103523374,0.124118471,0.088964754,0.019484250,0.275679357,-0.090881276,0.217882232,-0.362656152,-0.089316154,0.047343320,-0.331877837,0.281563610,0.889909684,-0.098856127,-0.284829796,0.962611046,0.227526501
walk,0.150000004,0.112500000,0.088966448,0.103512317,0.120040170,0.088962341,0.018575183,0.271099628,-0.090730413,0.221824929,-0.363150735,-0.089297010,0.050641529,-0.336179216,0.282798613,0.890855582,-0.097702383,-0.284351336,0.961869962,0.224312288
walk,0.154166671,0.115625000,0.088968497,0.103523444,0.115955891,0.088964626,0.017691168,0.266508530,-0.090572267,0.225811964,-0.363608216,-0.089273730,0.054069111,-0.340456982,0.284027268,0.891801125,-0.096546132,-0.283847651,0.961145053,0.221092049
walk,0.158333338,0.118750000,0.088974744,0.103556805,0.111865848,0.088971631,0.016832304,0.261906301,-0.090406679,0.229842998,-0.364028453,-0.089245837,0.057626017,-0.344709117,0.285249566,0.892746298,-0.095387405,-0.283318725,0.960436429,0.217866081
walk,0.162500005,0.121875000,0.088985201,0.103612446,0.107770253,0.088983377,0.015998687,0.257293181,-0.090233495,0.233917690,-0.364411302,-0.089212859,0.061312154,-0.348933598,0.286465496,0.893691088,-0.094226235,-0.282764542,0.959744194,0.214634678
walk,0.166666672,0.125000000,0.088999883,0.103690409,0.103669321,0.088999887,0.015190409,0.252669410,-0.090052563,0.238035692,-0.364756626,-0.089174325,0.065127379,-0.353128401,0.287675051,0.894635479,-0.093062653,-0.282185091,0.959068452,0.211398138
walk,0.170833338,0.128125000,0.088984840,0.103603353,0.099621762,0.088980425,0.015103940,0.248622192,-0.089986070,0.241974031,-0.363602012,-0.089183164,0.068871254,-0.355352355,0.289017393,0.895755483,-0.091354026,-0.281801452,0.958295956,0.207376039
walk,0.175000005,0.131250000,0.088974027,0.103541119,0.095564056,0.088966439,0.015042080,0.244564699,-0.089911133,0.245969220,-0.362414618,-0.089186065,0.072738006,-0.357546875,0.290348732,0.896876358,-0.089641799,-0.281377872,0.957545908,0.203344920
walk,0.179166672,0.134375000,0.088967478,0.103503812,0.091496528,0.088957971,0.015004955,0.240497270,-0.089827548,0.250020960,-0.361194533,-0.089182479,0.076727401,-0.359710758,0.291669051,0.897998080,-0.087926039,-0.280914293,0.956818515,0.199305343
walk,0.183333339,0.137500000,0.088965228,0.103491528,0.087419506,0.088955066,0.014992686,0.236420248,-0.089735116,0.254128948,-0.359941850,-0.089171860,0.080839174,-0.361842807,0.292978330,0.899120624,-0.086206815,-0.280410662,0.956113979,0.195257869
walk,0.187500006,0.140625000,0.088967309,0.103504363,0.083333319,0.088957762,0.015005388,0.232333974,-0.089633644,0.258292875,-0.358656664,-0.089153666,0.085073030,-0.363941823,0.294276551,0.900243964,-0.084484193,-0.279866937,0.955432500,0.191203067
walk,0.191666672,0.143750000,0.088973753,0.103542404,0.079238299,0.088966102,0.015043175,0.228238794,-0.089522942,0.262512425,-0.357339074,-0.089127361,0.089428641,-0.366006611,0.295563697,0.901368075,-0.082758243,-0.279283081,0.954774271,0.187141504
walk,0.195833339,0.146875000,0.088984592,0.103605736,0.075134776,0.088980124,0.015106153,0.224135053,-0.089402827,0.266787279,-0.355989179,-0.089092411,0.093905647,-0.368035978,0.296839752,0.902492932,-0.081029031,-0.278659068,0.954139482,0.183073753
walk,0.200000006,0.150000000,0.088999855,0.103694439,0.071023085,0.088999867,0.015194426,0.220023098,-0.089273120,0.271117110,-0.354607078,-0.089048287,0.098503657,-0.370028733,0.298104699,0.903618509,-0.079296628,-0.277994879,0.953528318,0.179000387
walk,0.204166673,0.153125000,0.088984292,0.103586487,0.066982770,0.088978589,0.015086951,0.215983070,-0.089273366,0.274542946,-0.350454927,-0.089075818,0.102221993,-0.368859567,0.299459590,0.904834143,-0.077126979,-0.277599473,0.952976061,0.174623605
walk,0.208333340,0.156250000,0.088973140,0.103509109,0.062930496,0.088963341,0.015009963,0.211931032,-0.089264295,0.278060791,-0.346289855,-0.089095171,0.106083914,-0.367672200,0.300799342,0.906052690,-0.074953227,-0.277156541,0.952447570,0.170238437
walk,0.212500006,0.159375000,0.088966417,0.103462422,0.058866466,0.088954149,0.014963555,0.207867171,-0.089245663,0.281670485,-0.342112981,-0.089105647,0.110089171,-0.366466851,0.302123925,0.907274113,-0.072775481,-0.276666009,0.951943080,0.165845583
walk,0.216666673,0.162500000,0.088964140,0.103446543,0.054790884,0.088951035,0.014947816,0.203791676,-0.089217227,0.285371851,-0.337925420,-0.089106554,0.114237477,-0.365243738,0.303433313,0.908498378,-0.070593849,-0.276127815,0.951462824,0.161445748
walk,0.220833340,0.165625000,0.088966326,0.103461585,0.050703953,0.088954023,0.014962835,0.199704737,-0.089178750,0.289164692,-0.333728289,-0.089097202,0.118528513,-0.364003081,0.304727482,0.909725448,-0.068408438,-0.275541910,0.951007027,0.157039640
walk,0.225000007,0.168750000,0.088972990,0.103507661,0.046605881,0.088963136,0.015008697,0.195606543,-0.089130003,0.293048794,-0.329522700,-0.089076907,0.122961924,-0.362745099,0.306006406,0.910955287,-0.066219358,-0.274908253,0.950575911,0.152627970
walk,0.229166673,0.171875000,0.088984149,0.103584879,0.042496873,0.088978395,0.015085489,0.191497286,-0.089070759,0.297023924,-0.325309764,-0.089044993,0.127537321,-0.361470011,0.307270061,0.912187860,-0.064026718,-0.274226816,0.950169692,0.148211451
walk,0.233333340,0.175000000,0.088999817,0.103693349,0.038377138,0.088999821,0.015193292,0.187377159,-0.089000798,0.301089828,-0.321090587,-0.089000789,0.132254278,-0.360178032,0.308518427,0.913423132,-0.061830624,-0.273497584,0.949788582,0.143790800
walk,0.237500007,0.178125000,0.088983563,0.103551406,0.034340279,0.088976539,0.015051965,0.183340668,-0.089026619,0.303602978,-0.314684293,-0.089030688,0.135325051,-0.356106653,0.309830049,0.914670980,-0.059242583,-0.273065589,0.949516481,0.139460905
walk,0.241666674,0.181250000,0.088971853,0.103449257,0.030290013,0.088959785,0.014950260,0.179290667,-0.089045399,0.306235201,-0.308294793,-0.089053272,0.138547238,-0.352044321,0.311122822,0.915924668,-0.056650389,-0.272585823,0.949264461,0.135125015
walk,0.245833341,0.184375000,0.088964731,0.103387033,0.026226759,0.088949615,0.014888304,0.175227574,-0.089056971,0.308986165,-0.301924143,-0.089067928,0.141920400,-0.347992631,0.312396711,0.917184150,-0.054054194,-0.272058221,0.949032729,0.130783801
walk,0.250000007,0.187500000,0.088962236,0.103364859,0.022150936,0.088946082,0.014866222,0.171151808,-0.089061169,0.311855500,-0.295574390,-0.089074042,0.145444053,-0.343953176,0.313651681,0.918449380,-0.051454150,-0.271482731,0.948821491,0.126437937
walk,0.254166674,0.190625000,0.088964410,0.103382856,0.018062966,0.088949236,0.014884136,0.167063791,-0.089057827,0.314842802,-0.289247575,-0.089071004,0.149117671,-0.339927539,0.314887700,0.919720313,-0.048850410,-0.270859309,0.948630946,0.122088101
walk,0.258333341,0.193750000,0.088971292,0.103441143,0.013963273,0.088959129,0.014942161,0.162963945,-0.089046780,0.317947630,-0.282945728,-0.089058206,0.152940684,-0.335917298,0.316104739,0.920996903,-0.046243126,-0.270187925,0.948461291,0.117734971
walk,0.262500008,0.196875000,0.088982919,0.103539830,0.009852280,0.088975809,0.015040409,0.158852693,-0.089027862,0.321169505,-0.276670873,-0.089035043,0.156912480,-0.331924021,0.317302767,0.922279103,-0.043632451,-0.269468557,0.948312720,0.113379230
walk,0.266666675,0.200000000,0.088999328,0.103679028,0.005730413,0.088999324,0.015178988,0.154730461,-0.089000911,0.324507915,-0.270425022,-0.089000912,0.161032404,-0.327949269,0.318481757,0.923566866,-0.041018538,-0.268701198,0.948185421,0.109021560
walk,0.270833341,0.203125000,0.088991114,0.103696919,0.001780630,0.088977526,0.015035523,0.150684722,-0.089008572,0.325968428,-0.262758436,-0.089012256,0.162978599,-0.321644744,0.319699688,0.924797914,-0.038061513,-0.268220016,0.948112858,0.104974809
walk,0.275000008,0.206250000,0.088987582,0.103757784,-0.002179759,0.088962456,0.014934947,0.146628090,-0.089014191,0.327558928,-0.255124995,-0.089021122,0.165066205,-0.315369468,0.320895513,0.926038237,-0.035100758,-0.267695070,0.948054732,0.100924554
walk,0.279166675,0.209375000,0.088988776,0.103861725,-0.006150289,0.088954170,0.014877366,0.142561029,-0.089017730,0.329278730,-0.247527043,-0.089027163,0.167294505,-0.309125684,0.322069189,0.927287780,-0.032136474,-0.267126313,0.948011206,0.096871354
walk,0.283333342,0.212500000,0.088994744,0.104008843,-0.010130494,0.088952720,0.014862878,0.138484005,-0.089019148,0.331127101,-0.239966905,-0.089030029,0.169662735,-0.302915616,0.323220678,0.928546488,-0.029168860,-0.266513705,0.947982444,0.092815770
walk,0.287500009,0.215625000,0.089005527,0.104199230,-0.014119904,0.088958159,0.014891576,0.134397487,-0.089018399,0.333103266,-0.232446894,-0.089029366,0.172170086,-0.296741476,0.324349945,0.929814305,-0.026198115,-0.265857216,0.947968605,0.088758362
walk,0.291666675,0.218750000,0.089021170,0.104432975,-0.018118052,0.088970538,0.014963550,0.130301942,-0.089015433,0.335206409,-0.224969305,-0.089024818,0.174815706,-0.290605456,0.325456953,0.931091172,-0.023224439,-0.265156825,0.947969847,0.084699695
walk,0.295833342,0.221875000,0.089041712,0.104710161,-0.022124467,0.088989905,0.015078883,0.126197841,-0.089010195,0.337435669,-0.217536419,-0.089016026,0.177598700,-0.284509736,0.326541671,0.932377034,-0.020248031,-0.264412521,0.947986328,0.080640332
walk,0.300000009,0.225000000,0.089067195,0.105030869,-0.026138679,0.089016308,0.015237655,0.122085654,-0.089002628,0.339790145,-0.210150498,-0.089002628,0.180518129,-0.278456475,0.327604068,0.933671831,-0.017269091,-0.263624299,0.948018202,0.076580842
walk,0.304166676,0.228125000,0.089076550,0.105369393,-0.029927121,0.089000422,0.015131584,0.118026949,-0.088988755,0.340031544,-0.201889602,-0.088988814,0.180950667,-0.270639540,0.328680250,0.934843804,-0.014030486,-0.263102054,0.948001963,0.072896476
walk,0.308333343,0.231250000,0.089090477,0.105741465,-0.033721058,0.088990684,0.015059685,0.113961296,-0.088978627,0.340402302,-0.193651720,-0.088979060,0.181513887,-0.262845276,0.329731651,0.936028023,-0.010789039,-0.262541544,0.947995314,0.069210424
walk,0.312500009,0.234375000,0.089108990,0.106147132,-0.037520168,0.088987112,0.015022010,0.109889019,-0.088972335,0.340901757,-0.185438994,-0.088973290,0.182207124,-0.255075821,0.330758229,0.937224425,-0.007544993,-0.261942735,0.947998382,0.065523122
walk,0.316666676,0.237500000,0.089132105,0.106586436,-0.041324128,0.088989723,0.015018609,0.105810442,-0.088969961,0.341529208,-0.177253549,-0.088971424,0.183029679,-0.247333296,0.331759947,0.938432941,-0.004298593,-0.261305602,0.948011293,0.061835010
walk,0.320833343,0.240625000,0.089159834,0.107059416,-0.045132617,0.088998532,0.015049526,0.101725890,-0.088971586,0.342283917,-0.169097496,-0.088973372,0.183980813,-0.239619806,0.332736766,0.939653505,-0.001050080,-0.260630125,0.948034172,0.058146528
walk,0.325000010,0.243750000,0.089192191,0.107566110,-0.048945312,0.089013556,0.015114805,0.097635687,-0.088977283,0.343165113,-0.160972932,-0.088979043,0.185059754,-0.231937443,0.333688655,0.940886047,0.002200301,-0.259916291,0.948067142,0.054458116
walk,0.329166676,0.246875000,0.089229188,0.108106550,-0.052761889,0.089034809,0.015214486,0.093540161,-0.088987120,0.344171986,-0.152881935,-0.088988339,0.186265692,-0.224288279,0.334615581,0.942130498,0.005452308,-0.259164095,0.948110328,0.050770217
walk,0.333333343,0.250000000,0.089270837,0.108680768,-0.056582026,0.089062303,0.015348606,0.089439635,-0.089001157,0.345303693,-0.144826568,-0.089001156,0.187597783,-0.216674373,0.335517516,0.943386787,0.008705698,-0.258373535,0.948163851,0.047083273
walk,0.337500010,0.253125000,0.089300650,0.109287143,-0.060222380,0.089053137,0.015293582,0.085374363,-0.088973317,0.344210800,-0.136591145,-0.088967029,0.185803809,-0.206879743,0.336409162,0.944448659,0.012143754,-0.257831113,0.948063906,0.043779710
walk,0.341666677,0.256250000,0.089334670,0.109913962,-0.063864508,0.089049131,0.015260717,0.081304171,-0.088953490,0.343236954,-0.128342762,-0.088942647,0.184144373,-0.197065489,0.337274020,0.945525080,0.015583358,-0.257256075,0.947969874,0.040475714
walk,0.345833344,0.259375000,0.089372903,0.110561230,-0.067508163,0.089050300,0.015250052,0.077229325,-0.088941861,0.342382236,-0.120083157,-0.088928227,0.182619618,-0.187233502,0.338112052,0.946615975,0.019024232,-0.256648402,0.947881852,0.037171620
walk,0.350000010,0.262500000,0.089415357,0.111228953,-0.071153096,0.089056656,0.015261625,0.073150091,-0.088938614,0.341646702,-0.111814068,-0.088923986,0.181229659,-0.177385676,0.338923226,0.947721266,0.022466097,-0.256008077,0.947799936,0.033867764
walk,0.354166677,0.265625000,0.089462039,0.111917132,-0.074799060,0.089068210,0.015295472,0.069066737,-0.088943928,0.341030383,-0.103537233,-0.088930135,0.179974584,-0.167523903,0.339707509,0.948840873,0.025908674,-0.255335091,0.947724225,0.030564480
walk,0.358333344,0.268750000,0.089512957,0.112625767,-0.078445805,0.089084974,0.015351624,0.064979530,-0.088957979,0.340533282,-0.095254389,-0.088946879,0.178854455,-0.157650075,0.340464875,0.949974715,0.029351685,-0.254629434,0.947654814,0.027262106
walk,0.362500011,0.271875000,0.089568115,0.113354853,-0.082093085,0.089106958,0.015430109,0.060888739,-0.088980938,0.340155381,-0.086967270,-0.088974424,0.177869306,-0.147766084,0.341195298,0.951122711,0.032794852,-0.253891106,0.947591799,0.023960979
walk,0.366666678,0.275000000,0.089627518,0.114104381,-0.085740651,0.089134172,0.015530952,0.056794632,-0.089012971,0.339896631,-0.078677611,-0.089012966,0.177019146,-0.137873819,0.341898756,0.952284777,0.036237897,-0.253120109,0.947535278,0.020661436
walk,0.370833344,0.278125000,0.089678846,0.114872632,-0.089250312,0.089129076,0.015490486,0.052722074,-0.088983445,0.337605241,-0.070756533,-0.088973568,0.173258639,-0.125742545,0.342566686,0.953173745,0.039792913,-0.252588747,0.947226401,0.017728453
walk,0.375000011,0.281250000,0.089734385,0.115657372,-0.092757848,0.089128763,0.015469581,0.048646930,-0.088962966,0.335425605,-0.062785198,-0.088945815,0.169718728,-0.113524710,0.343206583,0.954078722,0.043347915,-0.252030073,0.946920882,0.014795893
walk,0.379166678,0.284375000,0.089794125,0.116458590,-0.096263155,0.089133232,0.015468257,0.044569325,-0.088951763,0.333358691,-0.054765256,-0.088930054,0.166401274,-0.101224792,0.343818421,0.954999620,0.046902598,-0.251444077,0.946618795,0.011864008
walk,0.383333345,0.287500000,0.089858054,0.117276271,-0.099766127,0.089142478,0.015486529,0.040489383,-0.088950063,0.331405440,-0.046698377,-0.088926623,0.163308041,-0.088847312,0.344402174,0.955936351,0.050456661,-0.250830750,0.946320214,0.008933050
walk,0.387500012,0.290625000,0.089926161,0.118110401,-0.103266659,0.089156497,0.015524416,0.036407229,-0.088958089,0.329566767,-0.038586251,-0.088935855,0.160440691,-0.076396827,0.344957823,0.956888826,0.054009801,-0.250190086,0.946025215,0.006003273
walk,0.391666678,0.293750000,0.089998434,0.118960964,-0.106764647,0.089175284,0.015581933,0.032322987,-0.088976062,0.327843560,-0.030430581,-0.088958073,0.157800786,-0.063877929,0.345485348,0.957856953,0.057561717,-0.249522083,0.945733871,0.003074930
walk,0.395833345,0.296875000,0.090074862,0.119827945,-0.110259985,0.089198836,0.015659095,0.028236782,-0.089004200,0.326236682,-0.022233090,-0.088993591,0.155389786,-0.051295246,0.345984736,0.958840639,0.061112109,-0.248826741,0.945446258,0.000148275
walk,0.400000012,0.300000000,0.090155433,0.120711327,-0.113752570,0.089227147,0.015755916,0.024148740,-0.089042719,0.324746966,-0.013995518,-0.089042717,0.153209044,-0.038653433,0.346455975,0.959839788,0.064660675,-0.248104064,0.945162449,-0.002776438
walk,0.404166679,0.303125000,0.090227665,0.121523050,-0.117158562,0.089222302,0.015680830,0.020062741,-0.089019995,0.321459559,-0.006553133,-0.089010539,0.149148682,-0.025052706,0.346861183,0.960505908,0.068249891,-0.247626992,0.944562063,-0.005361141
walk,0.408333346,0.306250000,0.090304457,0.122361092,-0.120557931,0.089222735,0.015636282,0.015977476,-0.089004442,0.318281645,0.000960012,-0.088987994,0.145418829,-0.011357484,0.347237962,0.961188553,0.071837437,-0.247127425,0.943963406,-0.007944856
walk,0.412500012,0.309375000,0.090385810,0.123225379,-0.123950372,0.089228462,0.015622264,0.011893301,-0.088996285,0.315214571,0.008542044,-0.088975443,0.142021543,0.002422400,0.347586295,0.961887628,0.075423001,-0.246605359,0.943366534,-0.010527398
walk,0.416666679,0.312500000,0.090471725,0.124115829,-0.127335581,0.089239496,0.015638762,0.007810568,-0.088995745,0.312259648,0.016191065,-0.088973231,0.138958555,0.016277064,0.347906173,0.962603038,0.079006274,-0.246060789,0.942771504,-0.013108578
walk,0.420833346,0.315625000,0.090562202,0.125032357,-0.130713256,0.089255850,0.015685760,0.003729631,-0.089003040,0.309418155,0.023905150,-0.088981687,0.136231276,0.030196593,0.348197587,0.963334684,0.082586944,-0.245493716,0.942178372,-0.015688208
walk,0.425000013,0.318750000,0.090657240,0.125974872,-0.134083094,0.089277536,0.015763232,-0.000349156,-0.089018385,0.306691333,0.031682350,-0.089001121,0.133840786,0.044171046,0.348460532,0.964082469,0.086164705,-0.244904139,0.941587194,-0.018266100
walk,0.429166679,0.321875000,0.090756839,0.126943280,-0.137444796,0.089304566,0.015871149,-0.004425441,-0.089041991,0.304080385,0.039520693,-0.089031823,0.131787843,0.058190472,0.348695007,0.964846290,0.089739246,-0.244292062,0.940998028,-0.020842067
walk,0.433333346,0.325000000,0.090860996,0.127937482,-0.140798063,0.089336949,0.016009478,-0.008498872,-0.089074068,0.301586476,0.047418179,-0.089074067,0.130072876,0.072244914,0.348901014,0.965626045,0.093310261,-0.243657491,0.940410929,-0.023415918
walk,0.437500013,0.328125000,0.090954106,0.128746774,-0.144128519,0.089332823,0.015918625,-0.012597323,-0.089064035,0.297486854,0.054218059,-0.089054742,0.127107076,0.085904209,0.349028842,0.966109128,0.096851038,-0.243265646,0.939554102,-0.025680435
walk,0.441666680,0.331250000,0.091051626,0.129587335,-0.147448260,0.089334247,0.015864246,-0.016691296,-0.089057446,0.293498268,0.061088684,-0.089041214,0.124526525,0.099583233,0.349128750,0.966608290,0.100388618,-0.242855617,0.938698090,-0.027943636
walk,0.445833347,0.334375000,0.091153547,0.130459071,-0.150757007,0.089341225,0.015846289,-0.020780476,-0.089054515,0.289621962,0.068028111,-0.089033869,0.122330199,0.113269082,0.349200737,0.967123435,0.103922696,-0.242427404,0.937842934,-0.030205386
walk,0.450000013,0.337500000,0.091259858,0.131361884,-0.154054481,0.089353759,0.015864698,-0.024864550,-0.089055451,0.285859148,0.075034375,-0.089033072,0.120516601,0.126948929,0.349244806,0.967654463,0.107452972,-0.241981007,0.936988676,-0.032465549
walk,0.454166680,0.340625000,0.091370549,0.132295676,-0.157340408,0.089371852,0.015919415,-0.028943206,-0.089060459,0.282211001,0.082105489,-0.089039169,0.119083765,0.140610044,0.349260962,0.968201273,0.110979145,-0.241516427,0.936135356,-0.034723986
walk,0.458333347,0.343750000,0.091485609,0.133260345,-0.160614509,0.089395504,0.016010379,-0.033016132,-0.089069744,0.278678663,0.089239446,-0.089052483,0.118029262,0.154239813,0.349249216,0.968763764,0.114500915,-0.241033669,0.935283017,-0.036980562
walk,0.462500014,0.346875000,0.091605024,0.134255787,-0.163876512,0.089424716,0.016137526,-0.037083017,-0.089083505,0.275263238,0.096434220,-0.089073312,0.117350204,0.167825752,0.349209578,0.969341831,0.118017982,-0.240532736,0.934431699,-0.039235140
walk,0.466666681,0.350000000,0.091728783,0.135281894,-0.167126141,0.089459489,0.016300790,-0.041143549,-0.089101940,0.271965793,0.103687759,-0.089101936,0.117043247,0.181355522,0.349142065,0.969935368,0.121530048,-0.240013635,0.933581446,-0.041487582
walk,0.470833347,0.353125000,0.091839074,0.136053990,-0.170415888,0.089457530,0.016217119,-0.045249124,-0.089104182,0.267258952,0.109676795,-0.089093565,0.115452675,0.193271832,0.349019634,0.970285922,0.124941103,-0.239708089,0.932540033,-0.043463288
walk,0.475000014,0.356250000,0.091953104,0.136854952,-0.173693225,0.089460747,0.016167875,-0.049348206,-0.089105724,0.262668396,0.115719270,-0.089087224,0.114205065,0.205116777,0.348870718,0.970651199,0.128347779,-0.239388178,0.931499047,-0.045437559
walk,0.479166681,0.359375000,0.092070846,0.137684675,-0.176957901,0.089469120,0.016152993,-0.053440504,-0.089106756,0.258195058,0.121813199,-0.089083274,0.113296359,0.216879708,0.348695329,0.971031107,0.131749799,-0.239053904,0.930458514,-0.047410299
walk,0.483333348,0.362500000,0.092192271,0.138543051,-0.180209667,0.089482632,0.016172403,-0.057525729,-0.089107465,0.253839838,0.127956584,-0.089082058,0.112722135,0.228550158,0.348493484,0.971425547,0.135146885,-0.238705270,0.929418466,-0.049381411
walk,0.487500015,0.365625000,0.092317351,0.139429972,-0.183448272,0.089501261,0.016226035,-0.061603593,-0.089108035,0.249603603,0.134147410,-0.089083900,0.112477613,0.240117859,0.348265199,0.971834422,0.138538762,-0.238342278,0.928378929,-0.051350800
walk,0.491666681,0.368750000,0.092446057,0.140345325,-0.186673470,0.089524989,0.016313815,-0.065673808,-0.089108648,0.245487181,0.140383649,-0.089089105,0.112557664,0.251572750,0.348010497,0.972257633,0.141925155,-0.237964934,0.927339935,-0.053318368
walk,0.495833348,0.371875000,0.092578358,0.141288997,-0.189885013,0.089553793,0.016435668,-0.069736086,-0.089109486,0.241491368,0.146663258,-0.089097959,0.112956816,0.262904993,0.347729402,0.972695080,0.145305790,-0.237573242,0.926301512,-0.055284019
walk,0.500000015,0.375000000,0.092714224,0.142260871,-0.193082655,0.089587652,0.016591515,-0.073790141,-0.089110725,0.237616919,0.152984175,-0.089110730,0.113669259,0.274104979,0.347421940,0.973146660,0.148680394,-0.237167209,0.925263689,-0.057247657
walk,0.504166682,0.378125000,0.092833550,0.142957859,-0.196377674,0.089588271,0.016525031,-0.077897823,-0.089124518,0.232524031,0.158007103,-0.089113191,0.112559213,0.283073933,0.347076623,0.973399191,0.151882694,-0.236959289,0.924116589,-0.058968064
walk,0.508333348,0.381250000,0.092955768,0.143678943,-0.199660598,0.089593319,0.016487827,-0.081998448,-0.089133601,0.227558658,0.163054620,-0.089113943,0.111702230,0.291936563,0.346707153,0.973664302,0.155079966,-0.236740345,0.922969889,-0.060687097
walk,0.512500015,0.384375000,0.093080841,0.144423997,-0.202931168,0.089602762,0.016479830,-0.086091700,-0.089138160,0.222721509,0.168124939,-0.089113302,0.111094731,0.300687104,0.346313555,0.973941906,0.158271970,-0.236510379,0.921823608,-0.062404690
walk,0.516666682,0.387500000,0.093208729,0.145192892,-0.206189127,0.089616566,0.016500963,-0.090177263,-0.089138383,0.218013260,0.173216266,-0.089111579,0.110732985,0.309319924,0.345895851,0.974231915,0.161458468,-0.236269396,0.920677765,-0.064120779
walk,0.520833349,0.390625000,0.093339394,0.145985493,-0.209434220,0.089634696,0.016551143,-0.094254821,-0.089134459,0.213434557,0.178326801,-0.089109071,0.110613107,0.317829527,0.345454070,0.974534243,0.164639224,-0.236017399,0.919532378,-0.065835299
walk,0.525000016,0.393750000,0.093472796,0.146801663,-0.212666192,0.089657116,0.016630283,-0.098324062,-0.089126575,0.208986017,0.183454738,-0.089106068,0.110731065,0.326210557,0.344988241,0.974848799,0.167814000,-0.235754393,0.918387469,-0.067548185
walk,0.529166682,0.396875000,0.093608895,0.147641262,-0.215884792,0.089683790,0.016738293,-0.102384673,-0.089114919,0.204668223,0.188598263,-0.089102848,0.111082685,0.334457801,0.344498395,0.975175493,0.170982561,-0.235480383,0.917243054,-0.069259371
walk,0.533333349,0.400000000,0.093747651,0.148504146,-0.219089771,0.089714682,0.016875076,-0.106436343,-0.089099680,0.200481728,0.193755557,-0.089099679,0.111663655,0.342566195,0.343984567,0.975514234,0.174144674,-0.235195375,0.916099156,-0.070968792
walk,0.537500016,0.403125000,0.093863934,0.149085766,-0.222447429,0.089716969,0.016822423,-0.110543526,-0.089120710,0.195467878,0.197771606,-0.089109591,0.110415505,0.348766148,0.343452354,0.975687552,0.177061376,-0.235096781,0.914930439,-0.072468528
walk,0.541666683,0.406250000,0.093982377,0.149686835,-0.225794500,0.089722832,0.016793472,-0.114643770,-0.089134273,0.190596330,0.201781406,-0.089115030,0.109363383,0.354864611,0.342899145,0.975870695,0.179973052,-0.234990039,0.913762327,-0.073967091
walk,0.545833350,0.409375000,0.094102944,0.150307269,-0.229130832,0.089732235,0.016788168,-0.118736892,-0.089140591,0.185867673,0.205783373,-0.089116317,0.108505472,0.360858682,0.342324967,0.976063592,0.182879513,-0.234875150,0.912594831,-0.075464440
walk,0.550000016,0.412500000,0.094225597,0.150946986,-0.232456275,0.089745141,0.016806453,-0.122822705,-0.089139892,0.181282458,0.209775921,-0.089113772,0.107839882,0.366745508,0.341729848,0.976266172,0.185780569,-0.234752118,0.911427962,-0.076960535
walk,0.554166683,0.415625000,0.094350298,0.151605897,-0.235770682,0.089761515,0.016848265,-0.126901028,-0.089132404,0.176841203,0.213757458,-0.089107711,0.107364658,0.372522299,0.341113820,0.976478362,0.188676032,-0.234620946,0.910261733,-0.078455334
walk,0.558333350,0.418750000,0.094477010,0.152283916,-0.239073905,0.089781318,0.016913543,-0.130971676,-0.089118360,0.172544393,0.217726392,-0.089098447,0.107077780,0.378186324,0.340476915,0.976700089,0.191565713,-0.234481640,0.909096154,-0.079948795
walk,0.562500017,0.421875000,0.094605696,0.152980954,-0.242365797,0.089804513,0.017002223,-0.135034469,-0.089097996,0.168392479,0.221681130,-0.089086291,0.106977167,0.383734914,0.339819167,0.976931278,0.194449424,-0.234334203,0.907931237,-0.081440878
walk,0.566666684,0.425000000,0.094736317,0.153696918,-0.245646214,0.089831063,0.017114239,-0.139089224,-0.089071549,0.164385872,0.225620072,-0.089071549,0.107060671,0.389165457,0.339140615,0.977171855,0.197326979,-0.234178640,0.906766994,-0.082931540
walk,0.570833350,0.428125000,0.094835359,0.154133748,-0.249127074,0.089833503,0.017073127,-0.143190075,-0.089095113,0.159973822,0.228598151,-0.089084439,0.105586961,0.393144011,0.338464714,0.977270115,0.199881559,-0.234200645,0.905664563,-0.084245337
walk,0.575000017,0.431250000,0.094936167,0.154587723,-0.252599998,0.089838800,0.017051974,-0.147285171,-0.089110191,0.155716226,0.231544512,-0.089091754,0.104285236,0.397038086,0.337771672,0.977375078,0.202431791,-0.234216917,0.904563068,-0.085558251
walk,0.579166684,0.434375000,0.095038710,0.155058793,-0.256064877,0.089846920,0.017050743,-0.151374384,-0.089117071,0.151613604,0.234458008,-0.089093857,0.103155064,0.400846225,0.337061514,0.977486691,0.204977540,-0.234227458,0.903462514,-0.086870258
walk,0.583333351,0.437500000,0.095142958,0.155546909,-0.259521606,0.089857835,0.017069395,-0.155457588,-0.089116047,0.147666437,0.237337494,-0.089091110,0.102195972,0.404566993,0.336334269,0.977604903,0.207518667,-0.234232272,0.902362909,-0.088181334
walk,0.587500018,0.440625000,0.095248879,0.156052018,-0.262970078,0.089871511,0.017107892,-0.159534658,-0.089107416,0.143875175,0.240181832,-0.089083879,0.101407447,0.408198974,0.335589964,0.977729660,0.210055039,-0.234231360,0.901264256,-0.089491453
walk,0.591666684,0.443750000,0.095356443,0.156574067,-0.266410186,0.089887919,0.017166193,-0.163605469,-0.089091483,0.140240231,0.242989888,-0.089072532,0.100788939,0.411740778,0.334828631,0.977860910,0.212586518,-0.234224728,0.900166564,-0.090800593
walk,0.595833351,0.446875000,0.095465620,0.157113005,-0.269841826,0.089907027,0.017244256,-0.167669895,-0.089068556,0.136761986,0.245760532,-0.089057436,0.100339855,0.415191034,0.334050300,0.977998598,0.215112969,-0.234212376,0.899069836,-0.092108728
walk,0.600000018,0.450000000,0.095576378,0.157668777,-0.273264891,0.089928803,0.017342040,-0.171727812,-0.089038946,0.133440782,0.248492640,-0.089038960,0.100059565,0.418548398,0.333255005,0.978142671,0.217634259,-0.234194310,0.897974080,-0.093415834
walk,0.604166685,0.453125000,0.095642271,0.157913302,-0.276939962,0.089928582,0.017285338,-0.175824197,-0.089056918,0.130257560,0.250360111,-0.089046686,0.098702614,0.420764191,0.332482456,0.978161329,0.219753732,-0.234347891,0.897025889,-0.094567950
walk,0.608333351,0.456250000,0.095710068,0.158177293,-0.280610308,0.089930840,0.017249343,-0.179916794,-0.089068158,0.127210980,0.252187691,-0.089050526,0.097486004,0.422920492,0.331697122,0.978183626,0.221870038,-0.234497716,0.896078950,-0.095719489
walk,0.612500018,0.459375000,0.095779742,0.158460705,-0.284275748,0.089935549,0.017234023,-0.184005404,-0.089072977,0.124301355,0.253974821,-0.089050834,0.096409840,0.425016703,0.330899024,0.978209531,0.223983090,-0.234643786,0.895133265,-0.096870437
walk,0.616666685,0.462500000,0.095851264,0.158763490,-0.287936104,0.089942678,0.017239344,-0.188089828,-0.089071691,0.121528970,0.255720948,-0.089047966,0.095474197,0.427052233,0.330088184,0.978239011,0.226092803,-0.234786104,0.894188838,-0.098020781
walk,0.620833352,0.465625000,0.095924606,0.159085600,-0.291591195,0.089952199,0.017265269,-0.192169869,-0.089064618,0.118894085,0.257425522,-0.089042280,0.094679125,0.429026499,0.329264624,0.978272035,0.228199092,-0.234924672,0.893245669,-0.099170507
walk,0.625000019,0.468750000,0.095999738,0.159426983,-0.295240842,0.089964082,0.017311758,-0.196245329,-0.089052083,0.116396937,0.259088005,-0.089034135,0.094024647,0.430938926,0.328428368,0.978308571,0.230301870,-0.235059491,0.892303762,-0.100319602
walk,0.629166685,0.471875000,0.096076632,0.159787586,-0.298884869,0.089978297,0.017378771,-0.200316011,-0.089034409,0.114037735,0.260707862,-0.089023895,0.093510764,0.432788949,0.327579440,0.978348585,0.232401053,-0.235190564,0.891363119,-0.101468054
walk,0.633333352,0.475000000,0.096155258,0.160167350,-0.302523098,0.089994813,0.017466263,-0.204381719,-0.089011928,0.111816672,0.262284558,-0.089011921,0.093137445,0.434576005,0.326717864,0.978392045,0.234496553,-0.235317894,0.890423743,-0.102615847
walk,0.637500019,0.478125000,0.096172696,0.160170492,-0.306464103,0.089988899,0.017363970,-0.208477686,-0.089011274,0.110759361,0.262872895,-0.089006867,0.092695259,0.435229926,0.325892703,0.978337430,0.236123337,-0.235616749,0.889708339,-0.103591224
walk,0.641666686,0.481250000,0.096192871,0.160205120,-0.310400758,0.089985631,0.017293400,-0.212569329,-0.089010314,0.109714246,0.263458070,-0.089002760,0.092265639,0.435878504,0.325059319,0.978284134,0.237748212,-0.235913423,0.888994233,-0.104566286
walk,0.645833353,0.484375000,0.096215749,0.160271255,-0.314332858,0.089984972,0.017254553,-0.216656471,-0.089009083,0.108681317,0.264039985,-0.088999638,0.091848535,0.436521634,0.324217724,0.978232141,0.239371133,-0.236207916,0.888281426,-0.105541028
walk,0.650000019,0.487500000,0.096241297,0.160368919,-0.318260199,0.089986884,0.017247432,-0.220738938,-0.089007614,0.107660566,0.264618542,-0.088997537,0.091443891,0.437159213,0.323367932,0.978181437,0.240992058,-0.236500229,0.887569919,-0.106515443
walk,0.654166686,0.490625000,0.096269479,0.160498132,-0.322182576,0.089991329,0.017272035,-0.224816554,-0.089005941,0.106651981,0.265193643,-0.088996491,0.091051653,0.437791138,0.322509957,0.978132006,0.242610942,-0.236790364,0.886859712,-0.107489523
walk,0.658333353,0.493750000,0.096300260,0.160658909,-0.326099785,0.089998270,0.017328359,-0.228889145,-0.089004099,0.105655549,0.265765191,-0.088996538,0.090671764,0.438417309,0.321643811,0.978083834,0.244227741,-0.237078322,0.886150806,-0.108463262
walk,0.662500020,0.496875000,0.096333605,0.160851267,-0.330011621,0.090007667,0.017416400,-0.232956535,-0.089002121,0.104671256,0.266333090,-0.088997711,0.090304163,0.439037624,0.320769511,0.978036906,0.245842411,-0.237364102,0.885443202,-0.109436654
walk,0.666666687,0.500000000,0.096369479,0.161075217,-0.333917879,0.090019482,0.017536149,-0.237018551,-0.089000042,0.103699085,0.266897243,-0.089000047,0.089948789,0.439651985,0.319887070,0.977991207,0.247454909,-0.237647707,0.884736900,-0.110409693
walk,0.670833353,0.503125000,0.096232397,0.161119227,-0.334342304,0.090003280,0.017409305,-0.237688682,-0.089019345,0.103244903,0.262935633,-0.089029758,0.088423865,0.435601807,0.319050408,0.977865255,0.248504219,-0.238103503,0.884326538,-0.111181999
walk,0.675000020,0.506250000,0.096095076,0.161165423,-0.334765068,0.089987208,0.017285189,-0.238357399,-0.089033567,0.102933375,0.258938027,-0.089050390,0.087042190,0.431508999,0.318209886,0.977739209,0.249552703,-0.238558262,0.883917266,-0.111954173
walk,0.679166687,0.509375000,0.095957510,0.161213797,-0.335186163,0.089971261,0.017163797,-0.239024690,-0.089043107,0.102764767,0.254906138,-0.089062344,0.085804075,0.427375278,0.317365511,0.977613065,0.250600345,-0.239011986,0.883509084,-0.112726211
walk,0.683333354,0.512500000,0.095819694,0.161264341,-0.335605580,0.089955431,0.017045124,-0.239690543,-0.089048370,0.102739313,0.250841686,-0.089066027,0.084709800,0.423202369,0.316517288,0.977486820,0.251647131,-0.239464674,0.883101991,-0.113498111
walk,0.687500020,0.515625000,0.095681622,0.161317049,-0.336023311,0.089939713,0.016929164,-0.240354949,-0.089049763,0.102857207,0.246746394,-0.089061851,0.083759608,0.418992003,0.315665221,0.977360469,0.252693047,-0.239916326,0.882695987,-0.114269870
walk,0.691666687,0.518750000,0.095543289,0.161371913,-0.336439349,0.089924101,0.016815913,-0.241017894,-0.089047696,0.103118612,0.242621993,-0.089050229,0.082953706,0.414745914,0.314809316,0.977234011,0.253738077,-0.240366943,0.882291073,-0.115041484
walk,0.695833354,0.521875000,0.095404689,0.161428925,-0.336853686,0.089908588,0.016705365,-0.241679369,-0.089042584,0.103523655,0.238470219,-0.089031581,0.082292270,0.410465845,0.313949579,0.977107440,0.254782206,-0.240816525,0.881887249,-0.115812951
walk,0.700000021,0.525000000,0.095265817,0.161488081,-0.337266319,0.089893169,0.016597516,-0.242339373,-0.089034841,0.104072422,0.234292813,-0.089006327,0.081775419,0.406153539,0.313086016,0.976980753,0.255825415,-0.241265073,0.881484516,-0.116584266
walk,0.704166688,0.528125000,0.094972048,0.161981403,-0.338422375,0.089853688,0.016536699,-0.244332491,-0.089048205,0.104001968,0.230260812,-0.089023419,0.079145443,0.401770046,0.312275414,0.976766060,0.256146646,-0.241877303,0.881444642,-0.117128395
walk,0.708333354,0.531250000,0.094678435,0.162476974,-0.339576785,0.089815520,0.016483466,-0.246327051,-0.089061070,0.103988616,0.226223914,-0.089035941,0.076578080,0.397343537,0.311464238,0.976551061,0.256467636,-0.242489169,0.881405490,-0.117672446
walk,0.712500021,0.534375000,0.094384976,0.162974788,-0.340729544,0.089778656,0.016437834,-0.248323012,-0.089073585,0.104032403,0.222182725,-0.089044057,0.074073940,0.392874705,0.310652490,0.976335756,0.256788386,-0.243100670,0.881367062,-0.118216418
walk,0.716666688,0.537500000,0.094091670,0.163474842,-0.341880646,0.089743089,0.016399820,-0.250320330,-0.089085896,0.104133357,0.218137851,-0.089047934,0.071633626,0.388364251,0.309840170,0.976120146,0.257108892,-0.243711805,0.881329356,-0.118760309
walk,0.720833355,0.540625000,0.093798516,0.163977132,-0.343030087,0.089708810,0.016369443,-0.252318965,-0.089098153,0.104291499,0.214089899,-0.089047739,0.069257732,0.383812886,0.309027278,0.975904230,0.257429154,-0.244322575,0.881292373,-0.119304119
walk,0.725000022,0.543750000,0.093505511,0.164481653,-0.344177860,0.089675809,0.016346720,-0.254318873,-0.089110504,0.104506843,0.210039475,-0.089043645,0.066946842,0.379221332,0.308213815,0.975688010,0.257749170,-0.244932980,0.881256112,-0.119847845
walk,0.729166688,0.546875000,0.093212654,0.164988401,-0.345323960,0.089644079,0.016331667,-0.256320013,-0.089123096,0.104779397,0.205987188,-0.089035822,0.064701533,0.374590315,0.307399781,0.975471486,0.258068939,-0.245543020,0.881220574,-0.120391487
walk,0.733333355,0.550000000,0.092919943,0.165497374,-0.346468382,0.089613611,0.016324303,-0.258322343,-0.089136078,0.105109160,0.201933643,-0.089024446,0.062522370,0.369920573,0.306585178,0.975254657,0.258388460,-0.246152694,0.881185758,-0.120935042
walk,0.737500022,0.553125000,0.092644949,0.167040482,-0.348187187,0.089568387,0.016922359,-0.261651947,-0.089152236,0.105189443,0.197950751,-0.089035955,0.059572191,0.365140197,0.305835952,0.974900571,0.257768358,-0.246972834,0.881544151,-0.121097264
walk,0.741666689,0.556250000,0.092369493,0.168591459,-0.349899256,0.089525466,0.017546088,-0.264984748,-0.089169513,0.105302200,0.193967770,-0.089044957,0.056669246,0.360305018,0.305086177,0.974548113,0.257147478,-0.247792663,0.881902599,-0.121259244
walk,0.745833356,0.559375000,0.092093563,0.170150261,-0.351604540,0.089484812,0.018195569,-0.268320477,-0.089187971,0.105447432,0.189985074,-0.089051561,0.053814567,0.355415695,0.304335854,0.974197283,0.256525825,-0.248612181,0.882261100,-0.121420984
walk,0.750000022,0.562500000,0.091817149,0.171716841,-0.353302985,0.089446387,0.018870879,-0.271658861,-0.089207667,0.105625130,0.186003041,-0.089055878,0.051009170,0.350472909,0.303584985,0.973848085,0.255903403,-0.249431388,0.882619652,-0.121582483
walk,0.754166689,0.565625000,0.091540238,0.173291153,-0.354994539,0.089410154,0.019572089,-0.274999627,-0.089228662,0.105835282,0.182022046,-0.089058023,0.048254063,0.345477360,0.302833570,0.973500520,0.255280214,-0.250250283,0.882978255,-0.121743741
walk,0.758333356,0.568750000,0.091262819,0.174873151,-0.356679154,0.089376074,0.020299266,-0.278342501,-0.089251014,0.106077868,0.178042465,-0.089058111,0.045550239,0.340429769,0.302081612,0.973154589,0.254656265,-0.251068867,0.883336908,-0.121904760
walk,0.762500023,0.571875000,0.090984882,0.176462786,-0.358356777,0.089344110,0.021052476,-0.281687208,-0.089274782,0.106352865,0.174064674,-0.089056261,0.042898677,0.335330876,0.301329111,0.972810294,0.254031557,-0.251887139,0.883695610,-0.122065538
walk,0.766666690,0.575000000,0.090706415,0.178060024,-0.360027358,0.089314222,0.021831788,-0.285033479,-0.089300024,0.106660238,0.170089049,-0.089052592,0.040300347,0.330181444,0.300576070,0.972467635,0.253406087,-0.252705102,0.884054364,-0.122226073
walk,0.770833356,0.578125000,0.090553697,0.181020046,-0.361709493,0.089281970,0.023559741,-0.289336043,-0.089320255,0.106808778,0.166184493,-0.089056556,0.037939835,0.325213643,0.299906638,0.971902532,0.251706173,-0.253766263,0.884733318,-0.121876834
walk,0.775000023,0.581250000,0.090397938,0.184010621,-0.363365603,0.089251264,0.025362253,-0.293632820,-0.089342736,0.106980139,0.162279131,-0.089060600,0.035619073,0.320205665,0.299230660,0.971343905,0.250003335,-0.254825756,0.885411801,-0.121526636
walk,0.779166690,0.584375000,0.090239041,0.187031521,-0.364995472,0.089221906,0.027239451,-0.297922826,-0.089367483,0.107174318,0.158373130,-0.089064793,0.033338687,0.315157949,0.298548138,0.970791779,0.248297622,-0.255883580,0.886089809,-0.121175484
walk,0.783333357,0.587500000,0.090076911,0.190082515,-0.366598883,0.089193699,0.029191446,-0.302205070,-0.089394515,0.107391314,0.154466656,-0.089069206,0.031099298,0.310070942,0.297859073,0.970246179,0.246589082,-0.256939733,0.886767336,-0.120823383
walk,0.787500023,0.590625000,0.089911454,0.193163371,-0.368175625,0.089166445,0.031218333,-0.306478557,-0.089423848,0.107631122,0.150559875,-0.089073910,0.028901520,0.304945103,0.297163469,0.969707130,0.244877766,-0.257994213,0.887444379,-0.120470339
walk,0.791666690,0.593750000,0.089742575,0.196273853,-0.369725485,0.089139942,0.033320187,-0.310742289,-0.089455497,0.107893737,0.146652954,-0.089078978,0.026745960,0.299780900,0.296461326,0.969174657,0.243163723,-0.259047019,0.888120934,-0.120116356
walk,0.795833357,0.596875000,0.089570183,0.199413725,-0.371248255,0.089113991,0.035497069,-0.314995263,-0.089489480,0.108179152,0.142746058,-0.089084480,0.024633220,0.294578811,0.295752648,0.968648783,0.241447002,-0.260098149,0.888796996,-0.119761439
walk,0.800000024,0.600000000,0.089394186,0.202582749,-0.372743724,0.089088388,0.037749022,-0.319236476,-0.089525813,0.108487358,0.138839355,-0.089090491,0.022563897,0.289339325,0.295037438,0.968129531,0.239727650,-0.261147602,0.889472561,-0.119405593
walk,0.804166691,0.603125000,0.089372221,0.206634635,-0.373209365,0.089087767,0.040582778,-0.323611233,-0.089550013,0.108695469,0.134975602,-0.089085160,0.021595920,0.284797910,0.294408210,0.967372732,0.236961528,-0.262396864,0.890387255,-0.118537603
walk,0.808333357,0.606250000,0.089343051,0.210752101,-0.373624742,0.089085490,0.043574791,-0.327963450,-0.089577502,0.108923553,0.131108648,-0.089082961,0.020653114,0.280244012,0.293760640,0.966629731,0.234189279,-0.263641771,0.891301564,-0.117667593
walk,0.812500024,0.609375000,0.089306369,0.214934695,-0.373989713,0.089080898,0.046725235,-0.332290821,-0.089608287,0.109171633,0.127238641,-0.089083913,0.019735586,0.275677821,0.293094719,0.965900627,0.231411103,-0.264882316,0.892215480,-0.116795581
walk,0.816666691,0.612500000,0.089261880,0.219181957,-0.374304140,0.089073331,0.050034226,-0.336591030,-0.089642375,0.109439727,0.123365728,-0.089088036,0.018843436,0.271099530,0.292410437,0.965185517,0.228627197,-0.266118493,0.893128991,-0.115921586
walk,0.820833358,0.615625000,0.089209288,0.223493418,-0.374567888,0.089062127,0.053501825,-0.340861753,-0.089679772,0.109727853,0.119490053,-0.089095351,0.017976766,0.266509331,0.291707789,0.964484495,0.225837762,-0.267350296,0.894042087,-0.115045625
walk,0.825000025,0.618750000,0.089148308,0.227868605,-0.374780825,0.089046623,0.057128034,-0.345100658,-0.089720485,0.110036029,0.115611766,-0.089105876,0.017135673,0.261907417,0.290986769,0.963797656,0.223042999,-0.268577719,0.894954760,-0.114167718
walk,0.829166691,0.621875000,0.089078659,0.232307032,-0.374942824,0.089026158,0.060912799,-0.349305407,-0.089764519,0.110364270,0.111731012,-0.089119631,0.016320256,0.257293985,0.290247376,0.963125091,0.220243108,-0.269800757,0.895866998,-0.113287882
walk,0.833333358,0.625000000,0.089000068,0.236808203,-0.375053736,0.089000069,0.064856000,-0.353473634,-0.089811880,0.110712588,0.107847939,-0.089136633,0.015530617,0.252669235,0.289489611,0.962466891,0.217438285,-0.271019404,0.896778794,-0.112406131
walk,0.837500025,0.628125000,0.089036185,0.240821298,-0.373014194,0.089028277,0.068388132,-0.355691789,-0.089840548,0.110968592,0.103995002,-0.089125495,0.015472897,0.248609429,0.288897216,0.961687912,0.213835944,-0.272390184,0.897846851,-0.111040309
walk,0.841666692,0.631250000,0.089062666,0.244920082,-0.370932842,0.089050298,0.072111349,-0.357878903,-0.089873317,0.111244541,0.100136518,-0.089119414,0.015435382,0.244543264,0.288273529,0.960929410,0.210225150,-0.273753105,0.898915353,-0.109671385
walk,0.845833359,0.634375000,0.089079162,0.249104203,-0.368810096,0.089065196,0.076025541,-0.360032765,-0.089910196,0.111540479,0.096272671,-0.089118406,0.015418131,0.240470933,0.287618516,0.960191577,0.206606322,-0.275108153,0.899984281,-0.108299398
walk,0.850000025,0.637500000,0.089085330,0.253373298,-0.366646370,0.089072034,0.080130522,-0.362151166,-0.089951195,0.111856448,0.092403645,-0.089122483,0.015421201,0.236392630,0.286932147,0.959474600,0.202979881,-0.276455314,0.901053618,-0.106924392
walk,0.854166692,0.640625000,0.089080836,0.257726989,-0.364442087,0.089069880,0.084426027,-0.364231895,-0.089996324,0.112192490,0.088529626,-0.089131656,0.015444646,0.232308549,0.286214400,0.958778664,0.199346250,-0.277794575,0.902123346,-0.105546408
walk,0.858333359,0.643750000,0.089065354,0.262164887,-0.362197671,0.089057801,0.088911712,-0.366272744,-0.090045591,0.112548642,0.084650800,-0.089145939,0.015488520,0.228218884,0.285465258,0.958103951,0.195705855,-0.279125923,0.903193448,-0.104165487
walk,0.862500026,0.646875000,0.089038566,0.266686592,-0.359913548,0.089034872,0.093587156,-0.368271505,-0.090099006,0.112924941,0.080767352,-0.089165342,0.015552873,0.224123831,0.284684710,0.957450640,0.192059124,-0.280449345,0.904263907,-0.102781672
walk,0.866666692,0.650000000,0.089000164,0.271291682,-0.357590140,0.089000172,0.098451851,-0.370225965,-0.090156577,0.113321419,0.076879468,-0.089189876,0.015637753,0.220023586,0.283872751,0.956818903,0.188406485,-0.281764829,0.905334705,-0.101395001
walk,0.870833359,0.653125000,0.089032439,0.274660842,-0.353099160,0.089031950,0.102097239,-0.369070230,-0.090190208,0.113607843,0.073059399,-0.089176738,0.015583246,0.215969939,0.283339325,0.956216588,0.184371078,-0.283188873,0.906477325,-0.099572170
walk,0.875000026,0.656250000,0.089056069,0.278131989,-0.348594872,0.089056336,0.105908994,-0.367895468,-0.090228525,0.113915155,0.069232051,-0.089169439,0.015549953,0.211908032,0.282766448,0.955636989,0.180327196,-0.284601280,0.907621911,-0.097745328
walk,0.879166693,0.659375000,0.089070766,0.281704968,-0.344078616,0.089072487,0.109886847,-0.366701762,-0.090271546,0.114243419,0.065397659,-0.089168003,0.015537956,0.207838115,0.282154069,0.955080338,0.176275404,-0.286002026,0.908768436,-0.095914548
walk,0.883333360,0.662500000,0.089076246,0.285379605,-0.339551733,0.089079564,0.114030482,-0.365489199,-0.090319290,0.114592694,0.061556460,-0.089172455,0.015547338,0.203760437,0.281502143,0.954546863,0.172216271,-0.287391089,0.909916876,-0.094079903
walk,0.887500026,0.665625000,0.089072231,0.289155702,-0.335015560,0.089076733,0.118339537,-0.364257866,-0.090371773,0.114963038,0.057708692,-0.089182817,0.015578175,0.199675250,0.280810635,0.954036789,0.168150369,-0.288768447,0.911067206,-0.092241468
walk,0.891666693,0.668750000,0.089058447,0.293033036,-0.330471431,0.089063163,0.122813598,-0.363007850,-0.090429013,0.115354505,0.053854592,-0.089199111,0.015630542,0.195582804,0.280079520,0.953550334,0.164078274,-0.290134077,0.912219401,-0.090399315
walk,0.895833360,0.671875000,0.089034628,0.297011363,-0.325920680,0.089038031,0.127452208,-0.361739240,-0.090491027,0.115767146,0.049994399,-0.089221358,0.015704512,0.191483353,0.279308780,0.953087712,0.160000563,-0.291487960,0.913373435,-0.088553519
walk,0.900000027,0.675000000,0.089000514,0.301090396,-0.321364615,0.089000522,0.132254837,-0.360452092,-0.090557829,0.116201007,0.046128354,-0.089249579,0.015800150,0.187377152,0.278498412,0.952649134,0.155917816,-0.292830075,0.914529282,-0.086704149
walk,0.904166694,0.678125000,0.089019217,0.303602876,-0.314976325,0.089022920,0.135324879,-0.356398434,-0.090596330,0.116499415,0.042334331,-0.089234955,0.015739431,0.183326666,0.278013377,0.952302719,0.151848267,-0.294243390,0.915678471,-0.084444689
walk,0.908333360,0.681250000,0.089032954,0.306234598,-0.308604592,0.089040199,0.138546516,-0.352353663,-0.090639965,0.116820203,0.038532162,-0.089226751,0.015701487,0.179266928,0.277487342,0.951976385,0.147772031,-0.295641178,0.916831892,-0.082180611
walk,0.912500027,0.684375000,0.089041541,0.308985236,-0.302251471,0.089051720,0.141919318,-0.348319377,-0.090688760,0.117163442,0.034722131,-0.089225001,0.015686416,0.175198239,0.276920253,0.951670342,0.143689676,-0.297023404,0.917989513,-0.079912029
walk,0.916666694,0.687500000,0.089044791,0.311854427,-0.295919013,0.089056846,0.145442812,-0.344297167,-0.090742742,0.117529204,0.030904527,-0.089229738,0.015694311,0.171120902,0.276312066,0.951384797,0.139601770,-0.298390037,0.919151301,-0.077639057
walk,0.920833361,0.690625000,0.089042516,0.314841774,-0.289609258,0.089054940,0.149116481,-0.340288618,-0.090801938,0.117917552,0.027079636,-0.089240995,0.015725262,0.167035220,0.275662746,0.951119953,0.135508884,-0.299741045,0.920317223,-0.075361808
walk,0.925000028,0.693750000,0.089034530,0.317946841,-0.283324238,0.089045365,0.152939766,-0.336295307,-0.090866372,0.118328551,0.023247748,-0.089258803,0.015779355,0.162941501,0.274972268,0.950876008,0.131411593,-0.301076397,0.921487245,-0.073080395
walk,0.929166694,0.696875000,0.089020646,0.321169157,-0.277065977,0.089027487,0.156912064,-0.332318804,-0.090936067,0.118762257,0.019409153,-0.089283192,0.015856672,0.158840050,0.274240615,0.950653157,0.127310471,-0.302396065,0.922661334,-0.070794933
walk,0.933333361,0.700000000,0.089000675,0.324508204,-0.270836480,0.089000673,0.161032715,-0.328360656,-0.091011048,0.119218724,0.015564143,-0.089314193,0.015957288,0.154731175,0.273467782,0.950451593,0.123206100,-0.303700021,0.923839457,-0.068505534
walk,0.937500028,0.703125000,0.088998051,0.325965486,-0.263163418,0.089001441,0.162975574,-0.322049372,-0.091054070,0.119521557,0.011788018,-0.089298546,0.015891497,0.150680049,0.273012873,0.950299641,0.119357270,-0.305040492,0.924940017,-0.065836229
walk,0.941666695,0.706250000,0.088996363,0.327553681,-0.255523692,0.089002802,0.165060797,-0.315767614,-0.091102567,0.119848090,0.008003915,-0.089289735,0.015849873,0.146619764,0.272519752,0.950162784,0.115503879,-0.306361575,0.926047675,-0.063162120
walk,0.945833362,0.709375000,0.088995547,0.329272096,-0.247919670,0.089004379,0.167287661,-0.309517648,-0.091156571,0.120198394,0.004212156,-0.089287799,0.015832514,0.142550658,0.271988375,0.950041187,0.111646405,-0.307663227,0.927162393,-0.060483369
walk,0.950000028,0.712500000,0.088995534,0.331119998,-0.240353702,0.089005789,0.169655403,-0.303301723,-0.091216111,0.120572538,0.000413062,-0.089292776,0.015839511,0.138473068,0.271418706,0.949935014,0.107785326,-0.308945408,0.928284128,-0.057800136
walk,0.954166695,0.715625000,0.088996251,0.333096608,-0.232828126,0.089006644,0.172163213,-0.297122075,-0.091281218,0.120970585,-0.003393044,-0.089304703,0.015870952,0.134387337,0.270810717,0.949844427,0.103921126,-0.310208080,0.929412841,-0.055112582
walk,0.958333362,0.718750000,0.088997616,0.335201105,-0.225345262,0.089006551,0.174810238,-0.290980923,-0.091351920,0.121392594,-0.007205839,-0.089323616,0.015926921,0.130293805,0.270164386,0.949769585,0.100054286,-0.311451204,0.930548489,-0.052420868
walk,0.962500029,0.721875000,0.088999543,0.337432626,-0.217907416,0.089005113,0.177595580,-0.284880469,-0.091428244,0.121838621,-0.011024996,-0.089349547,0.016007497,0.126192816,0.269479700,0.949710645,0.096185292,-0.312674745,0.931691031,-0.049725154
walk,0.966666695,0.725000000,0.089001940,0.339790234,-0.210516862,0.089001928,0.180518264,-0.278822872,-0.091510216,0.122308713,-0.014850189,-0.089382531,0.016112752,0.122084714,0.268756658,0.949667762,0.092314634,-0.313878668,0.932840422,-0.047025598
walk,0.970833362,0.728125000,0.088975507,0.340024296,-0.202207841,0.088974669,0.180943351,-0.270957552,-0.091557179,0.122613272,-0.018616602,-0.089366344,0.016047525,0.118029725,0.268329558,0.949575985,0.088781775,-0.315085381,0.933848178,-0.044007231
walk,0.975000029,0.731250000,0.088956464,0.340389846,-0.193922398,0.088955376,0.181501277,-0.263115544,-0.091609856,0.122941966,-0.022389833,-0.089357256,0.016006960,0.113966711,0.267868690,0.949494653,0.085245943,-0.316269073,0.934865824,-0.040984387
walk,0.979166696,0.734375000,0.088944882,0.340886200,-0.185662732,0.088943953,0.182191361,-0.255299042,-0.091668277,0.123294854,-0.026169552,-0.089355302,0.015991142,0.109896020,0.267374018,0.949423891,0.081707513,-0.317429697,0.935893310,-0.037957279
walk,0.983333363,0.737500000,0.088940828,0.341512639,-0.177431026,0.088940294,0.183012884,-0.247510225,-0.091732468,0.123671992,-0.029955430,-0.089360517,0.016000147,0.105818000,0.266845517,0.949363825,0.078166862,-0.318567209,0.936930588,-0.034926117
walk,0.987500029,0.740625000,0.088944360,0.342268404,-0.169229446,0.088944285,0.183965090,-0.239751256,-0.091802455,0.124073429,-0.033747134,-0.089372933,0.016034051,0.101733001,0.266283164,0.949314578,0.074624370,-0.319681566,0.937977606,-0.031891113
walk,0.991666696,0.743750000,0.088955528,0.343152702,-0.161060146,0.088955806,0.185047183,-0.232024284,-0.091878262,0.124499212,-0.037544331,-0.089392582,0.016092921,0.097641372,0.265686942,0.949276274,0.071080415,-0.320772728,0.939034314,-0.028852478
walk,0.995833363,0.746875000,0.088974374,0.344164700,-0.152925260,0.088974730,0.186258335,-0.224331438,-0.091959914,0.124949381,-0.041346689,-0.089419495,0.016176824,0.093543465,0.265056839,0.949249034,0.067535376,-0.321840656,0.940100660,-0.025810424
walk,1.000000030,0.750000000,0.089000934,0.345303515,-0.144826902,0.089000920,0.187597653,-0.216674815,-0.092047432,0.125423973,-0.045153873,-0.089453700,0.016285817,0.089439634,0.264392854,0.949232978,0.063989639,-0.322885313,0.941176589,-0.022765159
walk,1.004166697,0.753125000,0.088959416,0.344199520,-0.136498718,0.088950199,0.185792477,-0.206787201,-0.092097424,0.125724000,-0.048919096,-0.089437366,0.016222717,0.085377846,0.264000775,0.949062814,0.060792970,-0.323903569,0.942044606,-0.019464255
walk,1.008333363,0.756250000,0.088929796,0.343217785,-0.128157756,0.088913936,0.184125080,-0.196880203,-0.092153251,0.126047269,-0.052689222,-0.089428229,0.016183427,0.081309974,0.263579607,0.948899488,0.057594424,-0.324895576,0.942924927,-0.016159739
walk,1.012500030,0.759375000,0.088912273,0.342358382,-0.119805834,0.088892364,0.182595595,-0.186955791,-0.092214931,0.126393818,-0.056463946,-0.089426314,0.016168005,0.077236340,0.263129325,0.948743095,0.054394287,-0.325861288,0.943817494,-0.012851872
walk,1.016666697,0.762500000,0.088907039,0.341621355,-0.111444765,0.088885711,0.181204126,-0.177015937,-0.092282480,0.126763681,-0.060242959,-0.089431641,0.016176507,0.073157271,0.262649907,0.948593731,0.051192849,-0.326800663,0.944722245,-0.009540913
walk,1.020833364,0.765625000,0.088914282,0.341006723,-0.103076366,0.088894201,0.179950748,-0.167062614,-0.092355911,0.127156886,-0.064025953,-0.089444232,0.016208987,0.069073092,0.262141338,0.948451489,0.047990401,-0.327713659,0.945639121,-0.006227124
walk,1.025000031,0.768750000,0.088934184,0.340514479,-0.094702448,0.088918050,0.178835508,-0.157097793,-0.092435239,0.127573460,-0.067812620,-0.089464107,0.016265491,0.064984131,0.261603602,0.948316465,0.044787232,-0.328600240,0.946568059,-0.002910764
walk,1.029166697,0.771875000,0.088966920,0.340144588,-0.086324825,0.088957469,0.177858427,-0.147123444,-0.092520476,0.128013424,-0.071602651,-0.089491284,0.016346062,0.060890715,0.261036692,0.948188751,0.041583634,-0.329460371,0.947508997,0.000407908
walk,1.033333364,0.775000000,0.089012661,0.339896957,-0.077945313,0.089012660,0.177019450,-0.137141506,-0.092611632,0.128476791,-0.075395735,-0.089525779,0.016450737,0.056793172,0.260440606,0.948068437,0.038379904,-0.330294018,0.948461865,0.003728635
walk,1.037500031,0.778125000,0.088969497,0.337594477,-0.069929051,0.088953423,0.173247809,-0.124914892,-0.092663546,0.128768894,-0.079168011,-0.089509723,0.016393700,0.052722608,0.260094974,0.947696359,0.035511217,-0.331077472,0.949136183,0.007241881
walk,1.041666698,0.781250000,0.088939177,0.335406849,-0.061861796,0.088911349,0.169699881,-0.112601018,-0.092721282,0.129081976,-0.082942688,-0.089500795,0.016358224,0.048648536,0.259724664,0.947328543,0.032641447,-0.331832027,0.949824653,0.010757393
walk,1.045833365,0.784375000,0.088921971,0.333335065,-0.053745275,0.088886855,0.166377549,-0.100204442,-0.092784839,0.129416051,-0.086719519,-0.089498997,0.016344341,0.044571219,0.259329659,0.946965059,0.029770813,-0.332557645,0.950527208,0.014274869
walk,1.050000031,0.787500000,0.088918145,0.331380088,-0.045581233,0.088880344,0.163282597,-0.087729761,-0.092854217,0.129771129,-0.090498255,-0.089504335,0.016352083,0.040490922,0.258909942,0.946605979,0.026899535,-0.333254292,0.951243775,0.017794006
walk,1.054166698,0.790625000,0.088927962,0.329542856,-0.037371434,0.088892211,0.160416707,-0.075181612,-0.092929412,0.130147216,-0.094278649,-0.089516810,0.016381476,0.036407910,0.258465502,0.946251374,0.024027834,-0.333921935,0.951974284,0.021314504
walk,1.058333365,0.793750000,0.088951679,0.327824279,-0.029117660,0.088922834,0.157781460,-0.062564670,-0.093010423,0.130544318,-0.098060454,-0.089536425,0.016432544,0.032322446,0.257996328,0.945901315,0.021155929,-0.334560546,0.952718659,0.024836060
walk,1.062500032,0.796875000,0.088989550,0.326225239,-0.020821711,0.088972583,0.155378330,-0.049883642,-0.093097246,0.130962434,-0.101843422,-0.089563180,0.016505308,0.028234797,0.257502413,0.945555874,0.018284042,-0.335170100,0.953476827,0.028358373
walk,1.066666698,0.800000000,0.089041825,0.324746589,-0.012485403,0.089041813,0.153208690,-0.037143268,-0.093189875,0.131401563,-0.105627304,-0.089597075,0.016599785,0.024145227,0.256983752,0.945215121,0.015412395,-0.335750574,0.954248712,0.031881142
walk,1.070833365,0.803125000,0.089006356,0.321452374,-0.004993876,0.088988177,0.149141505,-0.023493311,-0.093242507,0.131682186,-0.109414274,-0.089581764,0.016551996,0.020065086,0.256698196,0.944560158,0.012854502,-0.336263076,0.954692284,0.035532743
walk,1.075000032,0.806250000,0.088981607,0.318269556,0.002569201,0.088950196,0.145406742,-0.009748083,-0.093300797,0.131981702,-0.113200774,-0.089573354,0.016523677,0.015984430,0.256391990,0.943907715,0.010296149,-0.336744770,0.955151157,0.039184920
walk,1.079166699,0.809375000,0.088967855,0.315199518,0.010201904,0.088928304,0.142006491,0.004082519,-0.093364729,0.132300106,-0.116986628,-0.089571832,0.016514837,0.011903448,0.256065123,0.943257846,0.007737501,-0.337195630,0.955625252,0.042837341
walk,1.083333366,0.812500000,0.088965374,0.312243596,0.017902278,0.088922905,0.138942507,0.017988553,-0.093434288,0.132637390,-0.120771661,-0.089577184,0.016525481,0.007822327,0.255717582,0.942610604,0.005178721,-0.337615635,0.956114489,0.046489670
walk,1.087500032,0.815625000,0.088974431,0.309403089,0.025668342,0.088934380,0.136216215,0.031960043,-0.093509456,0.132993545,-0.124555699,-0.089589397,0.016555616,0.003741254,0.255349360,0.941966042,0.002619978,-0.338004768,0.956618784,0.050141577
walk,1.091666699,0.818750000,0.088995290,0.306679260,0.033498089,0.088963080,0.133828716,0.045986988,-0.093590215,0.133368561,-0.128338566,-0.089608456,0.016605243,-0.000339584,0.254960451,0.941324213,0.000061435,-0.338363015,0.957138053,0.053792727
walk,1.095833366,0.821875000,0.089028208,0.304073333,0.041389487,0.089009330,0.131780782,0.060059372,-0.093676549,0.133762425,-0.132120088,-0.089634345,0.016674364,-0.004419998,0.254550849,0.940685171,-0.002496739,-0.338690364,0.957672210,0.057442791
walk,1.100000033,0.825000000,0.089073438,0.301586490,0.049340478,0.089073427,0.130072855,0.074167179,-0.093768437,0.134175121,-0.135900091,-0.089667048,0.016762977,-0.008499804,0.254120551,0.940048968,-0.005054379,-0.338986811,0.958221168,0.061091435
walk,1.104166700,0.828125000,0.089052041,0.297488086,0.056096533,0.089033887,0.127108297,0.087782742,-0.093820321,0.134427624,-0.139708301,-0.089652791,0.016713996,-0.012588676,0.253907872,0.939147437,-0.007322430,-0.339207845,0.958491340,0.064804422
walk,1.108333366,0.831250000,0.089037248,0.293500401,0.062922767,0.089005947,0.124528674,0.101417444,-0.093877490,0.134698836,-0.143513682,-0.089645022,0.016684264,-0.016675549,0.253678177,0.938247336,-0.009590456,-0.339397036,0.958777185,0.068516142
walk,1.112500033,0.834375000,0.089029313,0.289624663,0.069817238,0.088989991,0.122332942,0.115058382,-0.093939920,0.134988738,-0.147316091,-0.089643717,0.016673772,-0.020760270,0.253431459,0.937348704,-0.011858334,-0.339554376,0.959078615,0.072226246
walk,1.116666700,0.837500000,0.089028489,0.285862067,0.076777985,0.088986371,0.120519584,0.128692731,-0.094007586,0.135297310,-0.151115382,-0.089648854,0.016682508,-0.024842686,0.253167713,0.936451578,-0.014125939,-0.339679860,0.959395538,0.075934383
walk,1.120833367,0.840625000,0.089035021,0.282213774,0.083803023,0.088995406,0.119086616,0.142307764,-0.094080463,0.135624533,-0.154911413,-0.089660409,0.016710459,-0.028922646,0.252886933,0.935555998,-0.016393150,-0.339773490,0.959727865,0.079640205
walk,1.125000034,0.843750000,0.089049153,0.278680910,0.090890351,0.089017385,0.118031588,0.155890867,-0.094158526,0.135970383,-0.158704038,-0.089678359,0.016757613,-0.032999996,0.252589117,0.934662002,-0.018659842,-0.339835269,0.960075502,0.083343362
walk,1.129166700,0.846875000,0.089071124,0.275264563,0.098037944,0.089052559,0.117351593,0.169429562,-0.094241750,0.136334837,-0.162493114,-0.089702680,0.016823953,-0.037074585,0.252274262,0.933769629,-0.020925891,-0.339865205,0.960438354,0.087043507
walk,1.133333367,0.850000000,0.089101164,0.271965774,0.105243745,0.089101149,0.117043257,0.182911500,-0.094330108,0.136717868,-0.166278499,-0.089733346,0.016909462,-0.041146262,0.251942368,0.932878916,-0.023191172,-0.339863310,0.960816323,0.090740293
walk,1.137500034,0.853125000,0.089094434,0.267272729,0.111046875,0.089077366,0.115466521,0.194641982,-0.094379771,0.136934660,-0.170113194,-0.089720733,0.016857397,-0.045241229,0.251803965,0.931801714,-0.025194506,-0.339800782,0.960984342,0.094435961
walk,1.141666701,0.856250000,0.089089543,0.262692134,0.116900769,0.089060186,0.114228908,0.206298404,-0.094434123,0.137170615,-0.173943493,-0.089713956,0.016824965,-0.049332459,0.251651788,0.930725350,-0.027197467,-0.339706347,0.961167601,0.098128602
walk,1.145833367,0.859375000,0.089086704,0.258224867,0.122803550,0.089049906,0.113326301,0.217870224,-0.094493135,0.137425705,-0.177769254,-0.089712988,0.016812143,-0.053419804,0.251485836,0.929649850,-0.029199966,-0.339580015,0.961366007,0.101817864
walk,1.150000034,0.862500000,0.089086126,0.253871771,0.128753326,0.089046795,0.112754221,0.229347085,-0.094556778,0.137699901,-0.181590338,-0.089717802,0.016818907,-0.057503117,0.251306105,0.928575242,-0.031201912,-0.339421801,0.961579465,0.105503397
walk,1.154166701,0.865625000,0.089088017,0.249633661,0.134748194,0.089051096,0.112507831,0.240718827,-0.094625023,0.137993174,-0.185406605,-0.089728369,0.016845234,-0.061582252,0.251112594,0.927501553,-0.033203217,-0.339231725,0.961807877,0.109184853
walk,1.158333368,0.868750000,0.089092579,0.245511316,0.140786234,0.089063027,0.112581951,0.251975502,-0.094697841,0.138305490,-0.189217915,-0.089744660,0.016891097,-0.065657063,0.250905301,0.926428810,-0.035203790,-0.339009808,0.962051146,0.112861883
walk,1.162500035,0.871875000,0.089100013,0.241505485,0.146865516,0.089082779,0.112971059,0.263107385,-0.094775203,0.138636817,-0.193024130,-0.089766648,0.016956470,-0.069727405,0.250684228,0.925357041,-0.037203542,-0.338756079,0.962309173,0.116534139
walk,1.166666701,0.875000000,0.089110514,0.237616858,0.152984070,0.089110515,0.113669269,0.274104947,-0.094857078,0.138987116,-0.196825110,-0.089794303,0.017041320,-0.073793132,0.250449377,0.924286271,-0.039202378,-0.338470568,0.962581852,0.120201275
walk,1.170833368,0.878125000,0.089116965,0.232550431,0.157698904,0.089102547,0.112585742,0.282765857,-0.094902815,0.139163180,-0.200691293,-0.089783962,0.016986403,-0.077891008,0.250386782,0.923110785,-0.040970551,-0.338149856,0.962705683,0.123800274
walk,1.175000035,0.881250000,0.089120795,0.227604036,0.162434952,0.089096005,0.111747776,0.291317045,-0.094952460,0.139358814,-0.204552430,-0.089778563,0.016951427,-0.081984325,0.250313266,0.921935920,-0.042738152,-0.337798198,0.962843544,0.127394810
walk,1.179166702,0.884375000,0.089122195,0.222778326,0.167190645,0.089091135,0.111151739,0.299752969,-0.095005983,0.139573986,-0.208408372,-0.089778079,0.016936362,-0.086072927,0.250228827,0.920761695,-0.044505116,-0.337415621,0.962995340,0.130984547
walk,1.183333369,0.887500000,0.089121356,0.218073928,0.171964412,0.089088164,0.110793847,0.308068221,-0.095063354,0.139808659,-0.212258970,-0.089782479,0.016941181,-0.090156658,0.250133466,0.919588127,-0.046271382,-0.337002159,0.963160977,0.134569152
walk,1.187500035,0.890625000,0.089118468,0.213491440,0.176754674,0.089087309,0.110670168,0.316257530,-0.095124541,0.140062796,-0.216104076,-0.089791734,0.016965851,-0.094235363,0.250027183,0.918415236,-0.048036885,-0.336557847,0.963340356,0.138148294
walk,1.191666702,0.893750000,0.089113722,0.209031437,0.181559847,0.089088775,0.110776629,0.324315765,-0.095189515,0.140336359,-0.219943544,-0.089805814,0.017010341,-0.098308888,0.249909979,0.917243039,-0.049801561,-0.336082724,0.963533380,0.141721641
walk,1.195833369,0.896875000,0.089107307,0.204694465,0.186378345,0.089092750,0.111109021,0.332237943,-0.095258243,0.140629309,-0.223777225,-0.089824688,0.017074617,-0.102377078,0.249781855,0.916071555,-0.051565348,-0.335576835,0.963739949,0.145288864
walk,1.200000036,0.900000000,0.089099411,0.200481045,0.191208574,0.089099411,0.111662999,0.340019227,-0.095330695,0.140941603,-0.227604974,-0.089848327,0.017158643,-0.106439779,0.249642813,0.914900803,-0.053328182,-0.335040227,0.963959962,0.148849633
walk,1.204166703,0.903125000,0.089113809,0.195491682,0.195021318,0.089102038,0.110439414,0.346015916,-0.095370396,0.141070283,-0.231507902,-0.089840644,0.017099161,-0.110537393,0.249660338,0.913708658,-0.054894460,-0.334500293,0.964083464,0.152272472
walk,1.208333369,0.906250000,0.089122659,0.190637648,0.198827444,0.089102394,0.109404865,0.351910733,-0.095413145,0.141219445,-0.235405993,-0.089836845,0.017060408,-0.114630503,0.249669404,0.912517189,-0.056460107,-0.333931413,0.964219073,0.155689958
walk,1.212500036,0.909375000,0.089126176,0.185919505,0.202625531,0.089100747,0.108557508,0.357700934,-0.095458912,0.141389046,-0.239299066,-0.089836899,0.017042351,-0.118718917,0.249670010,0.911326407,-0.058025078,-0.333333628,0.964366700,0.159101790
walk,1.216666703,0.912500000,0.089124581,0.181337784,0.206414148,0.089097360,0.107895429,0.363383830,-0.095507666,0.141579046,-0.243186940,-0.089840777,0.017044961,-0.122802442,0.249662159,0.910136325,-0.059589331,-0.332706982,0.964526257,0.162507666
walk,1.220833370,0.915625000,0.089118093,0.176892985,0.210191867,0.089092492,0.107416654,0.368956791,-0.095559378,0.141789398,-0.247069433,-0.089848451,0.017068201,-0.126880885,0.249645852,0.908946953,-0.061152822,-0.332051524,0.964697650,0.165907289
walk,1.225000037,0.918750000,0.089106936,0.172585578,0.213957254,0.089086396,0.107119149,0.374417249,-0.095614016,0.142020055,-0.250946365,-0.089859889,0.017112035,-0.130954055,0.249621090,0.907758304,-0.062715508,-0.331367304,0.964880787,0.169300361
walk,1.229166703,0.921875000,0.089091333,0.168416001,0.217708878,0.089079321,0.107000822,0.379762698,-0.095671549,0.142270970,-0.254817557,-0.089875061,0.017176424,-0.135021761,0.249587876,0.906570388,-0.064277345,-0.330654379,0.965075576,0.172686585
walk,1.233333370,0.925000000,0.089071511,0.164384661,0.221445301,0.089071512,0.107059515,0.384990689,-0.095731946,0.142542089,-0.258682830,-0.089893937,0.017261327,-0.139083812,0.249546212,0.905383219,-0.065838291,-0.329912806,0.965281919,0.176065664
walk,1.237500037,0.928125000,0.089089086,0.159984275,0.224455036,0.089079011,0.105597550,0.389000932,-0.095762775,0.142607522,-0.262631302,-0.089888664,0.017186203,-0.143181462,0.249649415,0.904259832,-0.067238121,-0.329205488,0.965433408,0.179231082
walk,1.241666704,0.931250000,0.089099906,0.155735056,0.227435373,0.089082533,0.104304257,0.392929002,-0.095795881,0.142696829,-0.266575442,-0.089886190,0.017135072,-0.147274992,0.249746243,0.903137363,-0.068637370,-0.328472258,0.965594473,0.182390983
walk,1.245833370,0.934375000,0.089104249,0.151637505,0.230385161,0.089082413,0.103179186,0.396773445,-0.095831231,0.142809952,-0.270514966,-0.089886482,0.017107890,-0.151364103,0.249836698,0.902015818,-0.070036010,-0.327713164,0.965765036,0.185545114
walk,1.250000037,0.937500000,0.089102401,0.147692089,0.233303257,0.089078986,0.102221850,0.400532825,-0.095868793,0.142946827,-0.274449596,-0.089889506,0.017104613,-0.155448495,0.249920780,0.900895203,-0.071434013,-0.326928255,0.965945019,0.188693223
walk,1.254166704,0.940625000,0.089094650,0.143899242,0.236188520,0.089072586,0.101431720,0.404205727,-0.095908533,0.143107386,-0.278379051,-0.089895230,0.017125190,-0.159527870,0.249998493,0.899775526,-0.072831350,-0.326117585,0.966134340,0.191835057
walk,1.258333371,0.943750000,0.089081287,0.140259366,0.239039814,0.089063550,0.100808231,0.407790760,-0.095950418,0.143291560,-0.282303051,-0.089903618,0.017169569,-0.163601929,0.250069837,0.898656793,-0.074227992,-0.325281210,0.966332918,0.194970366
walk,1.262500038,0.946875000,0.089062607,0.136772827,0.241856007,0.089052213,0.100350781,0.411286553,-0.095994413,0.143499272,-0.286221320,-0.089914636,0.017237692,-0.167670376,0.250134816,0.897539011,-0.075623912,-0.324419188,0.966540672,0.198098900
walk,1.266666704,0.950000000,0.089038910,0.133439960,0.244635965,0.089038912,0.100058712,0.414691747,-0.096040484,0.143730442,-0.290133582,-0.089928250,0.017329495,-0.171732916,0.250193432,0.896422188,-0.077019078,-0.323531582,0.966757520,0.201220409
walk,1.270833371,0.953125000,0.089052957,0.130243074,0.246758936,0.089043651,0.098688207,0.417163063,-0.096059075,0.143702570,-0.294143477,-0.089924722,0.017213420,-0.175838189,0.250392848,0.895443290,-0.078228269,-0.322713514,0.966979762,0.204089789
walk,1.275000038,0.956250000,0.089061378,0.127187077,0.248842983,0.089045350,0.097462260,0.419575846,-0.096079521,0.143709950,-0.298146792,-0.089923093,0.017132674,-0.179936943,0.250587712,0.894465268,-0.079436993,-0.321873495,0.967209595,0.206953881
walk,1.279166705,0.959375000,0.089064488,0.124272265,0.250887404,0.089044362,0.096380960,0.421929356,-0.096101778,0.143752522,-0.302143199,-0.089923314,0.017087198,-0.184028852,0.250778026,0.893488124,-0.080645235,-0.321011573,0.967446954,0.209812485
walk,1.283333372,0.962500000,0.089062604,0.121498907,0.252891503,0.089041041,0.095444367,0.424222862,-0.096125799,0.143830225,-0.306132370,-0.089925337,0.017076929,-0.188113588,0.250963791,0.892511862,-0.081852976,-0.320127794,0.967691774,0.212665401
walk,1.287500038,0.965625000,0.089056046,0.118867246,0.254854593,0.089035742,0.094652514,0.426455641,-0.096151540,0.143942991,-0.310113981,-0.089929115,0.017101802,-0.192190825,0.251145010,0.891536485,-0.083060200,-0.319222211,0.967943989,0.215512433
walk,1.291666705,0.968750000,0.089045137,0.116377495,0.256775991,0.089028823,0.094005404,0.428626979,-0.096178955,0.144090754,-0.314087705,-0.089934598,0.017161747,-0.196260238,0.251321683,0.890561997,-0.084266888,-0.318294875,0.968203532,0.218353382
walk,1.295833372,0.971875000,0.089030204,0.114029842,0.258655023,0.089020644,0.093503016,0.430736171,-0.096207997,0.144273440,-0.318053216,-0.089941738,0.017256693,-0.200321502,0.251493812,0.889588400,-0.085473025,-0.317345842,0.968470337,0.221188053
walk,1.300000039,0.975000000,0.089011577,0.111824469,0.260490999,0.089011564,0.093145296,0.432782497,-0.096238619,0.144490964,-0.322010196,-0.089950485,0.017386554,-0.204374296,0.251661402,0.888615703,-0.086678588,-0.316375171,0.968744336,0.224016242
walk,1.304166706,0.978125000,0.089011593,0.110752471,0.261308245,0.089007364,0.092688649,0.433665351,-0.096237968,0.144186418,-0.326166333,-0.089945131,0.017051407,-0.208563757,0.251967872,0.887858488,-0.087690579,-0.315512245,0.969051533,0.226496759
walk,1.308333372,0.981250000,0.089011100,0.109696566,0.262120825,0.089003855,0.092248322,0.434541340,-0.096240344,0.143979225,-0.330293809,-0.089941966,0.016813608,-0.212724625,0.252271315,0.887102019,-0.088702276,-0.314632580,0.969364292,0.228972811
walk,1.312500039,0.984375000,0.089010144,0.108656761,0.262928723,0.089001084,0.091824319,0.435410450,-0.096245572,0.143869046,-0.334391313,-0.089940803,0.016672824,-0.216855584,0.252571729,0.886346296,-0.089713670,-0.313736213,0.969682567,0.231444262
walk,1.316666706,0.987500000,0.089008772,0.107633064,0.263731926,0.088999103,0.091416642,0.436272665,-0.096253476,0.143855522,-0.338457539,-0.089941451,0.016628701,-0.220955321,0.252869116,0.885591322,-0.090724751,-0.312823182,0.970006312,0.233910979
walk,1.320833373,0.990625000,0.089007029,0.106625481,0.264530417,0.088997960,0.091025294,0.437127970,-0.096263879,0.143938271,-0.342491188,-0.089943719,0.016680865,-0.225022534,0.253163478,0.884837098,-0.091735508,-0.311893528,0.970335478,0.236372825
walk,1.325000039,0.993750000,0.089004962,0.105634020,0.265324182,0.088997705,0.090650277,0.437976348,-0.096276601,0.144116893,-0.346490969,-0.089947412,0.016828921,-0.229055922,0.253454813,0.884083623,-0.092745933,-0.310947292,0.970670020,0.238829669
walk,1.329166706,0.996875000,0.089002617,0.104658686,0.266113206,0.088998386,0.090291594,0.438817785,-0.096291462,0.144390966,-0.350455596,-0.089952338,0.017072454,-0.233054197,0.253743124,0.883330901,-0.093756016,-0.309984516,0.971009889,0.241281375
walk,1.333333373,1.000000000,0.089000040,0.103699484,0.266897475,0.089000052,0.089949245,0.439652267,-0.096308280,0.144760049,-0.354383790,-0.089958301,0.017411027,-0.237016072,0.254028411,0.882578930,-0.094765747,-0.309005245,0.971355037,0.243727813
interact,0.000000000,0.000000000,0.195193971,0.103137127,0.127010394,0.180450284,0.014637117,0.275279198,-0.161813698,0.103698344,-0.267279766,-0.264685739,0.015198339,-0.159491275,0.310746686,0.907052285,0.005453341,-0.290379705,0.924996850,-0.199278770
interact,0.004166667,0.002083333,0.195193991,0.103137102,0.127010414,0.180450303,0.014637097,0.275279228,-0.161813728,0.103698366,-0.267279742,-0.264685769,0.015198361,-0.159491243,0.310497077,0.906891942,0.005847487,-0.290389636,0.924910470,-0.199118449
interact,0.008333333,0.004166667,0.195194007,0.103137077,0.127010431,0.180450317,0.014637078,0.275279254,-0.161813752,0.103698387,-0.267279720,-0.264685794,0.015198382,-0.159491213,0.310247141,0.906732430,0.006241790,-0.290399582,0.924824247,-0.198958057
interact,0.012500000,0.006250000,0.195194019,0.103137052,0.127010443,0.180450327,0.014637058,0.275279276,-0.161813770,0.103698408,-0.267279699,-0.264685812,0.015198402,-0.159491183,0.309996881,0.906573750,0.006636247,-0.290409545,0.924738181,-0.198797594
interact,0.016666667,0.008333333,0.195194026,0.103137026,0.127010452,0.180450332,0.014637037,0.275279294,-0.161813781,0.103698428,-0.267279678,-0.264685825,0.015198422,-0.159491155,0.309746295,0.906415903,0.007030857,-0.290419523,0.924652272,-0.198637059
interact,0.020833333,0.010416667,0.195194030,0.103137000,0.127010457,0.180450333,0.014637017,0.275279308,-0.161813787,0.103698447,-0.267279659,-0.264685832,0.015198440,-0.159491129,0.309495386,0.906258889,0.007425619,-0.290429516,0.924566520,-0.198476455
interact,0.025000000,0.012500000,0.195194029,0.103136973,0.127010458,0.180450329,0.014636996,0.275279319,-0.161813786,0.103698465,-0.267279640,-0.264685833,0.015198457,-0.159491104,0.309244153,0.906102709,0.007820530,-0.290439525,0.924480926,-0.198315779
interact,0.029166667,0.014583333,0.195194024,0.103136947,0.127010455,0.180450321,0.014636974,0.275279326,-0.161813780,0.103698483,-0.267279622,-0.264685828,0.015198474,-0.159491080,0.308992598,0.905947363,0.008215589,-0.290449550,0.924395489,-0.198155033
interact,0.033333333,0.016666667,0.195194015,0.103136920,0.127010449,0.180450309,0.014636952,0.275279328,-0.161813767,0.103698501,-0.267279605,-0.264685817,0.015198489,-0.159491057,0.308740721,0.905792852,0.008610794,-0.290459590,0.924310209,-0.197994217
interact,0.037500000,0.018750000,0.195194067,0.103136619,0.127010487,0.180450360,0.014636648,0.275279362,-0.161813811,0.103698215,-0.267279683,-0.264685856,0.015198200,-0.159491136,0.308036148,0.905363288,0.009765663,-0.290478640,0.924101814,-0.197582057
interact,0.041666667,0.020833333,0.195194111,0.103136351,0.127010515,0.180450404,0.014636375,0.275279385,-0.161813840,0.103697998,-0.267279743,-0.264685884,0.015197981,-0.159491200,0.307328853,0.904939448,0.010921215,-0.290497765,0.923894183,-0.197169541
interact,0.045833333,0.022916667,0.195194148,0.103136115,0.127010533,0.180450443,0.014636135,0.275279399,-0.161813854,0.103697851,-0.267279786,-0.264685901,0.015197833,-0.159491248,0.306618850,0.904521342,0.012077417,-0.290516965,0.923687317,-0.196756670
interact,0.050000000,0.025000000,0.195194177,0.103135911,0.127010542,0.180450474,0.014635927,0.275279404,-0.161813854,0.103697773,-0.267279810,-0.264685906,0.015197755,-0.159491282,0.305906156,0.904108981,0.013234240,-0.290536238,0.923481217,-0.196343448
interact,0.054166667,0.027083333,0.195194198,0.103135739,0.127010541,0.180450500,0.014635752,0.275279399,-0.161813839,0.103697764,-0.267279818,-0.264685900,0.015197747,-0.159491300,0.305190787,0.903702376,0.014391650,-0.290555586,0.923275883,-0.195929874
interact,0.058333333,0.029166667,0.195194211,0.103135599,0.127010530,0.180450519,0.014635609,0.275279384,-0.161813810,0.103697825,-0.267279807,-0.264685883,0.015197809,-0.159491303,0.304472760,0.903301537,0.015549616,-0.290575007,0.923071316,-0.195515949
interact,0.062500000,0.031250000,0.195194217,0.103135492,0.127010510,0.180450531,0.014635498,0.275279361,-0.161813766,0.103697955,-0.267279779,-0.264685855,0.015197942,-0.159491290,0.303752091,0.902906473,0.016708108,-0.290594502,0.922867517,-0.195101677
interact,0.066666667,0.033333333,0.195194216,0.103135416,0.127010479,0.180450537,0.014635420,0.275279327,-0.161813707,0.103698154,-0.267279732,-0.264685816,0.015198145,-0.159491263,0.303028796,0.902517195,0.017867093,-0.290614069,0.922664486,-0.194687056
interact,0.070833333,0.035416667,0.195194314,0.103134838,0.127010583,0.180450631,0.014634837,0.275279423,-0.161813839,0.103697093,-0.267280032,-0.264685929,0.015197069,-0.159491553,0.301976630,0.901948352,0.019797670,-0.290629572,0.922374116,-0.194111053
interact,0.075000000,0.037500000,0.195194395,0.103134353,0.127010664,0.180450711,0.014634347,0.275279497,-0.161813945,0.103696241,-0.267280278,-0.264686018,0.015196204,-0.159491791,0.300917270,0.901393188,0.021728997,-0.290645205,0.922085094,-0.193534402
interact,0.079166667,0.039583333,0.195194460,0.103133959,0.127010723,0.180450777,0.014633950,0.275279550,-0.161814024,0.103695600,-0.267280468,-0.264686084,0.015195551,-0.159491975,0.299850778,0.900851743,0.023660948,-0.290660969,0.921797421,-0.192957109
interact,0.083333333,0.041666667,0.195194509,0.103133658,0.127010761,0.180450829,0.014633646,0.275279582,-0.161814077,0.103695168,-0.267280604,-0.264686126,0.015195110,-0.159492105,0.298777220,0.900324051,0.025593397,-0.290676861,0.921511099,-0.192379174
interact,0.087500000,0.043750000,0.195194542,0.103133450,0.127010777,0.180450866,0.014633435,0.275279592,-0.161814104,0.103694945,-0.267280685,-0.264686146,0.015194881,-0.159492181,0.297696658,0.899810148,0.027526219,-0.290692883,0.921226130,-0.191800603
interact,0.091666667,0.045833333,0.195194559,0.103133333,0.127010771,0.180450890,0.014633317,0.275279582,-0.161814106,0.103694933,-0.267280710,-0.264686144,0.015194864,-0.159492203,0.296609159,0.899310065,0.029459289,-0.290709032,0.920942515,-0.191221397
interact,0.095833333,0.047916667,0.195194559,0.103133309,0.127010744,0.180450899,0.014633291,0.275279550,-0.161814081,0.103695129,-0.267280680,-0.264686118,0.015195059,-0.159492171,0.295514787,0.898823834,0.031392481,-0.290725309,0.920660256,-0.190641560
interact,0.100000000,0.050000000,0.195194542,0.103133377,0.127010695,0.180450895,0.014633358,0.275279497,-0.161814031,0.103695535,-0.267280595,-0.264686071,0.015195466,-0.159492084,0.294413611,0.898351484,0.033325671,-0.290741712,0.920379355,-0.190061096
interact,0.104166667,0.052083333,0.195194389,0.103134554,0.127010616,0.180450728,0.014634536,0.275279418,-0.161814177,0.103693835,-0.267281034,-0.264686217,0.015193766,-0.159492536,0.293162528,0.897812760,0.036041309,-0.290740847,0.920044881,-0.189410212
interact,0.108333333,0.054166667,0.195194206,0.103135902,0.127010499,0.180450535,0.014635886,0.275279300,-0.161814285,0.103692507,-0.267281376,-0.264686325,0.015192440,-0.159492887,0.291898204,0.897297215,0.038756440,-0.290740135,0.919712003,-0.188758529
interact,0.112500000,0.056250000,0.195193995,0.103137422,0.127010343,0.180450316,0.014637407,0.275279146,-0.161814356,0.103691549,-0.267281620,-0.264686395,0.015191489,-0.159493138,0.290620701,0.896804908,0.041470832,-0.290739574,0.919380723,-0.188106051
interact,0.116666667,0.058333333,0.195193755,0.103139113,0.127010150,0.180450071,0.014639101,0.275278953,-0.161814391,0.103690963,-0.267281766,-0.264686429,0.015190911,-0.159493288,0.289330080,0.896335892,0.044184253,-0.290739163,0.919051043,-0.187452781
interact,0.120833333,0.060416667,0.195193485,0.103140975,0.127009918,0.180449799,0.014640967,0.275278724,-0.161814389,0.103690748,-0.267281814,-0.264686427,0.015190708,-0.159493337,0.288026405,0.895890220,0.046896471,-0.290738902,0.918722965,-0.186798725
interact,0.125000000,0.062500000,0.195193187,0.103143009,0.127009649,0.180449500,0.014643006,0.275278457,-0.161814352,0.103690904,-0.267281763,-0.264686389,0.015190878,-0.159493285,0.286709739,0.895467939,0.049607255,-0.290738790,0.918396492,-0.186143885
interact,0.129166667,0.064583333,0.195192860,0.103145213,0.127009341,0.180449176,0.014645216,0.275278153,-0.161814279,0.103691431,-0.267281613,-0.264686314,0.015191423,-0.159493132,0.285380149,0.895069098,0.052316371,-0.290738825,0.918071626,-0.185488265
interact,0.133333333,0.066666667,0.195192504,0.103147589,0.127008996,0.180448824,0.014647598,0.275277812,-0.161814172,0.103692328,-0.267281365,-0.264686205,0.015192342,-0.159492876,0.284037700,0.894693740,0.055023589,-0.290739006,0.917748369,-0.184831871
interact,0.137500000,0.068750000,0.195192651,0.103146723,0.127009157,0.180448962,0.014646727,0.275277973,-0.161814312,0.103690067,-0.267281968,-0.264686373,0.015190065,-0.159493512,0.282745691,0.894360350,0.058483696,-0.290708108,0.917401391,-0.184198094
interact,0.141666667,0.070833333,0.195192757,0.103146090,0.127009267,0.180449061,0.014646088,0.275278083,-0.161814408,0.103688336,-0.267282432,-0.264686489,0.015188320,-0.159494000,0.281432554,0.894059281,0.061940689,-0.290677337,0.917055778,-0.183563568
interact,0.145833333,0.072916667,0.195192823,0.103145690,0.127009325,0.180449121,0.014645683,0.275278143,-0.161814461,0.103687133,-0.267282755,-0.264686553,0.015187105,-0.159494338,0.280098468,0.893790601,0.065394140,-0.290646690,0.916711533,-0.182928295
interact,0.150000000,0.075000000,0.195192848,0.103145522,0.127009332,0.180449143,0.014645511,0.275278151,-0.161814472,0.103686458,-0.267282939,-0.264686567,0.015186422,-0.159494526,0.278743616,0.893554370,0.068843625,-0.290616169,0.916368658,-0.182292279
interact,0.154166667,0.077083333,0.195192833,0.103145586,0.127009287,0.180449126,0.014645573,0.275278109,-0.161814440,0.103686312,-0.267282983,-0.264686530,0.015186270,-0.159494564,0.277368182,0.893350643,0.072288721,-0.290585772,0.916027155,-0.181655523
interact,0.158333333,0.079166667,0.195192777,0.103145883,0.127009192,0.180449071,0.014645868,0.275278017,-0.161814367,0.103686694,-0.267282885,-0.264686445,0.015186649,-0.159494451,0.275972352,0.893179470,0.075729006,-0.290555498,0.915687026,-0.181018030
interact,0.162500000,0.081250000,0.195192681,0.103146412,0.127009045,0.180448976,0.014646397,0.275277875,-0.161814253,0.103687604,-0.267282647,-0.264686311,0.015187559,-0.159494188,0.274556315,0.893040893,0.079164056,-0.290525347,0.915348273,-0.180379803
interact,0.166666667,0.083333333,0.195192544,0.103147174,0.127008848,0.180448843,0.014647158,0.275277683,-0.161814099,0.103689041,-0.267282268,-0.264686130,0.015189001,-0.159493773,0.273120262,0.892934953,0.082593452,-0.290495318,0.915010898,-0.179740846
interact,0.170833333,0.085416667,0.195192791,0.103145735,0.127009133,0.180449089,0.014645714,0.275277967,-0.161814253,0.103687432,-0.267282726,-0.264686348,0.015187385,-0.159494300,0.271913171,0.892955850,0.086691698,-0.290420224,0.914675527,-0.179218816
interact,0.175000000,0.087500000,0.195192985,0.103144582,0.127009354,0.180449283,0.014644556,0.275278186,-0.161814359,0.103686485,-0.267283009,-0.264686499,0.015186431,-0.159494635,0.270676072,0.893016238,0.090782854,-0.290345191,0.914340943,-0.178696265
interact,0.179166667,0.089583333,0.195193125,0.103143716,0.127009510,0.180449423,0.014643685,0.275278342,-0.161814419,0.103686199,-0.267283117,-0.264686586,0.015186140,-0.159494776,0.269409223,0.893116152,0.094866274,-0.290270218,0.914007146,-0.178173196
interact,0.183333333,0.091666667,0.195193212,0.103143135,0.127009602,0.180449509,0.014643101,0.275278433,-0.161814433,0.103686574,-0.267283050,-0.264686609,0.015186512,-0.159494723,0.268112886,0.893255622,0.098941316,-0.290195304,0.913674138,-0.177649610
interact,0.187500000,0.093750000,0.195193246,0.103142840,0.127009629,0.180449542,0.014642803,0.275278461,-0.161814401,0.103687609,-0.267282808,-0.264686568,0.015187546,-0.159494476,0.266787328,0.893434667,0.103007339,-0.290120450,0.913341920,-0.177125509
interact,0.191666667,0.095833333,0.195193226,0.103142830,0.127009592,0.180449522,0.014642792,0.275278426,-0.161814325,0.103689305,-0.267282389,-0.264686465,0.015189242,-0.159494034,0.265432820,0.893653299,0.107063706,-0.290045656,0.913010493,-0.176600893
interact,0.195833333,0.097916667,0.195193153,0.103143106,0.127009491,0.180449448,0.014643068,0.275278327,-0.161814206,0.103691662,-0.267281795,-0.264686300,0.015191602,-0.159493398,0.264049640,0.893911519,0.111109783,-0.289970921,0.912679857,-0.176075764
interact,0.200000000,0.100000000,0.195193025,0.103143668,0.127009327,0.180449321,0.014643630,0.275278165,-0.161814044,0.103694678,-0.267281025,-0.264686075,0.015194623,-0.159492566,0.262638066,0.894209322,0.115144938,-0.289896245,0.912350015,-0.175550124
interact,0.204166667,0.102083333,0.195193344,0.103141840,0.127009689,0.180449646,0.014641806,0.275278524,-0.161814234,0.103691540,-0.267281843,-0.264686365,0.015191490,-0.159493468,0.261569035,0.894681205,0.119719420,-0.289762346,0.912044064,-0.175236267
interact,0.208333333,0.104166667,0.195193600,0.103140327,0.127009979,0.180449906,0.014640297,0.275278810,-0.161814379,0.103689101,-0.267282475,-0.264686582,0.015189056,-0.159494161,0.260460516,0.895196520,0.124281584,-0.289628420,0.911738321,-0.174922231
interact,0.212500000,0.106250000,0.195193791,0.103139128,0.127010195,0.180450100,0.014639103,0.275279023,-0.161814479,0.103687362,-0.267282923,-0.264686728,0.015187320,-0.159494643,0.259312843,0.895755214,0.128830575,-0.289494466,0.911432785,-0.174608016
interact,0.216666667,0.108333333,0.195193918,0.103138244,0.127010338,0.180450228,0.014638225,0.275279163,-0.161814535,0.103686322,-0.267283185,-0.264686804,0.015186284,-0.159494915,0.258126359,0.896357220,0.133365544,-0.289360485,0.911127457,-0.174293622
interact,0.220833333,0.110416667,0.195193982,0.103137675,0.127010408,0.180450291,0.014637662,0.275279230,-0.161814548,0.103685982,-0.267283262,-0.264686809,0.015185947,-0.159494977,0.256901415,0.897002463,0.137885652,-0.289226477,0.910822336,-0.173979049
interact,0.225000000,0.112500000,0.195193982,0.103137419,0.127010405,0.180450289,0.014637415,0.275279224,-0.161814518,0.103686340,-0.267283154,-0.264686746,0.015186309,-0.159494827,0.255638368,0.897690857,0.142390061,-0.289092441,0.910517422,-0.173664298
interact,0.229166667,0.114583333,0.195193918,0.103137479,0.127010328,0.180450220,0.014637483,0.275279146,-0.161814446,0.103687396,-0.267282859,-0.264686616,0.015187370,-0.159494467,0.254337585,0.898422304,0.146877943,-0.288958378,0.910212717,-0.173349369
interact,0.233333333,0.116666667,0.195193790,0.103137852,0.127010179,0.180450087,0.014637865,0.275278995,-0.161814334,0.103689150,-0.267282379,-0.264686418,0.015189130,-0.159493894,0.252999438,0.899196695,0.151348477,-0.288824288,0.909908220,-0.173034262
interact,0.237500000,0.118750000,0.195194134,0.103136117,0.127010515,0.180450443,0.014636124,0.275279333,-0.161814479,0.103686180,-0.267283184,-0.264686673,0.015186160,-0.159494807,0.251982021,0.900219301,0.156351995,-0.288648954,0.909627929,-0.172889745
interact,0.241666667,0.120833333,0.195194407,0.103134702,0.127010774,0.180450726,0.014634704,0.275279594,-0.161814582,0.103683908,-0.267283805,-0.264686852,0.015183885,-0.159495506,0.250915767,0.901289502,0.161335556,-0.288473535,0.909347693,-0.172745282
interact,0.245833333,0.122916667,0.195194610,0.103133606,0.127010955,0.180450935,0.014633603,0.275279777,-0.161814642,0.103682333,-0.267284242,-0.264686957,0.015182306,-0.159495991,0.249801118,0.902407079,0.166298096,-0.288298032,0.909067514,-0.172600873
interact,0.250000000,0.125000000,0.195194743,0.103132830,0.127011059,0.180451070,0.014632822,0.275279884,-0.161814661,0.103681456,-0.267284494,-0.264686986,0.015181423,-0.159496263,0.248638527,0.903571799,0.171238565,-0.288122444,0.908787390,-0.172456518
interact,0.254166667,0.127083333,0.195194805,0.103132373,0.127011087,0.180451132,0.014632361,0.275279913,-0.161814639,0.103681277,-0.267284562,-0.264686943,0.015181235,-0.159496320,0.247428459,0.904783418,0.176155925,-0.287946771,0.908507322,-0.172312216
interact,0.258333333,0.129166667,0.195194797,0.103132234,0.127011036,0.180451120,0.014632219,0.275279865,-0.161814576,0.103681794,-0.267284446,-0.264686827,0.015181743,-0.159496163,0.246171387,0.906041678,0.181049146,-0.287771015,0.908227311,-0.172167968
interact,0.262500000,0.131250000,0.195194718,0.103132415,0.127010909,0.180451034,0.014632397,0.275279739,-0.161814474,0.103683007,-0.267284144,-0.264686640,0.015182947,-0.159495792,0.244867798,0.907346308,0.185917215,-0.287595175,0.907947355,-0.172023774
interact,0.266666667,0.133333333,0.195194568,0.103132914,0.127010704,0.180450875,0.014632895,0.275279537,-0.161814334,0.103684917,-0.267283659,-0.264686382,0.015184846,-0.159495206,0.243518186,0.908697026,0.190759127,-0.287419250,0.907667456,-0.171879633
interact,0.270833333,0.135416667,0.195194570,0.103133623,0.127010743,0.180450893,0.014633603,0.275279576,-0.161814442,0.103683609,-0.267283979,-0.264686620,0.015183555,-0.159495635,0.242333748,0.910421262,0.196199269,-0.287235667,0.907403600,-0.171799134
interact,0.275000000,0.137500000,0.195194498,0.103134645,0.127010703,0.180450833,0.014634624,0.275279538,-0.161814510,0.103682963,-0.267284124,-0.264686782,0.015182923,-0.159495858,0.241092222,0.912199650,0.201606494,-0.287051983,0.907139807,-0.171718767
interact,0.279166667,0.139583333,0.195194351,0.103135980,0.127010586,0.180450695,0.014635958,0.275279420,-0.161814539,0.103682978,-0.267284095,-0.264686868,0.015182948,-0.159495876,0.239794237,0.914031707,0.206979530,-0.286868200,0.906876077,-0.171638531
interact,0.283333333,0.141666667,0.195194130,0.103137627,0.127010390,0.180450477,0.014637605,0.275279225,-0.161814530,0.103683653,-0.267283893,-0.264686881,0.015183631,-0.159495688,0.238440436,0.915916938,0.212317124,-0.286684317,0.906612410,-0.171558427
interact,0.287500000,0.143750000,0.195193835,0.103139587,0.127010115,0.180450181,0.014639565,0.275278951,-0.161814483,0.103684990,-0.267283516,-0.264686820,0.015184972,-0.159495294,0.237031474,0.917854831,0.217618046,-0.286500334,0.906348807,-0.171478454
interact,0.291666667,0.145833333,0.195193466,0.103141859,0.127009763,0.180449806,0.014641838,0.275278598,-0.161814399,0.103686987,-0.267282965,-0.264686686,0.015186970,-0.159494695,0.235568020,0.919844862,0.222881082,-0.286316252,0.906085267,-0.171398612
interact,0.295833333,0.147916667,0.195193022,0.103144443,0.127009331,0.180449353,0.014644423,0.275278166,-0.161814279,0.103689645,-0.267282241,-0.264686479,0.015189627,-0.159493889,0.234050753,0.921886490,0.228105042,-0.286132071,0.905821791,-0.171318900
interact,0.300000000,0.150000000,0.195192504,0.103147338,0.127008821,0.180448821,0.014647321,0.275277656,-0.161814123,0.103692962,-0.267281342,-0.264686202,0.015192941,-0.159492878,0.232480366,0.923979164,0.233288754,-0.285947791,0.905558379,-0.171239320
interact,0.304166667,0.152083333,0.195192774,0.103146328,0.127009096,0.180449110,0.014646314,0.275277933,-0.161814264,0.103690331,-0.267282059,-0.264686460,0.015190327,-0.159493695,0.230834190,0.926544521,0.239059077,-0.285764909,0.905319654,-0.171220642
interact,0.308333333,0.154166667,0.195192975,0.103145579,0.127009303,0.180449326,0.014645569,0.275278141,-0.161814372,0.103688253,-0.267282632,-0.264686650,0.015188261,-0.159494338,0.229124552,0.929169449,0.244776053,-0.285581923,0.905081030,-0.171202145
interact,0.312500000,0.156250000,0.195193108,0.103145092,0.127009442,0.180449468,0.014645085,0.275278281,-0.161814448,0.103686727,-0.267283059,-0.264686772,0.015186744,-0.159494805,0.227352404,0.931853078,0.250438270,-0.285398833,0.904842507,-0.171183829
interact,0.316666667,0.158333333,0.195193171,0.103144865,0.127009513,0.180449537,0.014644862,0.275278352,-0.161814491,0.103685755,-0.267283341,-0.264686826,0.015185776,-0.159495098,0.225518713,0.934594525,0.256044350,-0.285215640,0.904604087,-0.171165693
interact,0.320833333,0.160416667,0.195193165,0.103144899,0.127009514,0.180449531,0.014644900,0.275278354,-0.161814504,0.103685335,-0.267283479,-0.264686815,0.015185356,-0.159495217,0.223624459,0.937392891,0.261592947,-0.285032344,0.904365768,-0.171147736
interact,0.325000000,0.162500000,0.195193091,0.103145193,0.127009447,0.180449452,0.014645199,0.275278287,-0.161814485,0.103685468,-0.267283473,-0.264686737,0.015185484,-0.159495161,0.221670632,0.940247261,0.267082747,-0.284848945,0.904127552,-0.171129960
interact,0.329166667,0.164583333,0.195192947,0.103145749,0.127009310,0.180449299,0.014645759,0.275278150,-0.161814435,0.103686152,-0.267283322,-0.264686594,0.015186161,-0.159494931,0.219658237,0.943156709,0.272512470,-0.284665443,0.903889438,-0.171112363
interact,0.333333333,0.166666667,0.195192735,0.103146564,0.127009105,0.180449071,0.014646580,0.275277945,-0.161814355,0.103687389,-0.267283028,-0.264686386,0.015187385,-0.159494526,0.217588288,0.946120292,0.277880869,-0.284481837,0.903651427,-0.171094946
interact,0.337500000,0.168750000,0.195192956,0.103145725,0.127009280,0.180449307,0.014645731,0.275278115,-0.161814451,0.103685272,-0.267283609,-0.264686594,0.015185281,-0.159495202,0.214725432,0.950478823,0.284350349,-0.284308668,0.903446739,-0.171135482
interact,0.341666667,0.170833333,0.195193117,0.103145092,0.127009399,0.180449477,0.014645089,0.275278229,-0.161814519,0.103683597,-0.267284075,-0.264686744,0.015183615,-0.159495736,0.211807550,0.954918781,0.290707951,-0.284135403,0.903242209,-0.171176216
interact,0.345833333,0.172916667,0.195193217,0.103144666,0.127009460,0.180449581,0.014644654,0.275278286,-0.161814561,0.103682367,-0.267284426,-0.264686835,0.015182388,-0.159496128,0.208836803,0.959437946,0.296952153,-0.283962042,0.903037836,-0.171217148
interact,0.350000000,0.175000000,0.195193256,0.103144447,0.127009465,0.180449620,0.014644426,0.275278285,-0.161814577,0.103681580,-0.267284663,-0.264686868,0.015181599,-0.159496379,0.205815358,0.964034076,0.303081520,-0.283788585,0.902833623,-0.171258277
interact,0.354166667,0.177083333,0.195193234,0.103144434,0.127009413,0.180449592,0.014644404,0.275278227,-0.161814567,0.103681236,-0.267284784,-0.264686843,0.015181249,-0.159496488,0.202745383,0.968704907,0.309094701,-0.283615032,0.902629567,-0.171299603
interact,0.358333333,0.179166667,0.195193151,0.103144627,0.127009303,0.180449499,0.014644589,0.275278111,-0.161814532,0.103681335,-0.267284791,-0.264686761,0.015181337,-0.159496456,0.199629049,0.973448151,0.314990435,-0.283441383,0.902425671,-0.171341126
interact,0.362500000,0.181250000,0.195193007,0.103145027,0.127009135,0.180449341,0.014644981,0.275277937,-0.161814472,0.103681878,-0.267284684,-0.264686621,0.015181864,-0.159496283,0.196468526,0.978261502,0.320767542,-0.283267640,0.902221934,-0.171382845
interact,0.366666667,0.183333333,0.195192803,0.103145633,0.127008910,0.180449116,0.014645578,0.275277706,-0.161814387,0.103682863,-0.267284462,-0.264686425,0.015182829,-0.159495969,0.193265982,0.983142633,0.326424930,-0.283093801,0.902018357,-0.171424761
interact,0.370833333,0.185416667,0.195192981,0.103145090,0.127009071,0.180449311,0.014645038,0.275277872,-0.161814378,0.103683317,-0.267284263,-0.264686516,0.015183304,-0.159495848,0.192715039,0.990068056,0.333218036,-0.282939609,0.901856773,-0.171521428
interact,0.375000000,0.187500000,0.195193111,0.103144692,0.127009190,0.180449453,0.014644643,0.275277995,-0.161814349,0.103684108,-0.267283978,-0.264686560,0.015184111,-0.159495619,0.192115179,0.997110963,0.339836819,-0.282785340,0.901695409,-0.171618277
interact,0.379166667,0.189583333,0.195193191,0.103144441,0.127009266,0.180449541,0.014644395,0.275278076,-0.161814299,0.103685236,-0.267283607,-0.264686555,0.015185250,-0.159495282,0.191468301,1.004266247,0.346278601,-0.282630991,0.901534267,-0.171715310
interact,0.383333333,0.191666667,0.195193222,0.103144334,0.127009299,0.180449575,0.014644292,0.275278114,-0.161814228,0.103686701,-0.267283150,-0.264686502,0.015186721,-0.159494837,0.190776374,1.011528741,0.352540886,-0.282476564,0.901373345,-0.171812524
interact,0.387500000,0.193750000,0.195193204,0.103144374,0.127009290,0.180449556,0.014644335,0.275278109,-0.161814138,0.103688503,-0.267282607,-0.264686401,0.015188524,-0.159494284,0.190041422,1.018893224,0.358621354,-0.282322059,0.901212644,-0.171909920
interact,0.391666667,0.195833333,0.195193137,0.103144559,0.127009238,0.180449484,0.014644523,0.275278061,-0.161814027,0.103690641,-0.267281979,-0.264686254,0.015190660,-0.159493623,0.189265521,1.026354420,0.364517868,-0.282167476,0.901052165,-0.172007498
interact,0.395833333,0.197916667,0.195193020,0.103144889,0.127009143,0.180449358,0.014644857,0.275277969,-0.161813897,0.103693117,-0.267281265,-0.264686059,0.015193127,-0.159492854,0.188450801,1.033907010,0.370228473,-0.282012815,0.900891908,-0.172105257
interact,0.400000000,0.200000000,0.195192855,0.103145364,0.127009005,0.180449178,0.014645336,0.275277834,-0.161813746,0.103695928,-0.267280466,-0.264685816,0.015195926,-0.159491978,0.187599436,1.041545634,0.375751399,-0.281858075,0.900731873,-0.172203196
interact,0.404166667,0.202083333,0.195193038,0.103144661,0.127009151,0.180449373,0.014644627,0.275277975,-0.161813814,0.103695087,-0.267280698,-0.264685955,0.015195101,-0.159492266,0.185190720,1.050241225,0.381443306,-0.281732307,0.900622389,-0.172352582
interact,0.408333333,0.204166667,0.195193186,0.103144043,0.127009271,0.180449530,0.014644002,0.275278090,-0.161813867,0.103694450,-0.267280878,-0.264686060,0.015194476,-0.159492489,0.182742756,1.059033689,0.386882965,-0.281606485,0.900513185,-0.172502107
interact,0.412500000,0.206250000,0.195193299,0.103143510,0.127009364,0.180449648,0.014643463,0.275278178,-0.161813907,0.103694019,-0.267281008,-0.264686130,0.015194053,-0.159492645,0.180259918,1.067915711,0.392068387,-0.281480610,0.900404262,-0.172651768
interact,0.416666667,0.208333333,0.195193377,0.103143061,0.127009430,0.180449727,0.014643008,0.275278238,-0.161813933,0.103693793,-0.267281088,-0.264686167,0.015193830,-0.159492736,0.177746619,1.076879941,0.396997874,-0.281354681,0.900295618,-0.172801566
interact,0.420833333,0.210416667,0.195193420,0.103142696,0.127009470,0.180449768,0.014642637,0.275278272,-0.161813945,0.103693772,-0.267281117,-0.264686171,0.015193807,-0.159492761,0.175207309,1.085918996,0.401670027,-0.281228699,0.900187255,-0.172951501
interact,0.425000000,0.212500000,0.195193428,0.103142417,0.127009482,0.180449770,0.014642352,0.275278278,-0.161813943,0.103693956,-0.267281096,-0.264686141,0.015193986,-0.159492720,0.172646466,1.095025467,0.406083739,-0.281102663,0.900079173,-0.173101572
interact,0.429166667,0.214583333,0.195193401,0.103142221,0.127009467,0.180449733,0.014642151,0.275278256,-0.161813928,0.103694344,-0.267281025,-0.264686077,0.015194365,-0.159492614,0.170068593,1.104191934,0.410238202,-0.280976575,0.899971372,-0.173251779
interact,0.433333333,0.216666667,0.195193339,0.103142110,0.127009425,0.180449658,0.014642034,0.275278207,-0.161813899,0.103694938,-0.267280904,-0.264685981,0.015194946,-0.159492442,0.167478203,1.113410967,0.414132906,-0.280850433,0.899863852,-0.173402120
interact,0.437500000,0.218750000,0.195193453,0.103141711,0.127009503,0.180449780,0.014641640,0.275278290,-0.161813961,0.103694164,-0.267281088,-0.264686085,0.015194179,-0.159492660,0.166006045,1.122244781,0.417859336,-0.280762493,0.899815375,-0.173600275
interact,0.441666667,0.220833333,0.195193547,0.103141346,0.127009568,0.180449879,0.014641281,0.275278359,-0.161814014,0.103693490,-0.267281250,-0.264686168,0.015193510,-0.159492848,0.164504315,1.131116328,0.421360694,-0.280674529,0.899767226,-0.173798497
interact,0.445833333,0.222916667,0.195193619,0.103141017,0.127009621,0.180449954,0.014640957,0.275278415,-0.161814058,0.103692916,-0.267281390,-0.264686230,0.015192937,-0.159493004,0.162976419,1.140019297,0.424636902,-0.280586541,0.899719406,-0.173996785
interact,0.450000000,0.225000000,0.195193671,0.103140722,0.127009661,0.180450006,0.014640668,0.275278458,-0.161814093,0.103692443,-0.267281507,-0.264686271,0.015192462,-0.159493128,0.161425781,1.148947404,0.427688112,-0.280498528,0.899671915,-0.174195140
interact,0.454166667,0.227083333,0.195193702,0.103140462,0.127009688,0.180450034,0.014640413,0.275278488,-0.161814119,0.103692071,-0.267281602,-0.264686292,0.015192085,-0.159493222,0.159855833,1.157894388,0.430514704,-0.280410491,0.899624753,-0.174393560
interact,0.458333333,0.229166667,0.195193713,0.103140237,0.127009702,0.180450038,0.014640194,0.275278505,-0.161814137,0.103691799,-0.267281674,-0.264686292,0.015191804,-0.159493284,0.158270017,1.166854026,0.433117289,-0.280322430,0.899577921,-0.174592046
interact,0.462500000,0.231250000,0.195193702,0.103140047,0.127009703,0.180450019,0.014640009,0.275278508,-0.161814145,0.103691627,-0.267281724,-0.264686270,0.015191621,-0.159493315,0.156671772,1.175820135,0.435496704,-0.280234345,0.899531418,-0.174790596
interact,0.466666667,0.233333333,0.195193671,0.103139892,0.127009691,0.180449976,0.014639860,0.275278498,-0.161814145,0.103691556,-0.267281752,-0.264686229,0.015191535,-0.159493315,0.155064536,1.184786578,0.437654011,-0.280146236,0.899485244,-0.174989211
interact,0.470833333,0.235416667,0.195193706,0.103139816,0.127009725,0.180450017,0.014639790,0.275278540,-0.161814178,0.103691279,-0.267281797,-0.264686275,0.015191268,-0.159493363,0.154461263,1.191440888,0.439817315,-0.280105788,0.899506425,-0.175231919
interact,0.475000000,0.237500000,0.195193732,0.103139746,0.127009757,0.180450048,0.014639726,0.275278577,-0.161814204,0.103691031,-0.267281839,-0.264686311,0.015191027,-0.159493404,0.153822268,1.198101758,0.441867182,-0.280065344,0.899527969,-0.175474606
interact,0.479166667,0.239583333,0.195193750,0.103139681,0.127009785,0.180450067,0.014639667,0.275278612,-0.161814225,0.103690810,-0.267281877,-0.264686336,0.015190812,-0.159493439,0.153148861,1.204766739,0.443803872,-0.280024904,0.899549875,-0.175717270
interact,0.483333333,0.241666667,0.195193759,0.103139621,0.127009811,0.180450075,0.014639613,0.275278643,-0.161814239,0.103690616,-0.267281912,-0.264686351,0.015190622,-0.159493468,0.152442356,1.211433403,0.445627711,-0.279984469,0.899572144,-0.175959912
interact,0.487500000,0.243750000,0.195193759,0.103139566,0.127009833,0.180450072,0.014639564,0.275278671,-0.161814247,0.103690450,-0.267281943,-0.264686355,0.015190458,-0.159493491,0.151704076,1.218099346,0.447339090,-0.279944039,0.899594775,-0.176202530
interact,0.491666667,0.245833333,0.195193751,0.103139516,0.127009853,0.180450059,0.014639521,0.275278696,-0.161814249,0.103690312,-0.267281971,-0.264686348,0.015190320,-0.159493508,0.150935344,1.224762191,0.448938463,-0.279903613,0.899617769,-0.176445126
interact,0.495833333,0.247916667,0.195193734,0.103139471,0.127009869,0.180450034,0.014639482,0.275278717,-0.161814245,0.103690201,-0.267281996,-0.264686331,0.015190207,-0.159493518,0.150137485,1.231419587,0.450426347,-0.279863192,0.899641125,-0.176687697
interact,0.500000000,0.250000000,0.195193708,0.103139432,0.127009882,0.180449998,0.014639449,0.275278735,-0.161814235,0.103690117,-0.267282017,-0.264686303,0.015190120,-0.159493522,0.149311827,1.238069211,0.451803322,-0.279822775,0.899664844,-0.176930244
interact,0.504166667,0.252083333,0.195193700,0.103139494,0.127009854,0.180450001,0.014639502,0.275278701,-0.161814234,0.103690139,-0.267282015,-0.264686295,0.015190144,-0.159493513,0.150068842,1.242111325,0.453680085,-0.279836875,0.899760468,-0.177210885
interact,0.508333333,0.254166667,0.195193691,0.103139563,0.127009826,0.180449999,0.014639562,0.275278665,-0.161814225,0.103690164,-0.267282016,-0.264686282,0.015190169,-0.159493508,0.150785956,1.246169322,0.455516876,-0.279851000,0.899856468,-0.177491412
interact,0.512500000,0.256250000,0.195193680,0.103139639,0.127009796,0.180449993,0.014639629,0.275278628,-0.161814210,0.103690190,-0.267282019,-0.264686263,0.015190197,-0.159493507,0.151463235,1.250242314,0.457313605,-0.279865152,0.899952844,-0.177771824
interact,0.516666667,0.258333333,0.195193667,0.103139722,0.127009765,0.180449983,0.014639703,0.275278590,-0.161814189,0.103690219,-0.267282025,-0.264686239,0.015190226,-0.159493509,0.152100750,1.254329419,0.459070192,-0.279879329,0.900049596,-0.178052120
interact,0.520833333,0.260416667,0.195193652,0.103139812,0.127009734,0.180449968,0.014639783,0.275278551,-0.161814160,0.103690249,-0.267282033,-0.264686209,0.015190256,-0.159493516,0.152698581,1.258429759,0.460786568,-0.279893534,0.900146722,-0.178332302
interact,0.525000000,0.262500000,0.195193635,0.103139910,0.127009701,0.180449948,0.014639871,0.275278510,-0.161814125,0.103690282,-0.267282044,-0.264686173,0.015190289,-0.159493526,0.153256812,1.262542462,0.462462676,-0.279907765,0.900244225,-0.178612366
interact,0.529166667,0.264583333,0.195193616,0.103140014,0.127009668,0.180449925,0.014639965,0.275278468,-0.161814083,0.103690317,-0.267282057,-0.264686132,0.015190323,-0.159493540,0.153775537,1.266666663,0.464098470,-0.279922023,0.900342102,-0.178892315
interact,0.533333333,0.266666667,0.195193596,0.103140125,0.127009633,0.180449896,0.014640067,0.275278425,-0.161814035,0.103690354,-0.267282073,-0.264686085,0.015190359,-0.159493559,0.154254852,1.270801500,0.465693914,-0.279936307,0.900440354,-0.179172146
interact,0.537500000,0.268750000,0.195193560,0.103140268,0.127009622,0.180449873,0.014640216,0.275278414,-0.161814059,0.103690441,-0.267282057,-0.264686103,0.015190441,-0.159493538,0.154886448,1.273149755,0.467480974,-0.280002154,0.900600705,-0.179475583
interact,0.541666667,0.270833333,0.195193522,0.103140453,0.127009602,0.180449844,0.014640406,0.275278394,-0.161814072,0.103690559,-0.267282035,-0.264686113,0.015190555,-0.159493514,0.155483583,1.275506745,0.469248942,-0.280068036,0.900761410,-0.179778841
interact,0.545833333,0.272916667,0.195193482,0.103140679,0.127009575,0.180449809,0.014640637,0.275278366,-0.161814075,0.103690708,-0.267282007,-0.264686116,0.015190702,-0.159493485,0.156046161,1.277872058,0.470997710,-0.280133952,0.900922467,-0.180081919
interact,0.550000000,0.275000000,0.195193439,0.103140947,0.127009540,0.180449767,0.014640910,0.275278330,-0.161814067,0.103690889,-0.267281972,-0.264686112,0.015190880,-0.159493452,0.156574093,1.280245274,0.472727174,-0.280199901,0.901083876,-0.180384817
interact,0.554166667,0.277083333,0.195193394,0.103141257,0.127009497,0.180449720,0.014641225,0.275278285,-0.161814049,0.103691100,-0.267281930,-0.264686100,0.015191090,-0.159493414,0.157067293,1.282625972,0.474437230,-0.280265885,0.901245637,-0.180687535
interact,0.558333333,0.279166667,0.195193346,0.103141608,0.127009446,0.180449666,0.014641581,0.275278231,-0.161814021,0.103691344,-0.267281881,-0.264686081,0.015191332,-0.159493372,0.157525680,1.285013734,0.476127772,-0.280331903,0.901407750,-0.180990071
interact,0.562500000,0.281250000,0.195193296,0.103142002,0.127009387,0.180449606,0.014641978,0.275278169,-0.161813983,0.103691618,-0.267281826,-0.264686055,0.015191606,-0.159493326,0.157949179,1.287408142,0.477798698,-0.280397955,0.901570214,-0.181292427
interact,0.566666667,0.283333333,0.195193243,0.103142437,0.127009320,0.180449539,0.014642416,0.275278099,-0.161813934,0.103691923,-0.267281765,-0.264686021,0.015191912,-0.159493276,0.158337718,1.289808778,0.479449904,-0.280464041,0.901733029,-0.181594601
interact,0.570833333,0.285416667,0.195193218,0.103142486,0.127009376,0.180449535,0.014642472,0.275278167,-0.161813987,0.103691918,-0.267281720,-0.264686065,0.015191900,-0.159493227,0.158637654,1.290789164,0.481190499,-0.280575996,0.901945910,-0.181905148
interact,0.575000000,0.287500000,0.195193183,0.103142632,0.127009410,0.180449514,0.014642626,0.275278213,-0.161814024,0.103692011,-0.267281649,-0.264686094,0.015191989,-0.159493153,0.158906550,1.291772112,0.482914114,-0.280687981,0.902159100,-0.182215483
interact,0.579166667,0.289583333,0.195193138,0.103142877,0.127009423,0.180449478,0.014642876,0.275278237,-0.161814044,0.103692204,-0.267281553,-0.264686108,0.015192178,-0.159493053,0.159144398,1.292757418,0.484620544,-0.280799994,0.902372598,-0.182525607
interact,0.583333333,0.291666667,0.195193083,0.103143220,0.127009414,0.180449427,0.014643224,0.275278239,-0.161814046,0.103692496,-0.267281430,-0.264686105,0.015192468,-0.159492928,0.159351195,1.293744880,0.486309582,-0.280912036,0.902586404,-0.182835519
interact,0.587500000,0.293750000,0.195193019,0.103143660,0.127009384,0.180449360,0.014643669,0.275278218,-0.161814032,0.103692888,-0.267281281,-0.264686088,0.015192859,-0.159492777,0.159526941,1.294734294,0.487981020,-0.281024108,0.902800517,-0.183145218
interact,0.591666667,0.295833333,0.195192945,0.103144199,0.127009333,0.180449277,0.014644211,0.275278174,-0.161814000,0.103693379,-0.267281106,-0.264686054,0.015193350,-0.159492600,0.159671644,1.295725455,0.489634649,-0.281136209,0.903014938,-0.183454705
interact,0.595833333,0.297916667,0.195192861,0.103144835,0.127009260,0.180449179,0.014644851,0.275278108,-0.161813951,0.103693969,-0.267280905,-0.264686005,0.015193942,-0.159492398,0.159785317,1.296718159,0.491270259,-0.281248339,0.903229666,-0.183763978
interact,0.600000000,0.300000000,0.195192767,0.103145569,0.127009165,0.180449065,0.014645588,0.275278020,-0.161813885,0.103694659,-0.267280679,-0.264685941,0.015194635,-0.159492170,0.159867977,1.297712202,0.492887641,-0.281360499,0.903444701,-0.184073039
interact,0.604166667,0.302083333,0.195192847,0.103145003,0.127009259,0.180449173,0.014645013,0.275278108,-0.161813957,0.103694177,-0.267280836,-0.264686019,0.015194150,-0.159492336,0.159716047,1.297656590,0.494447900,-0.281512497,0.903697672,-0.184376211
interact,0.608333333,0.304166667,0.195192906,0.103144601,0.127009314,0.180449253,0.014644601,0.275278158,-0.161814004,0.103693883,-0.267280944,-0.264686070,0.015193855,-0.159492448,0.159538898,1.297599466,0.495985361,-0.281664512,0.903950902,-0.184679167
interact,0.612500000,0.306250000,0.195192945,0.103144364,0.127009333,0.180449304,0.014644354,0.275278169,-0.161814026,0.103693777,-0.267281000,-0.264686094,0.015193750,-0.159492507,0.159336693,1.297540800,0.497499762,-0.281816542,0.904204393,-0.184981907
interact,0.616666667,0.308333333,0.195192963,0.103144291,0.127009313,0.180449326,0.014644270,0.275278141,-0.161814021,0.103693860,-0.267281006,-0.264686092,0.015193835,-0.159492513,0.159109596,1.297480557,0.498990846,-0.281968589,0.904458143,-0.185284431
interact,0.620833333,0.310416667,0.195192961,0.103144384,0.127009256,0.180449319,0.014644350,0.275278074,-0.161813991,0.103694131,-0.267280962,-0.264686063,0.015194109,-0.159492466,0.158857778,1.297418704,0.500458356,-0.282120651,0.904712153,-0.185586737
interact,0.625000000,0.312500000,0.195192938,0.103144640,0.127009160,0.180449284,0.014644594,0.275277968,-0.161813936,0.103694590,-0.267280867,-0.264686007,0.015194574,-0.159492366,0.158581414,1.297355206,0.501902037,-0.282272730,0.904966423,-0.185888827
interact,0.629166667,0.314583333,0.195192893,0.103145062,0.127009027,0.180449219,0.014645001,0.275277822,-0.161813855,0.103695238,-0.267280721,-0.264685924,0.015195229,-0.159492213,0.158280683,1.297290031,0.503321634,-0.282424824,0.905220951,-0.186190699
interact,0.633333333,0.316666667,0.195192828,0.103145648,0.127008856,0.180449126,0.014645573,0.275277637,-0.161813748,0.103696075,-0.267280525,-0.264685814,0.015196073,-0.159492008,0.157955770,1.297223143,0.504716897,-0.282576935,0.905475738,-0.186492354
interact,0.637500000,0.318750000,0.195192924,0.103144920,0.127009035,0.180449263,0.014644853,0.275277821,-0.161813935,0.103693340,-0.267281295,-0.264686016,0.015193328,-0.159492803,0.157400732,1.296518173,0.505914327,-0.282763125,0.905756075,-0.186773180
interact,0.641666667,0.320833333,0.195192987,0.103144424,0.127009160,0.180449356,0.014644365,0.275277949,-0.161814087,0.103690905,-0.267281984,-0.264686178,0.015190885,-0.159493512,0.156829462,1.295810748,0.507084583,-0.282949312,0.906036613,-0.187053818
interact,0.645833333,0.322916667,0.195193017,0.103144161,0.127009231,0.180449407,0.014644108,0.275278021,-0.161814204,0.103688768,-0.267282592,-0.264686299,0.015188742,-0.159494133,0.156242240,1.295100865,0.508227445,-0.283135494,0.906317353,-0.187334267
interact,0.650000000,0.325000000,0.195193014,0.103144131,0.127009247,0.180449414,0.014644083,0.275278037,-0.161814286,0.103686932,-0.267283120,-0.264686381,0.015186901,-0.159494667,0.155639348,1.294388522,0.509342700,-0.283321672,0.906598293,-0.187614526
interact,0.654166667,0.327083333,0.195192978,0.103144333,0.127009208,0.180449378,0.014644290,0.275277997,-0.161814332,0.103685394,-0.267283567,-0.264686422,0.015185360,-0.159495114,0.155021068,1.293673716,0.510430135,-0.283507846,0.906879435,-0.187894596
interact,0.658333333,0.329166667,0.195192909,0.103144769,0.127009115,0.180449298,0.014644729,0.275277900,-0.161814343,0.103684157,-0.267283933,-0.264686422,0.015184122,-0.159495474,0.154387687,1.292956446,0.511489544,-0.283694015,0.907160777,-0.188174477
interact,0.662500000,0.331250000,0.195192807,0.103145437,0.127008966,0.180449174,0.014645399,0.275277746,-0.161814319,0.103683219,-0.267284219,-0.264686382,0.015183184,-0.159495747,0.153739492,1.292236713,0.512520720,-0.283880180,0.907442320,-0.188454167
interact,0.666666667,0.333333333,0.195192672,0.103146338,0.127008763,0.180449007,0.014646301,0.275277536,-0.161814259,0.103682581,-0.267284425,-0.264686301,0.015182548,-0.159495934,0.153076773,1.291514518,0.513523462,-0.284066341,0.907724064,-0.188733668
interact,0.670833333,0.335416667,0.195192821,0.103145406,0.127009040,0.180449193,0.014645375,0.275277822,-0.161814397,0.103681737,-0.267284644,-0.264686472,0.015181696,-0.159496188,0.152327219,1.290587413,0.514251778,-0.284280618,0.908018307,-0.188977705
interact,0.675000000,0.337500000,0.195192926,0.103144769,0.127009247,0.180449322,0.014644743,0.275278037,-0.161814494,0.103681276,-0.267284760,-0.264686593,0.015181230,-0.159496329,0.151570798,1.289658460,0.514956104,-0.284494867,0.908312693,-0.189221608
interact,0.679166667,0.339583333,0.195192985,0.103144427,0.127009384,0.180449393,0.014644405,0.275278180,-0.161814550,0.103681200,-0.267284772,-0.264686664,0.015181151,-0.159496355,0.150807725,1.288727732,0.515636342,-0.284709087,0.908607220,-0.189465377
interact,0.683333333,0.341666667,0.195193000,0.103144380,0.127009451,0.180449407,0.014644361,0.275278250,-0.161814565,0.103681508,-0.267284681,-0.264686685,0.015181457,-0.159496267,0.150038220,1.287795301,0.516292394,-0.284923278,0.908901889,-0.189709012
interact,0.687500000,0.343750000,0.195192969,0.103144629,0.127009448,0.180449363,0.014644611,0.275278249,-0.161814539,0.103682200,-0.267284485,-0.264686655,0.015182149,-0.159496065,0.149262498,1.286861239,0.516924167,-0.285137440,0.909196700,-0.189952514
interact,0.691666667,0.345833333,0.195192892,0.103145173,0.127009375,0.180449261,0.014645155,0.275278176,-0.161814471,0.103683277,-0.267284186,-0.264686574,0.015183227,-0.159495749,0.148480776,1.285925621,0.517531568,-0.285351574,0.909491651,-0.190195881
interact,0.695833333,0.347916667,0.195192771,0.103146012,0.127009231,0.180449102,0.014645994,0.275278030,-0.161814362,0.103684738,-0.267283783,-0.264686441,0.015184691,-0.159495320,0.147693271,1.284988522,0.518114508,-0.285565678,0.909786745,-0.190439115
interact,0.700000000,0.350000000,0.195192604,0.103147147,0.127009017,0.180448884,0.014647126,0.275277812,-0.161814211,0.103686585,-0.267283277,-0.264686258,0.015186541,-0.159494777,0.146900200,1.284050019,0.518672899,-0.285779753,0.910081979,-0.190682214
interact,0.704166667,0.352083333,0.195193045,0.103144255,0.127009521,0.180449380,0.014644240,0.275278329,-0.161814352,0.103685532,-0.267283548,-0.264686448,0.015185482,-0.159495103,0.146243073,1.283346250,0.518962943,-0.286016141,0.910376811,-0.190875501
interact,0.708333333,0.354166667,0.195193429,0.103141718,0.127009939,0.180449803,0.014641709,0.275278759,-0.161814446,0.103684952,-0.267283691,-0.264686579,0.015184897,-0.159495288,0.145584872,1.282641700,0.519239820,-0.286252475,0.910671736,-0.191068731
interact,0.712500000,0.356250000,0.195193756,0.103139539,0.127010273,0.180450156,0.014639534,0.275279102,-0.161814494,0.103684844,-0.267283708,-0.264686649,0.015184786,-0.159495331,0.144925682,1.281936410,0.519503508,-0.286488753,0.910966755,-0.191261904
interact,0.716666667,0.358333333,0.195194025,0.103137717,0.127010522,0.180450436,0.014637715,0.275279359,-0.161814495,0.103685208,-0.267283597,-0.264686659,0.015185149,-0.159495232,0.144265587,1.281230419,0.519753988,-0.286724977,0.911261868,-0.191455021
interact,0.720833333,0.360416667,0.195194237,0.103136251,0.127010687,0.180450645,0.014636251,0.275279528,-0.161814449,0.103686044,-0.267283359,-0.264686609,0.015185985,-0.159494992,0.143604670,1.280523769,0.519991240,-0.286961146,0.911557075,-0.191648080
interact,0.725000000,0.362500000,0.195194392,0.103135143,0.127010766,0.180450782,0.014635143,0.275279610,-0.161814357,0.103687353,-0.267282994,-0.264686497,0.015187296,-0.159494611,0.142943016,1.279816501,0.520215246,-0.287197260,0.911852375,-0.191841083
interact,0.729166667,0.364583333,0.195194488,0.103134393,0.127010760,0.180450847,0.014634391,0.275279604,-0.161814216,0.103689135,-0.267282502,-0.264686324,0.015189081,-0.159494088,0.142280707,1.279108657,0.520425989,-0.287433319,0.912147768,-0.192034029
interact,0.733333333,0.366666667,0.195194527,0.103134000,0.127010669,0.180450840,0.014633995,0.275279511,-0.161814028,0.103691390,-0.267281883,-0.264686089,0.015191340,-0.159493425,0.141617827,1.278400278,0.520623452,-0.287669323,0.912443255,-0.192226918
interact,0.737500000,0.368750000,0.195194637,0.103133410,0.127010873,0.180450999,0.014633410,0.275279721,-0.161814243,0.103688499,-0.267282661,-0.264686362,0.015188447,-0.159494263,0.141319808,1.278358623,0.520614984,-0.287921037,0.912726370,-0.192358524
interact,0.741666667,0.370833333,0.195194684,0.103133196,0.127010988,0.180451080,0.014633199,0.275279839,-0.161814408,0.103686164,-0.267283290,-0.264686567,0.015186112,-0.159494933,0.141022045,1.278316722,0.520604523,-0.288172673,0.913009557,-0.192490159
interact,0.745833333,0.372916667,0.195194669,0.103133357,0.127011013,0.180451084,0.014633362,0.275279865,-0.161814521,0.103684387,-0.267283769,-0.264686702,0.015184337,-0.159495435,0.140724545,1.278274581,0.520592071,-0.288424230,0.913292816,-0.192621822
interact,0.750000000,0.375000000,0.195194590,0.103133893,0.127010948,0.180451009,0.014633899,0.275279799,-0.161814583,0.103683168,-0.267284099,-0.264686769,0.015183121,-0.159495769,0.140427314,1.278232207,0.520577625,-0.288675710,0.913576147,-0.192753513
interact,0.754166667,0.377083333,0.195194448,0.103134804,0.127010794,0.180450857,0.014634810,0.275279641,-0.161814594,0.103682506,-0.267284279,-0.264686765,0.015182463,-0.159495936,0.140130359,1.278189608,0.520561188,-0.288927111,0.913859549,-0.192885234
interact,0.758333333,0.379166667,0.195194242,0.103136092,0.127010550,0.180450626,0.014636095,0.275279391,-0.161814552,0.103682402,-0.267284310,-0.264686692,0.015182365,-0.159495935,0.139833687,1.278146789,0.520542757,-0.289178434,0.914143023,-0.193016982
interact,0.762500000,0.381250000,0.195193973,0.103137754,0.127010215,0.180450317,0.014637755,0.275279048,-0.161814459,0.103682857,-0.267284192,-0.264686549,0.015182827,-0.159495766,0.139537304,1.278103760,0.520522334,-0.289429678,0.914426568,-0.193148760
interact,0.766666667,0.383333333,0.195193641,0.103139793,0.127009791,0.180449929,0.014639788,0.275278613,-0.161814312,0.103683870,-0.267283924,-0.264686334,0.015183847,-0.159495429,0.139241220,1.278060529,0.520499917,-0.289680843,0.914710185,-0.193280566
interact,0.770833333,0.385416667,0.195193752,0.103139252,0.127010025,0.180450097,0.014639253,0.275278856,-0.161814471,0.103682260,-0.267284309,-0.264686569,0.015182231,-0.159495879,0.139490428,1.278782087,0.520380890,-0.289938448,0.914972355,-0.193351579
interact,0.775000000,0.387500000,0.195193797,0.103139094,0.127010167,0.180450183,0.014639100,0.275279004,-0.161814580,0.103681234,-0.267284537,-0.264686733,0.015181203,-0.159496152,0.139739360,1.279503920,0.520260668,-0.290195960,0.915234606,-0.193422691
interact,0.779166667,0.389583333,0.195193776,0.103139321,0.127010217,0.180450188,0.014639329,0.275279059,-0.161814639,0.103680794,-0.267284609,-0.264686826,0.015180760,-0.159496246,0.139988015,1.280226025,0.520139250,-0.290453378,0.915496937,-0.193493903
interact,0.783333333,0.391666667,0.195193687,0.103139931,0.127010175,0.180450111,0.014639941,0.275279019,-0.161814647,0.103680939,-0.267284525,-0.264686847,0.015180904,-0.159496164,0.140236390,1.280948398,0.520016637,-0.290710704,0.915759349,-0.193565213
interact,0.787500000,0.393750000,0.195193531,0.103140925,0.127010041,0.180449952,0.014640936,0.275278885,-0.161814604,0.103681670,-0.267284283,-0.264686797,0.015181634,-0.159495903,0.140484484,1.281671035,0.519892828,-0.290967937,0.916021842,-0.193636623
interact,0.791666667,0.395833333,0.195193309,0.103142303,0.127009815,0.180449711,0.014642314,0.275278657,-0.161814510,0.103682987,-0.267283885,-0.264686674,0.015182951,-0.159495466,0.140732295,1.282393933,0.519767822,-0.291225076,0.916284415,-0.193708132
interact,0.795833333,0.397916667,0.195193019,0.103144066,0.127009496,0.180449387,0.014644074,0.275278334,-0.161814364,0.103684889,-0.267283331,-0.264686479,0.015184855,-0.159494852,0.140979821,1.283117089,0.519641618,-0.291482122,0.916547068,-0.193779740
interact,0.800000000,0.400000000,0.195192661,0.103146214,0.127009086,0.180448982,0.014646217,0.275277917,-0.161814166,0.103687378,-0.267282620,-0.264686211,0.015187345,-0.159494060,0.141227060,1.283840500,0.519514216,-0.291739074,0.916809802,-0.193851449
interact,0.804166667,0.402083333,0.195192887,0.103145081,0.127009389,0.180449256,0.014645086,0.275278228,-0.161814329,0.103685903,-0.267283042,-0.264686453,0.015185872,-0.159494563,0.141919523,1.284972643,0.519325837,-0.291992556,0.917043197,-0.193865567
interact,0.808333333,0.404166667,0.195193046,0.103144320,0.127009603,0.180449450,0.014644325,0.275278447,-0.161814444,0.103685014,-0.267283308,-0.264686626,0.015184987,-0.159494886,0.142610665,1.286105781,0.519131297,-0.292245942,0.917276704,-0.193879831
interact,0.812500000,0.406250000,0.195193139,0.103143929,0.127009728,0.180449563,0.014643934,0.275278576,-0.161814512,0.103684711,-0.267283417,-0.264686729,0.015184690,-0.159495030,0.143300451,1.287239870,0.518930596,-0.292499230,0.917510321,-0.193894242
interact,0.816666667,0.408333333,0.195193165,0.103143910,0.127009764,0.180449595,0.014643912,0.275278613,-0.161814532,0.103684996,-0.267283369,-0.264686762,0.015184980,-0.159494996,0.143988850,1.288374868,0.518723733,-0.292752421,0.917744049,-0.193908799
interact,0.820833333,0.410416667,0.195193124,0.103144262,0.127009711,0.180449546,0.014644260,0.275278560,-0.161814504,0.103685869,-0.267283165,-0.264686723,0.015185858,-0.159494783,0.144675830,1.289510732,0.518510709,-0.293005514,0.917977887,-0.193923503
interact,0.825000000,0.412500000,0.195193017,0.103144985,0.127009569,0.180449415,0.014644979,0.275278414,-0.161814428,0.103687329,-0.267282805,-0.264686613,0.015187325,-0.159494392,0.145361358,1.290647420,0.518291524,-0.293258510,0.918211835,-0.193938354
interact,0.829166667,0.414583333,0.195192842,0.103146080,0.127009338,0.180449203,0.014646067,0.275278178,-0.161814303,0.103689376,-0.267282288,-0.264686432,0.015189379,-0.159493822,0.146045404,1.291784888,0.518066181,-0.293511407,0.918445894,-0.193953351
interact,0.833333333,0.416666667,0.195192600,0.103147546,0.127009018,0.180448910,0.014647526,0.275277850,-0.161814128,0.103692012,-0.267281614,-0.264686178,0.015192021,-0.159493073,0.146727936,1.292923094,0.517834681,-0.293764207,0.918680062,-0.193968496
interact,0.837500000,0.418750000,0.195193080,0.103144630,0.127009521,0.180449435,0.014644616,0.275278359,-0.161814231,0.103690771,-0.267281942,-0.264686357,0.015190775,-0.159493478,0.147627310,1.294198644,0.517505059,-0.294003660,0.918876759,-0.193929124
interact,0.841666667,0.420833333,0.195193497,0.103142051,0.127009943,0.180449885,0.014642042,0.275278786,-0.161814292,0.103690072,-0.267282127,-0.264686473,0.015190072,-0.159493717,0.148523558,1.295475121,0.517164899,-0.294243023,0.919073610,-0.193889919
interact,0.845833333,0.422916667,0.195193852,0.103139809,0.127010284,0.180450260,0.014639804,0.275279129,-0.161814313,0.103689914,-0.267282167,-0.264686524,0.015189911,-0.159493790,0.149416622,1.296752480,0.516814216,-0.294482294,0.919270613,-0.193850881
interact,0.850000000,0.425000000,0.195194144,0.103137904,0.127010543,0.180450558,0.014637903,0.275279389,-0.161814291,0.103690298,-0.267282063,-0.264686511,0.015190291,-0.159493697,0.150306448,1.298030675,0.516453024,-0.294721474,0.919467769,-0.193812010
interact,0.854166667,0.427083333,0.195194374,0.103136338,0.127010722,0.180450782,0.014636338,0.275279566,-0.161814228,0.103691224,-0.267281815,-0.264686434,0.015191214,-0.159493438,0.151192979,1.299309659,0.516081337,-0.294960563,0.919665077,-0.193773306
interact,0.858333333,0.429166667,0.195194541,0.103135109,0.127010819,0.180450929,0.014635110,0.275279659,-0.161814123,0.103692693,-0.267281423,-0.264686290,0.015192679,-0.159493013,0.152076158,1.300589388,0.515699171,-0.295199560,0.919862537,-0.193734770
interact,0.862500000,0.431250000,0.195194645,0.103134217,0.127010836,0.180451000,0.014634218,0.275279670,-0.161813975,0.103694703,-0.267280887,-0.264686082,0.015194686,-0.159492422,0.152955929,1.301869814,0.515306541,-0.295438466,0.920060148,-0.193696401
interact,0.866666667,0.433333333,0.195194687,0.103133664,0.127010771,0.180450996,0.014633662,0.275279597,-0.161813784,0.103697257,-0.267280207,-0.264685807,0.015197235,-0.159491665,0.153832238,1.303150892,0.514903464,-0.295677280,0.920257911,-0.193658201
interact,0.870833333,0.435416667,0.195194799,0.103133163,0.127010923,0.180451141,0.014633162,0.275279757,-0.161813926,0.103694668,-0.267280884,-0.264686028,0.015194646,-0.159492428,0.154715310,1.304292779,0.514393813,-0.295893117,0.920410212,-0.193568298
interact,0.875000000,0.437500000,0.195194861,0.103132915,0.127011012,0.180451226,0.014632913,0.275279852,-0.161814034,0.103692547,-0.267281437,-0.264686195,0.015192525,-0.159493046,0.155593218,1.305434847,0.513872857,-0.296108878,0.920562712,-0.193478553
interact,0.879166667,0.439583333,0.195194874,0.103132920,0.127011038,0.180451250,0.014632916,0.275279883,-0.161814108,0.103690893,-0.267281867,-0.264686305,0.015190870,-0.159493520,0.156465890,1.306577056,0.513340633,-0.296324565,0.920715413,-0.193388967
interact,0.883333333,0.441666667,0.195194837,0.103133178,0.127011002,0.180451215,0.014633172,0.275279850,-0.161814148,0.103689706,-0.267282173,-0.264686361,0.015189682,-0.159493850,0.157333255,1.307719364,0.512797175,-0.296540175,0.920868314,-0.193299540
interact,0.887500000,0.443750000,0.195194750,0.103133690,0.127010904,0.180451119,0.014633680,0.275279753,-0.161814155,0.103688987,-0.267282355,-0.264686360,0.015188962,-0.159494035,0.158195241,1.308861729,0.512242519,-0.296755711,0.921021414,-0.193210273
interact,0.891666667,0.445833333,0.195194613,0.103134454,0.127010743,0.180450962,0.014634440,0.275279592,-0.161814127,0.103688736,-0.267282414,-0.264686303,0.015188709,-0.159494077,0.159051778,1.310004111,0.511676701,-0.296971171,0.921174712,-0.193121166
interact,0.895833333,0.447916667,0.195194426,0.103135473,0.127010520,0.180450745,0.014635453,0.275279367,-0.161814064,0.103688952,-0.267282349,-0.264686190,0.015188923,-0.159493974,0.159902794,1.311146469,0.511099758,-0.297186555,0.921328210,-0.193032219
interact,0.900000000,0.450000000,0.195194189,0.103136745,0.127010235,0.180450468,0.014636718,0.275279078,-0.161813967,0.103689636,-0.267282159,-0.264686020,0.015189604,-0.159493727,0.160748219,1.312288758,0.510511727,-0.297401863,0.921481906,-0.192943432
interact,0.904166667,0.452083333,0.195194244,0.103136582,0.127010329,0.180450553,0.014636559,0.275279171,-0.161814044,0.103688893,-0.267282331,-0.264686165,0.015188864,-0.159493948,0.161437050,1.312997330,0.509849678,-0.297584438,0.921582005,-0.192805628
interact,0.908333333,0.454166667,0.195194264,0.103136586,0.127010380,0.180450594,0.014636566,0.275279219,-0.161814100,0.103688469,-0.267282419,-0.264686269,0.015188444,-0.159494068,0.162119350,1.313705228,0.509179363,-0.297766961,0.921682352,-0.192667946
interact,0.912500000,0.456250000,0.195194247,0.103136756,0.127010388,0.180450592,0.014636739,0.275279224,-0.161814134,0.103688366,-0.267282422,-0.264686335,0.015188343,-0.159494088,0.162795063,1.314412448,0.508500828,-0.297949433,0.921782947,-0.192530387
interact,0.916666667,0.458333333,0.195194195,0.103137092,0.127010353,0.180450547,0.014637077,0.275279184,-0.161814146,0.103688583,-0.267282341,-0.264686360,0.015188561,-0.159494007,0.163464137,1.315118983,0.507814119,-0.298131852,0.921883790,-0.192392952
interact,0.920833333,0.460416667,0.195194108,0.103137594,0.127010275,0.180450458,0.014637580,0.275279100,-0.161814135,0.103689121,-0.267282176,-0.264686345,0.015189099,-0.159493825,0.164126519,1.315824829,0.507119280,-0.298314220,0.921984880,-0.192255639
interact,0.925000000,0.462500000,0.195193984,0.103138263,0.127010155,0.180450326,0.014638249,0.275278972,-0.161814102,0.103689979,-0.267281925,-0.264686290,0.015189956,-0.159493542,0.164782154,1.316529979,0.506416360,-0.298496536,0.922086218,-0.192118450
interact,0.929166667,0.464583333,0.195193824,0.103139098,0.127009992,0.180450150,0.014639083,0.275278800,-0.161814047,0.103691157,-0.267281591,-0.264686195,0.015191132,-0.159493159,0.165430992,1.317234430,0.505705404,-0.298678799,0.922187803,-0.191981386
interact,0.933333333,0.466666667,0.195193629,0.103140100,0.127009786,0.180449930,0.014640083,0.275278585,-0.161813970,0.103692655,-0.267281171,-0.264686060,0.015192628,-0.159492674,0.166072980,1.317938175,0.504986458,-0.298861010,0.922289635,-0.191844446
interact,0.937500000,0.468750000,0.195193668,0.103140112,0.127009841,0.180449984,0.014640095,0.275278644,-0.161813998,0.103692363,-0.267281297,-0.264686126,0.015192336,-0.159492836,0.166467495,1.317860257,0.504265845,-0.299000863,0.922329754,-0.191660921
interact,0.941666667,0.470833333,0.195193686,0.103140204,0.127009874,0.180450013,0.014640186,0.275278679,-0.161814015,0.103692240,-0.267281379,-0.264686169,0.015192213,-0.159492943,0.166855114,1.317781639,0.503541321,-0.299140692,0.922370168,-0.191477456
interact,0.945833333,0.472916667,0.195193683,0.103140375,0.127009883,0.180450015,0.014640355,0.275278690,-0.161814020,0.103692287,-0.267281417,-0.264686187,0.015192257,-0.159492995,0.167235820,1.317702320,0.502812924,-0.299280497,0.922410877,-0.191294051
interact,0.950000000,0.475000000,0.195193659,0.103140625,0.127009869,0.180449993,0.014640603,0.275278676,-0.161814014,0.103692502,-0.267281411,-0.264686182,0.015192470,-0.159492992,0.167609597,1.317622298,0.502080696,-0.299420279,0.922451881,-0.191110706
interact,0.954166667,0.477083333,0.195193614,0.103140955,0.127009831,0.180449944,0.014640930,0.275278639,-0.161813996,0.103692887,-0.267281360,-0.264686152,0.015192850,-0.159492934,0.167976428,1.317541572,0.501344676,-0.299560036,0.922493180,-0.190927423
interact,0.958333333,0.479166667,0.195193548,0.103141364,0.127009770,0.180449870,0.014641336,0.275278578,-0.161813966,0.103693441,-0.267281265,-0.264686098,0.015193399,-0.159492820,0.168336298,1.317460141,0.500604905,-0.299699770,0.922534773,-0.190744201
interact,0.962500000,0.481250000,0.195193461,0.103141852,0.127009686,0.180449770,0.014641820,0.275278492,-0.161813925,0.103694165,-0.267281126,-0.264686020,0.015194115,-0.159492652,0.168689194,1.317378003,0.499861423,-0.299839479,0.922576661,-0.190561040
interact,0.966666667,0.483333333,0.195193353,0.103142420,0.127009579,0.180449645,0.014642384,0.275278383,-0.161813872,0.103695057,-0.267280942,-0.264685917,0.015195000,-0.159492428,0.169035100,1.317295150,0.499114272,-0.299979164,0.922618842,-0.190377942
interact,0.970833333,0.485416667,0.195193378,0.103142511,0.127009605,0.180449682,0.014642477,0.275278409,-0.161813900,0.103695017,-0.267280924,-0.264685968,0.015194961,-0.159492426,0.169098978,1.316066834,0.498448163,-0.300066957,0.922591090,-0.190150559
interact,0.975000000,0.487500000,0.195193393,0.103142616,0.127009623,0.180449707,0.014642585,0.275278427,-0.161813924,0.103695019,-0.267280896,-0.264686008,0.015194965,-0.159492409,0.169155073,1.314838439,0.497778182,-0.300154755,0.922563678,-0.189923151
interact,0.979166667,0.489583333,0.195193400,0.103142737,0.127009632,0.180449722,0.014642707,0.275278436,-0.161813942,0.103695065,-0.267280857,-0.264686037,0.015195011,-0.159492377,0.169203381,1.313610033,0.497104341,-0.300242558,0.922536607,-0.189695717
interact,0.983333333,0.491666667,0.195193397,0.103142872,0.127009633,0.180449726,0.014642844,0.275278436,-0.161813956,0.103695154,-0.267280807,-0.264686055,0.015195099,-0.159492329,0.169243900,1.312381687,0.496426654,-0.300330366,0.922509876,-0.189468259
interact,0.987500000,0.493750000,0.195193386,0.103143023,0.127009626,0.180449719,0.014642995,0.275278428,-0.161813965,0.103695286,-0.267280746,-0.264686062,0.015195229,-0.159492265,0.169276626,1.311153471,0.495745134,-0.300418179,0.922483486,-0.189240776
interact,0.991666667,0.495833333,0.195193366,0.103143188,0.127009611,0.180449700,0.014643161,0.275278411,-0.161813968,0.103695462,-0.267280675,-0.264686058,0.015195402,-0.159492186,0.169301557,1.309925453,0.495059795,-0.300505996,0.922457436,-0.189013269
interact,0.995833333,0.497916667,0.195193336,0.103143368,0.127009587,0.180449671,0.014643342,0.275278386,-0.161813967,0.103695681,-0.267280592,-0.264686043,0.015195616,-0.159492092,0.169318693,1.308697704,0.494370651,-0.300593818,0.922431726,-0.188785739
interact,1.000000000,0.500000000,0.195193298,0.103143564,0.127009556,0.180449630,0.014643537,0.275278352,-0.161813961,0.103695943,-0.267280500,-0.264686017,0.015195873,-0.159491982,0.169328033,1.307470294,0.493677716,-0.300681644,0.922406357,-0.188558186
interact,1.004166667,0.502083333,0.195193280,0.103143588,0.127009550,0.180449615,0.014643567,0.275278354,-0.161813969,0.103696016,-0.267280453,-0.264686035,0.015195960,-0.159491944,0.169261993,1.305279985,0.493041852,-0.300736242,0.922345164,-0.188313265
interact,1.008333333,0.504166667,0.195193258,0.103143612,0.127009542,0.180449593,0.014643597,0.275278354,-0.161813974,0.103696096,-0.267280406,-0.264686046,0.015196054,-0.159491904,0.169185376,1.303090160,0.492395874,-0.300790857,0.922284316,-0.188068276
interact,1.012500000,0.506250000,0.195193232,0.103143635,0.127009530,0.180449566,0.014643626,0.275278350,-0.161813975,0.103696182,-0.267280357,-0.264686052,0.015196154,-0.159491861,0.169098151,1.300900974,0.491739789,-0.300845487,0.922223811,-0.187823218
interact,1.016666667,0.508333333,0.195193200,0.103143659,0.127009515,0.180449534,0.014643655,0.275278342,-0.161813972,0.103696276,-0.267280308,-0.264686052,0.015196259,-0.159491817,0.169000290,1.298712579,0.491073601,-0.300900134,0.922163651,-0.187578092
interact,1.020833333,0.510416667,0.195193165,0.103143682,0.127009496,0.180449497,0.014643683,0.275278331,-0.161813966,0.103696375,-0.267280258,-0.264686046,0.015196371,-0.159491769,0.168891764,1.296525133,0.490397319,-0.300954798,0.922103835,-0.187332899
interact,1.025000000,0.512500000,0.195193125,0.103143705,0.127009475,0.180449454,0.014643711,0.275278316,-0.161813956,0.103696482,-0.267280207,-0.264686034,0.015196488,-0.159491720,0.168772548,1.294338788,0.489710952,-0.301009477,0.922044364,-0.187087640
interact,1.029166667,0.514583333,0.195193080,0.103143728,0.127009450,0.180449405,0.014643739,0.275278298,-0.161813942,0.103696595,-0.267280156,-0.264686016,0.015196611,-0.159491667,0.168642615,1.292153701,0.489014512,-0.301064172,0.921985237,-0.186842313
interact,1.033333333,0.516666667,0.195193031,0.103143750,0.127009421,0.180449351,0.014643766,0.275278276,-0.161813925,0.103696714,-0.267280103,-0.264685992,0.015196740,-0.159491613,0.168501945,1.289970022,0.488308010,-0.301118883,0.921926455,-0.186596921
interact,1.037500000,0.518750000,0.195193040,0.103143820,0.127009435,0.180449360,0.014643833,0.275278282,-0.161813938,0.103696773,-0.267280090,-0.264686011,0.015196798,-0.159491603,0.168520118,1.287287707,0.487588919,-0.301164185,0.921872721,-0.186365633
interact,1.041666667,0.520833333,0.195193046,0.103143889,0.127009447,0.180449365,0.014643900,0.275278286,-0.161813948,0.103696837,-0.267280076,-0.264686025,0.015196859,-0.159491592,0.168525480,1.284606246,0.486854589,-0.301209500,0.921819277,-0.186134290
interact,1.045833333,0.522916667,0.195193049,0.103143958,0.127009458,0.180449367,0.014643967,0.275278289,-0.161813957,0.103696905,-0.267280062,-0.264686037,0.015196925,-0.159491579,0.168517973,1.281925869,0.486105034,-0.301254828,0.921766124,-0.185902893
interact,1.050000000,0.525000000,0.195193049,0.103144026,0.127009467,0.180449366,0.014644033,0.275278290,-0.161813963,0.103696978,-0.267280047,-0.264686044,0.015196995,-0.159491565,0.168497542,1.279246804,0.485340267,-0.301300168,0.921713262,-0.185671442
interact,1.054166667,0.527083333,0.195193047,0.103144094,0.127009474,0.180449362,0.014644098,0.275278289,-0.161813967,0.103697055,-0.267280031,-0.264686049,0.015197069,-0.159491550,0.168464134,1.276569280,0.484560308,-0.301345522,0.921660692,-0.185439937
interact,1.058333333,0.529166667,0.195193043,0.103144162,0.127009480,0.180449354,0.014644164,0.275278287,-0.161813969,0.103697137,-0.267280016,-0.264686050,0.015197147,-0.159491533,0.168417699,1.273893529,0.483765178,-0.301390889,0.921608412,-0.185208379
interact,1.062500000,0.531250000,0.195193036,0.103144230,0.127009484,0.180449343,0.014644229,0.275278282,-0.161813969,0.103697224,-0.267279999,-0.264686047,0.015197230,-0.159491515,0.168358189,1.271219779,0.482954899,-0.301436268,0.921556424,-0.184976768
interact,1.066666667,0.533333333,0.195193026,0.103144297,0.127009487,0.180449329,0.014644293,0.275278277,-0.161813967,0.103697316,-0.267279983,-0.264686041,0.015197316,-0.159491495,0.168285556,1.268548261,0.482129498,-0.301481660,0.921504727,-0.184745104
interact,1.070833333,0.535416667,0.195193029,0.103144309,0.127009455,0.180449335,0.014644301,0.275278244,-0.161813949,0.103697350,-0.267280003,-0.264686021,0.015197346,-0.159491514,0.168391454,1.265430241,0.481273932,-0.301515995,0.921459930,-0.184536635
interact,1.075000000,0.537500000,0.195193031,0.103144321,0.127009422,0.180449340,0.014644308,0.275278211,-0.161813930,0.103697387,-0.267280023,-0.264685999,0.015197378,-0.159491533,0.168482456,1.262313975,0.480397485,-0.301550339,0.921415354,-0.184328126
interact,1.079166667,0.539583333,0.195193032,0.103144334,0.127009389,0.180449344,0.014644316,0.275278178,-0.161813910,0.103697427,-0.267280043,-0.264685976,0.015197412,-0.159491552,0.168558470,1.259199785,0.479500185,-0.301584693,0.921370998,-0.184119579
interact,1.083333333,0.541666667,0.195193032,0.103144346,0.127009356,0.180449346,0.014644323,0.275278144,-0.161813890,0.103697470,-0.267280062,-0.264685952,0.015197449,-0.159491569,0.168619412,1.256087990,0.478582066,-0.301619056,0.921326861,-0.183910993
interact,1.087500000,0.543750000,0.195193031,0.103144358,0.127009322,0.180449347,0.014644331,0.275278110,-0.161813868,0.103697515,-0.267280082,-0.264685926,0.015197489,-0.159491586,0.168665199,1.252978906,0.477643165,-0.301653428,0.921282945,-0.183702369
interact,1.091666667,0.545833333,0.195193029,0.103144370,0.127009288,0.180449346,0.014644338,0.275278075,-0.161813846,0.103697563,-0.267280101,-0.264685899,0.015197531,-0.159491603,0.168695752,1.249872852,0.476683524,-0.301687810,0.921239250,-0.183493707
interact,1.095833333,0.547916667,0.195193025,0.103144382,0.127009253,0.180449344,0.014644346,0.275278040,-0.161813822,0.103697614,-0.267280120,-0.264685870,0.015197575,-0.159491619,0.168710994,1.246770146,0.475703189,-0.301722200,0.921195774,-0.183285006
interact,1.100000000,0.550000000,0.195193021,0.103144394,0.127009218,0.180449341,0.014644353,0.275278004,-0.161813798,0.103697668,-0.267280139,-0.264685840,0.015197622,-0.159491635,0.168710853,1.243671106,0.474702212,-0.301756600,0.921152519,-0.183076268
interact,1.104166667,0.552083333,0.195193030,0.103144365,0.127009256,0.180449347,0.014644330,0.275278050,-0.161813798,0.103697664,-0.267280112,-0.264685837,0.015197619,-0.159491602,0.168907979,1.240179164,0.473654714,-0.301778187,0.921117729,-0.182899760
interact,1.108333333,0.554166667,0.195193039,0.103144337,0.127009293,0.180449352,0.014644308,0.275278095,-0.161813797,0.103697661,-0.267280085,-0.264685835,0.015197617,-0.159491569,0.169088226,1.236690942,0.472580650,-0.301799780,0.921083079,-0.182723229
interact,1.112500000,0.556250000,0.195193048,0.103144309,0.127009331,0.180449357,0.014644287,0.275278140,-0.161813797,0.103697659,-0.267280058,-0.264685832,0.015197616,-0.159491537,0.169251513,1.233206749,0.471480052,-0.301821379,0.921048571,-0.182546674
interact,1.116666667,0.558333333,0.195193057,0.103144282,0.127009369,0.180449362,0.014644266,0.275278186,-0.161813796,0.103697659,-0.267280031,-0.264685829,0.015197616,-0.159491504,0.169397760,1.229726888,0.470352949,-0.301842983,0.921014203,-0.182370096
interact,1.120833333,0.560416667,0.195193065,0.103144256,0.127009406,0.180449367,0.014644245,0.275278231,-0.161813796,0.103697660,-0.267280004,-0.264685826,0.015197618,-0.159491471,0.169526889,1.226251666,0.469199380,-0.301864593,0.920979976,-0.182193494
interact,1.125000000,0.562500000,0.195193074,0.103144230,0.127009444,0.180449371,0.014644225,0.275278276,-0.161813795,0.103697662,-0.267279976,-0.264685823,0.015197621,-0.159491437,0.169638825,1.222781390,0.468019381,-0.301886208,0.920945891,-0.182016870
interact,1.129166667,0.564583333,0.195193082,0.103144204,0.127009482,0.180449375,0.014644206,0.275278321,-0.161813794,0.103697665,-0.267279949,-0.264685819,0.015197625,-0.159491404,0.169733492,1.219316367,0.466812996,-0.301907829,0.920911946,-0.181840222
interact,1.133333333,0.566666667,0.195193091,0.103144180,0.127009520,0.180449379,0.014644188,0.275278367,-0.161813793,0.103697670,-0.267279922,-0.264685816,0.015197630,-0.159491371,0.169810818,1.215856906,0.465580270,-0.301929456,0.920878143,-0.181663552
interact,1.137500000,0.568750000,0.195193087,0.103144138,0.127009515,0.180449377,0.014644145,0.275278362,-0.161813797,0.103697679,-0.267279916,-0.264685821,0.015197639,-0.159491368,0.170100421,1.212051109,0.464294000,-0.301936518,0.920855212,-0.181528652
interact,1.141666667,0.570833333,0.195193083,0.103144099,0.127009509,0.180449375,0.014644105,0.275278356,-0.161813801,0.103697689,-0.267279909,-0.264685825,0.015197650,-0.159491365,0.170371562,1.208251640,0.462975496,-0.301943582,0.920832341,-0.181393743
interact,1.145833333,0.572916667,0.195193079,0.103144061,0.127009502,0.180449371,0.014644066,0.275278348,-0.161813804,0.103697699,-0.267279903,-0.264685829,0.015197661,-0.159491362,0.170624133,1.204458884,0.461624821,-0.301950649,0.920809528,-0.181258824
interact,1.150000000,0.575000000,0.195193074,0.103144024,0.127009494,0.180449368,0.014644029,0.275278340,-0.161813807,0.103697710,-0.267279896,-0.264685833,0.015197672,-0.159491358,0.170858030,1.200673229,0.460242040,-0.301957718,0.920786774,-0.181123896
interact,1.154166667,0.577083333,0.195193069,0.103143990,0.127009485,0.180449363,0.014643993,0.275278330,-0.161813810,0.103697722,-0.267279889,-0.264685836,0.015197685,-0.159491354,0.171073148,1.196895064,0.458827224,-0.301964789,0.920764079,-0.180988959
interact,1.158333333,0.579166667,0.195193063,0.103143957,0.127009475,0.180449358,0.014643959,0.275278320,-0.161813813,0.103697735,-0.267279882,-0.264685839,0.015197698,-0.159491349,0.171269386,1.193124776,0.457380448,-0.301971862,0.920741443,-0.180854013
interact,1.162500000,0.581250000,0.195193057,0.103143926,0.127009464,0.180449353,0.014643926,0.275278308,-0.161813816,0.103697748,-0.267279874,-0.264685841,0.015197712,-0.159491344,0.171446645,1.189362755,0.455901794,-0.301978938,0.920718867,-0.180719058
interact,1.166666667,0.583333333,0.195193050,0.103143896,0.127009452,0.180449346,0.014643896,0.275278295,-0.161813818,0.103697762,-0.267279867,-0.264685843,0.015197726,-0.159491338,0.171604829,1.185609388,0.454391347,-0.301986016,0.920696349,-0.180584094
interact,1.170833333,0.585416667,0.195193069,0.103143854,0.127009470,0.180449367,0.014643853,0.275278306,-0.161813834,0.103697690,-0.267279927,-0.264685869,0.015197655,-0.159491408,0.171989393,1.181568138,0.452819435,-0.301976725,0.920686255,-0.180499981
interact,1.175000000,0.587500000,0.195193084,0.103143814,0.127009483,0.180449383,0.014643813,0.275278313,-0.161813848,0.103697622,-0.267279985,-0.264685892,0.015197586,-0.159491476,0.172354223,1.177536723,0.451210180,-0.301967435,0.920676161,-0.180415868
interact,1.179166667,0.589583333,0.195193096,0.103143778,0.127009492,0.180449396,0.014643776,0.275278315,-0.161813859,0.103697556,-0.267280043,-0.264685912,0.015197520,-0.159491542,0.172699187,1.173515609,0.449563689,-0.301958144,0.920666065,-0.180331755
interact,1.183333333,0.591666667,0.195193105,0.103143745,0.127009497,0.180449405,0.014643743,0.275278313,-0.161813869,0.103697493,-0.267280100,-0.264685927,0.015197456,-0.159491605,0.173024154,1.169505258,0.447880077,-0.301948854,0.920655968,-0.180247641
interact,1.187500000,0.593750000,0.195193110,0.103143716,0.127009497,0.180449410,0.014643712,0.275278306,-0.161813876,0.103697433,-0.267280156,-0.264685939,0.015197395,-0.159491666,0.173328997,1.165506136,0.446159464,-0.301939564,0.920645870,-0.180163527
interact,1.191666667,0.595833333,0.195193112,0.103143689,0.127009493,0.180449412,0.014643684,0.275278294,-0.161813881,0.103697376,-0.267280211,-0.264685947,0.015197337,-0.159491725,0.173613589,1.161518707,0.444401978,-0.301930273,0.920635771,-0.180079413
interact,1.195833333,0.597916667,0.195193111,0.103143666,0.127009484,0.180449409,0.014643659,0.275278278,-0.161813884,0.103697322,-0.267280265,-0.264685951,0.015197281,-0.159491781,0.173877808,1.157543438,0.442607752,-0.301920983,0.920625671,-0.179995299
interact,1.200000000,0.600000000,0.195193107,0.103143646,0.127009471,0.180449403,0.014643636,0.275278256,-0.161813885,0.103697271,-0.267280318,-0.264685951,0.015197227,-0.159491835,0.174121530,1.153580795,0.440776925,-0.301911693,0.920615570,-0.179911185
interact,1.204166667,0.602083333,0.195193156,0.103143564,0.127009530,0.180449460,0.014643562,0.275278324,-0.161813899,0.103697210,-0.267280320,-0.264685980,0.015197175,-0.159491848,0.174603301,1.149406145,0.438876707,-0.301884592,0.920618720,-0.179886283
interact,1.208333333,0.604166667,0.195193197,0.103143488,0.127009579,0.180449509,0.014643491,0.275278382,-0.161813908,0.103697155,-0.267280321,-0.264686001,0.015197128,-0.159491856,0.175064331,1.145245536,0.436935197,-0.301857490,0.920621855,-0.179861382
interact,1.212500000,0.606250000,0.195193231,0.103143416,0.127009620,0.180449549,0.014643424,0.275278432,-0.161813911,0.103697107,-0.267280319,-0.264686012,0.015197088,-0.159491858,0.175504462,1.141099494,0.434952562,-0.301830388,0.920624972,-0.179836483
interact,1.216666667,0.608333333,0.195193257,0.103143349,0.127009653,0.180449581,0.014643362,0.275278471,-0.161813910,0.103697067,-0.267280315,-0.264686014,0.015197053,-0.159491856,0.175923542,1.136968547,0.432928977,-0.301803285,0.920628074,-0.179811584
interact,1.220833333,0.610416667,0.195193277,0.103143286,0.127009676,0.180449604,0.014643303,0.275278502,-0.161813903,0.103697033,-0.267280309,-0.264686008,0.015197025,-0.159491849,0.176321420,1.132853221,0.430864622,-0.301776183,0.920631159,-0.179786686
interact,1.225000000,0.612500000,0.195193289,0.103143229,0.127009690,0.180449619,0.014643249,0.275278523,-0.161813891,0.103697006,-0.267280301,-0.264685992,0.015197003,-0.159491838,0.176697949,1.128754041,0.428759689,-0.301749080,0.920634228,-0.179761789
interact,1.229166667,0.614583333,0.195193293,0.103143175,0.127009696,0.180449625,0.014643199,0.275278535,-0.161813873,0.103696986,-0.267280291,-0.264685968,0.015196987,-0.159491821,0.177052982,1.124671532,0.426614374,-0.301721977,0.920637280,-0.179736892
interact,1.233333333,0.616666667,0.195193291,0.103143127,0.127009692,0.180449622,0.014643153,0.275278538,-0.161813850,0.103696973,-0.267280279,-0.264685935,0.015196977,-0.159491800,0.177386378,1.120606221,0.424428883,-0.301694874,0.920640316,-0.179711997
interact,1.237500000,0.618750000,0.195193348,0.103142942,0.127009733,0.180449681,0.014642961,0.275278574,-0.161813885,0.103696804,-0.267280316,-0.264685984,0.015196808,-0.159491852,0.177962777,1.116435948,0.422183062,-0.301653316,0.920653866,-0.179733719
interact,1.241666667,0.620833333,0.195193393,0.103142763,0.127009760,0.180449726,0.014642774,0.275278596,-0.161813912,0.103696645,-0.267280350,-0.264686018,0.015196649,-0.159491897,0.178517549,1.112284002,0.419894038,-0.301611759,0.920667422,-0.179755437
interact,1.245833333,0.622916667,0.195193427,0.103142590,0.127009774,0.180449757,0.014642592,0.275278605,-0.161813930,0.103696498,-0.267280380,-0.264686038,0.015196500,-0.159491934,0.179050523,1.108150944,0.417562043,-0.301570203,0.920680983,-0.179777150
interact,1.250000000,0.625000000,0.195193449,0.103142423,0.127009775,0.180449775,0.014642415,0.275278599,-0.161813939,0.103696362,-0.267280408,-0.264686044,0.015196360,-0.159491964,0.179561528,1.104037331,0.415187313,-0.301528648,0.920694549,-0.179798860
interact,1.254166667,0.627083333,0.195193459,0.103142262,0.127009762,0.180449779,0.014642244,0.275278579,-0.161813940,0.103696236,-0.267280432,-0.264686035,0.015196231,-0.159491986,0.180050397,1.099943720,0.412770095,-0.301487094,0.920708120,-0.179820565
interact,1.258333333,0.629166667,0.195193458,0.103142107,0.127009735,0.180449770,0.014642077,0.275278545,-0.161813931,0.103696122,-0.267280454,-0.264686012,0.015196110,-0.159492001,0.180516967,1.095870668,0.410310644,-0.301445542,0.920721697,-0.179842266
interact,1.262500000,0.631250000,0.195193445,0.103141958,0.127009695,0.180449747,0.014641916,0.275278497,-0.161813915,0.103696019,-0.267280472,-0.264685975,0.015196000,-0.159492009,0.180961073,1.091818728,0.407809223,-0.301403990,0.920735278,-0.179863963
interact,1.266666667,0.633333333,0.195193420,0.103141815,0.127009641,0.180449710,0.014641761,0.275278434,-0.161813889,0.103695928,-0.267280487,-0.264685923,0.015195899,-0.159492009,0.181382558,1.087788456,0.405266104,-0.301362439,0.920748865,-0.179885656
interact,1.270833333,0.635416667,0.195193482,0.103141689,0.127009718,0.180449783,0.014641642,0.275278514,-0.161813924,0.103695793,-0.267280524,-0.264685991,0.015195774,-0.159492066,0.182043386,1.083765365,0.402691149,-0.301311574,0.920768788,-0.179934109
interact,1.275000000,0.637500000,0.195193528,0.103141571,0.127009777,0.180449837,0.014641530,0.275278576,-0.161813948,0.103695673,-0.267280556,-0.264686040,0.015195662,-0.159492113,0.182681798,1.079764293,0.400073430,-0.301260712,0.920788742,-0.179982553
interact,1.279166667,0.639583333,0.195193558,0.103141459,0.127009819,0.180449874,0.014641424,0.275278619,-0.161813960,0.103695567,-0.267280585,-0.264686070,0.015195563,-0.159492151,0.183297616,1.075785796,0.397413233,-0.301209852,0.920808726,-0.180030988
interact,1.283333333,0.641666667,0.195193574,0.103141355,0.127009844,0.180449892,0.014641324,0.275278645,-0.161813960,0.103695476,-0.267280609,-0.264686081,0.015195476,-0.159492179,0.183890660,1.071830427,0.394710849,-0.301158995,0.920828742,-0.180079412
interact,1.287500000,0.643750000,0.195193574,0.103141258,0.127009851,0.180449893,0.014641230,0.275278652,-0.161813949,0.103695399,-0.267280630,-0.264686073,0.015195401,-0.159492198,0.184460754,1.067898737,0.391966583,-0.301108139,0.920848789,-0.180127827
interact,1.291666667,0.645833333,0.195193558,0.103141168,0.127009841,0.180449876,0.014641143,0.275278640,-0.161813926,0.103695337,-0.267280646,-0.264686046,0.015195339,-0.159492207,0.185007724,1.063991276,0.389180743,-0.301057286,0.920868867,-0.180176232
interact,1.295833333,0.647916667,0.195193527,0.103141085,0.127009813,0.180449841,0.014641061,0.275278611,-0.161813892,0.103695289,-0.267280659,-0.264685999,0.015195290,-0.159492206,0.185531400,1.060108591,0.386353651,-0.301006436,0.920888976,-0.180224628
interact,1.300000000,0.650000000,0.195193481,0.103141009,0.127009767,0.180449788,0.014640986,0.275278563,-0.161813845,0.103695256,-0.267280668,-0.264685933,0.015195253,-0.159492196,0.186031616,1.056251230,0.383485634,-0.300955587,0.920909116,-0.180273014
interact,1.304166667,0.652083333,0.195193559,0.103140859,0.127009857,0.180449874,0.014640843,0.275278662,-0.161813915,0.103695095,-0.267280706,-0.264686028,0.015195096,-0.159492251,0.186760799,1.052480149,0.380622917,-0.300896542,0.920934883,-0.180345132
interact,1.308333333,0.654166667,0.195193619,0.103140716,0.127009927,0.180449940,0.014640707,0.275278741,-0.161813972,0.103694950,-0.267280739,-0.264686100,0.015194954,-0.159492295,0.187467149,1.048734036,0.377719622,-0.300837500,0.920960711,-0.180417233
interact,1.312500000,0.656250000,0.195193661,0.103140581,0.127009976,0.180449985,0.014640577,0.275278798,-0.161814014,0.103694821,-0.267280768,-0.264686150,0.015194825,-0.159492329,0.188150449,1.045013397,0.374776069,-0.300778462,0.920986602,-0.180489318
interact,1.316666667,0.658333333,0.195193685,0.103140454,0.127010006,0.180450009,0.014640454,0.275278835,-0.161814043,0.103694709,-0.267280793,-0.264686178,0.015194710,-0.159492351,0.188810485,1.041318736,0.371792584,-0.300719428,0.921012554,-0.180561388
interact,1.320833333,0.660416667,0.195193691,0.103140334,0.127010016,0.180450013,0.014640337,0.275278850,-0.161814059,0.103694613,-0.267280812,-0.264686183,0.015194609,-0.159492362,0.189447048,1.037650554,0.368769502,-0.300660398,0.921038568,-0.180633441
interact,1.325000000,0.662500000,0.195193680,0.103140223,0.127010005,0.180449996,0.014640228,0.275278844,-0.161814060,0.103694533,-0.267280828,-0.264686166,0.015194522,-0.159492363,0.190059927,1.034009351,0.365707165,-0.300601371,0.921064645,-0.180705477
interact,1.329166667,0.664583333,0.195193651,0.103140119,0.127009974,0.180449958,0.014640125,0.275278817,-0.161814047,0.103694469,-0.267280839,-0.264686126,0.015194449,-0.159492353,0.190648918,1.030395623,0.362605924,-0.300542349,0.921090783,-0.180777498
interact,1.333333333,0.666666667,0.195193604,0.103140023,0.127009923,0.180449900,0.014640029,0.275278769,-0.161814021,0.103694422,-0.267280846,-0.264686063,0.015194390,-0.159492331,0.191213816,1.026809866,0.359466135,-0.300483330,0.921116983,-0.180849502
interact,1.337500000,0.668750000,0.195193707,0.103139915,0.127010011,0.180450016,0.014639923,0.275278862,-0.161814071,0.103694276,-0.267280911,-0.264686145,0.015194248,-0.159492423,0.191988781,1.023380055,0.356380767,-0.300417224,0.921147577,-0.180942305
interact,1.341666667,0.670833333,0.195193790,0.103139814,0.127010077,0.180450110,0.014639824,0.275278933,-0.161814106,0.103694147,-0.267280971,-0.264686203,0.015194120,-0.159492503,0.192740718,1.019976965,0.353258411,-0.300351123,0.921178264,-0.181035086
interact,1.345833333,0.672916667,0.195193855,0.103139723,0.127010123,0.180450182,0.014639732,0.275278981,-0.161814127,0.103694034,-0.267281026,-0.264686237,0.015194007,-0.159492571,0.193469416,1.016601049,0.350099411,-0.300285028,0.921209044,-0.181127845
interact,1.350000000,0.675000000,0.195193902,0.103139639,0.127010147,0.180450232,0.014639647,0.275279007,-0.161814134,0.103693937,-0.267281077,-0.264686247,0.015193907,-0.159492628,0.194174666,1.013252759,0.346904119,-0.300218938,0.921239918,-0.181220581
interact,1.354166667,0.677083333,0.195193929,0.103139564,0.127010150,0.180450261,0.014639570,0.275279011,-0.161814125,0.103693857,-0.267281123,-0.264686234,0.015193822,-0.159492674,0.194856265,1.009932546,0.343672893,-0.300152853,0.921270886,-0.181313294
interact,1.358333333,0.679166667,0.195193938,0.103139498,0.127010132,0.180450268,0.014639500,0.275278993,-0.161814102,0.103693793,-0.267281164,-0.264686197,0.015193751,-0.159492708,0.195514009,1.006640858,0.340406098,-0.300086773,0.921301946,-0.181405985
interact,1.362500000,0.681250000,0.195193929,0.103139439,0.127010092,0.180450253,0.014639437,0.275278952,-0.161814064,0.103693746,-0.267281201,-0.264686135,0.015193694,-0.159492731,0.196147699,1.003378138,0.337104109,-0.300020699,0.921333101,-0.181498654
interact,1.366666667,0.683333333,0.195193901,0.103139390,0.127010031,0.180450217,0.014639382,0.275278889,-0.161814011,0.103693716,-0.267281233,-0.264686050,0.015193651,-0.159492742,0.196757136,1.000144827,0.333767304,-0.299954630,0.921364348,-0.181591299
interact,1.370833333,0.685416667,0.195193958,0.103139208,0.127010126,0.180450287,0.014639206,0.275278980,-0.161814064,0.103693546,-0.267281251,-0.264686139,0.015193494,-0.159492787,0.197548577,0.997126653,0.330543890,-0.299882622,0.921399186,-0.181701856
interact,1.375000000,0.687500000,0.195193996,0.103139035,0.127010200,0.180450336,0.014639039,0.275279050,-0.161814103,0.103693390,-0.267281265,-0.264686206,0.015193350,-0.159492821,0.198317165,0.994135612,0.327288103,-0.299810620,0.921434146,-0.181812385
interact,1.379166667,0.689583333,0.195194018,0.103138871,0.127010254,0.180450364,0.014638878,0.275279098,-0.161814129,0.103693250,-0.267281274,-0.264686250,0.015193219,-0.159492843,0.199062708,0.991172095,0.324000292,-0.299738625,0.921469228,-0.181922886
interact,1.383333333,0.691666667,0.195194021,0.103138715,0.127010287,0.180450372,0.014638725,0.275279124,-0.161814139,0.103693125,-0.267281279,-0.264686271,0.015193100,-0.159492855,0.199785013,0.988236489,0.320680813,-0.299666636,0.921504431,-0.182033359
interact,1.387500000,0.693750000,0.195194006,0.103138567,0.127010299,0.180450359,0.014638580,0.275279129,-0.161814136,0.103693014,-0.267281279,-0.264686270,0.015192994,-0.159492856,0.200483890,0.985329181,0.317330030,-0.299594654,0.921539755,-0.182143803
interact,1.391666667,0.695833333,0.195193974,0.103138428,0.127010290,0.180450326,0.014638441,0.275279112,-0.161814119,0.103692919,-0.267281275,-0.264686245,0.015192901,-0.159492847,0.201159152,0.982450553,0.313948312,-0.299522679,0.921575201,-0.182254219
interact,1.395833333,0.697916667,0.195193924,0.103138298,0.127010261,0.180450272,0.014638310,0.275279073,-0.161814087,0.103692838,-0.267281267,-0.264686197,0.015192821,-0.159492826,0.201810612,0.979600985,0.310536035,-0.299450711,0.921610768,-0.182364606
interact,1.400000000,0.700000000,0.195193857,0.103138176,0.127010210,0.180450198,0.014638187,0.275279012,-0.161814041,0.103692773,-0.267281254,-0.264686127,0.015192753,-0.159492795,0.202438088,0.976780854,0.307093581,-0.299378750,0.921646456,-0.182474964
interact,1.404166667,0.702083333,0.195193937,0.103138034,0.127010289,0.180450283,0.014638044,0.275279097,-0.161814065,0.103692676,-0.267281288,-0.264686173,0.015192659,-0.159492847,0.203242188,0.974179821,0.303795103,-0.299301948,0.921684542,-0.182600270
interact,1.408333333,0.704166667,0.195194002,0.103137901,0.127010349,0.180450351,0.014637909,0.275279163,-0.161814078,0.103692591,-0.267281318,-0.264686200,0.015192577,-0.159492889,0.204023890,0.971605535,0.300468618,-0.299225154,0.921722770,-0.182725544
interact,1.412500000,0.706250000,0.195194051,0.103137776,0.127010391,0.180450402,0.014637781,0.275279210,-0.161814078,0.103692518,-0.267281344,-0.264686207,0.015192504,-0.159492922,0.204783013,0.969058326,0.297114473,-0.299148368,0.921761141,-0.182850786
interact,1.416666667,0.708333333,0.195194085,0.103137660,0.127010414,0.180450434,0.014637660,0.275279237,-0.161814065,0.103692458,-0.267281366,-0.264686195,0.015192442,-0.159492945,0.205519382,0.966538524,0.293733018,-0.299071589,0.921799655,-0.182975995
interact,1.420833333,0.710416667,0.195194104,0.103137552,0.127010419,0.180450449,0.014637547,0.275279244,-0.161814041,0.103692410,-0.267281384,-0.264686162,0.015192391,-0.159492958,0.206232820,0.964046453,0.290324611,-0.298994818,0.921838312,-0.183101172
interact,1.425000000,0.712500000,0.195194108,0.103137453,0.127010405,0.180450446,0.014637441,0.275279233,-0.161814004,0.103692375,-0.267281398,-0.264686110,0.015192349,-0.159492962,0.206923155,0.961582438,0.286889612,-0.298918055,0.921877111,-0.183226316
interact,1.429166667,0.714583333,0.195194096,0.103137361,0.127010372,0.180450425,0.014637343,0.275279201,-0.161813955,0.103692351,-0.267281408,-0.264686038,0.015192319,-0.159492957,0.207590213,0.959146797,0.283428391,-0.298841299,0.921916053,-0.183351427
interact,1.433333333,0.716666667,0.195194070,0.103137279,0.127010321,0.180450387,0.014637252,0.275279150,-0.161813894,0.103692340,-0.267281415,-0.264685946,0.015192298,-0.159492942,0.208233829,0.956739850,0.279941322,-0.298764552,0.921955138,-0.183476505
interact,1.437500000,0.718750000,0.195194117,0.103137203,0.127010395,0.180450443,0.014637182,0.275279227,-0.161813956,0.103692237,-0.267281453,-0.264686032,0.015192209,-0.159492993,0.209078776,0.954524936,0.276603270,-0.298684128,0.921995388,-0.183613666
interact,1.441666667,0.720833333,0.195194152,0.103137135,0.127010455,0.180450485,0.014637119,0.275279288,-0.161814010,0.103692142,-0.267281488,-0.264686102,0.015192127,-0.159493037,0.209901964,0.952336056,0.273240736,-0.298603712,0.922035793,-0.183750792
interact,1.445833333,0.722916667,0.195194176,0.103137076,0.127010500,0.180450514,0.014637064,0.275279334,-0.161814054,0.103692056,-0.267281520,-0.264686158,0.015192053,-0.159493073,0.210703223,0.950173492,0.269854056,-0.298523304,0.922076352,-0.183887883
interact,1.450000000,0.725000000,0.195194188,0.103137024,0.127010529,0.180450530,0.014637015,0.275279363,-0.161814089,0.103691978,-0.267281548,-0.264686199,0.015191986,-0.159493101,0.211482385,0.948037522,0.266443570,-0.298442905,0.922117066,-0.184024940
interact,1.454166667,0.727083333,0.195194189,0.103136980,0.127010544,0.180450532,0.014636974,0.275279377,-0.161814115,0.103691910,-0.267281574,-0.264686225,0.015191927,-0.159493122,0.212239282,0.945928421,0.263009623,-0.298362513,0.922157935,-0.184161963
interact,1.458333333,0.729166667,0.195194178,0.103136945,0.127010544,0.180450520,0.014636940,0.275279376,-0.161814131,0.103691851,-0.267281596,-0.264686236,0.015191875,-0.159493135,0.212973751,0.943846462,0.259552565,-0.298282130,0.922198959,-0.184298950
interact,1.462500000,0.731250000,0.195194155,0.103136918,0.127010528,0.180450495,0.014636913,0.275279358,-0.161814139,0.103691800,-0.267281615,-0.264686231,0.015191831,-0.159493141,0.213685626,0.941791914,0.256072751,-0.298201756,0.922240138,-0.184435902
interact,1.466666667,0.733333333,0.195194121,0.103136898,0.127010498,0.180450457,0.014636894,0.275279325,-0.161814137,0.103691758,-0.267281630,-0.264686212,0.015191794,-0.159493140,0.214374745,0.939765044,0.252570540,-0.298121390,0.922281471,-0.184572819
interact,1.470833333,0.735416667,0.195194160,0.103136808,0.127010528,0.180450499,0.014636805,0.275279351,-0.161814164,0.103691732,-0.267281639,-0.264686252,0.015191767,-0.159493157,0.215269076,0.937929811,0.249246243,-0.298038428,0.922322765,-0.184718890
interact,1.475000000,0.737500000,0.195194192,0.103136724,0.127010547,0.180450532,0.014636722,0.275279367,-0.161814187,0.103691711,-0.267281645,-0.264686282,0.015191746,-0.159493169,0.216142550,0.936119319,0.245900718,-0.297955474,0.922364215,-0.184864926
interact,1.479166667,0.739583333,0.195194216,0.103136648,0.127010556,0.180450556,0.014636647,0.275279372,-0.161814203,0.103691696,-0.267281649,-0.264686304,0.015191729,-0.159493175,0.216995007,0.934333798,0.242534279,-0.297872529,0.922405820,-0.185010929
interact,1.483333333,0.741666667,0.195194234,0.103136579,0.127010554,0.180450572,0.014636578,0.275279366,-0.161814214,0.103691686,-0.267281651,-0.264686316,0.015191717,-0.159493177,0.217826287,0.932573480,0.239147247,-0.297789591,0.922447581,-0.185156897
interact,1.487500000,0.743750000,0.195194244,0.103136518,0.127010542,0.180450580,0.014636515,0.275279348,-0.161814220,0.103691682,-0.267281650,-0.264686318,0.015191710,-0.159493173,0.218636232,0.930838590,0.235739947,-0.297706662,0.922489497,-0.185302831
interact,1.491666667,0.745833333,0.195194246,0.103136464,0.127010519,0.180450579,0.014636460,0.275279320,-0.161814219,0.103691684,-0.267281646,-0.264686311,0.015191707,-0.159493164,0.219424686,0.929129353,0.232312708,-0.297623741,0.922531569,-0.185448729
interact,1.495833333,0.747916667,0.195194242,0.103136417,0.127010486,0.180450569,0.014636411,0.275279280,-0.161814213,0.103691691,-0.267281641,-0.264686295,0.015191709,-0.159493150,0.220191494,0.927445990,0.228865862,-0.297540829,0.922573796,-0.185594594
interact,1.500000000,0.750000000,0.195194230,0.103136378,0.127010442,0.180450551,0.014636368,0.275279229,-0.161814201,0.103691704,-0.267281632,-0.264686270,0.015191716,-0.159493130,0.220936502,0.925788722,0.225399747,-0.297457925,0.922616179,-0.185740423
interact,1.504166667,0.752083333,0.195194242,0.103136234,0.127010472,0.180450564,0.014636224,0.275279262,-0.161814220,0.103691626,-0.267281660,-0.264686293,0.015191633,-0.159493165,0.221882156,0.924318859,0.222140177,-0.297373504,0.922657024,-0.185892632
interact,1.508333333,0.754166667,0.195194252,0.103136096,0.127010496,0.180450573,0.014636086,0.275279288,-0.161814235,0.103691552,-0.267281687,-0.264686312,0.015191553,-0.159493196,0.222808107,0.922871947,0.218862339,-0.297289091,0.922698013,-0.186044810
interact,1.512500000,0.756250000,0.195194257,0.103135965,0.127010514,0.180450578,0.014635954,0.275279308,-0.161814249,0.103691481,-0.267281711,-0.264686328,0.015191476,-0.159493225,0.223714204,0.921448172,0.215566524,-0.297204685,0.922739146,-0.186196958
interact,1.516666667,0.758333333,0.195194260,0.103135840,0.127010527,0.180450579,0.014635827,0.275279321,-0.161814261,0.103691413,-0.267281735,-0.264686339,0.015191401,-0.159493250,0.224600298,0.920047718,0.212253024,-0.297120287,0.922780423,-0.186349074
interact,1.520833333,0.760416667,0.195194259,0.103135722,0.127010533,0.180450576,0.014635707,0.275279328,-0.161814270,0.103691348,-0.267281757,-0.264686347,0.015191329,-0.159493273,0.225466242,0.918670768,0.208922135,-0.297035897,0.922821843,-0.186501159
interact,1.525000000,0.762500000,0.195194256,0.103135609,0.127010533,0.180450569,0.014635593,0.275279329,-0.161814277,0.103691287,-0.267281777,-0.264686350,0.015191261,-0.159493293,0.226311889,0.917317501,0.205574159,-0.296951513,0.922863408,-0.186653212
interact,1.529166667,0.764583333,0.195194249,0.103135504,0.127010528,0.180450558,0.014635484,0.275279324,-0.161814282,0.103691228,-0.267281796,-0.264686350,0.015191195,-0.159493310,0.227137094,0.915988095,0.202209397,-0.296867138,0.922905116,-0.186805234
interact,1.533333333,0.766666667,0.195194238,0.103135404,0.127010516,0.180450543,0.014635382,0.275279312,-0.161814284,0.103691173,-0.267281814,-0.264686345,0.015191131,-0.159493325,0.227941714,0.914682724,0.198828159,-0.296782769,0.922946968,-0.186957224
interact,1.537500000,0.768750000,0.195194256,0.103135391,0.127010526,0.180450560,0.014635370,0.275279329,-0.161814267,0.103691168,-0.267281794,-0.264686334,0.015191128,-0.159493312,0.228934404,0.913556695,0.195680190,-0.296698007,0.922985976,-0.187112714
interact,1.541666667,0.770833333,0.195194274,0.103135382,0.127010534,0.180450576,0.014635362,0.275279345,-0.161814250,0.103691166,-0.267281773,-0.264686322,0.015191127,-0.159493298,0.229908770,0.912451432,0.192516624,-0.296613252,0.923025103,-0.187268179
interact,1.545833333,0.772916667,0.195194291,0.103135378,0.127010540,0.180450591,0.014635360,0.275279358,-0.161814233,0.103691167,-0.267281752,-0.264686310,0.015191130,-0.159493283,0.230864673,0.911367081,0.189337720,-0.296528502,0.923064349,-0.187423618
interact,1.550000000,0.775000000,0.195194307,0.103135379,0.127010544,0.180450605,0.014635362,0.275279368,-0.161814216,0.103691171,-0.267281730,-0.264686298,0.015191134,-0.159493267,0.231801978,0.910303784,0.186143734,-0.296443758,0.923103714,-0.187579032
interact,1.554166667,0.777083333,0.195194323,0.103135386,0.127010546,0.180450618,0.014635369,0.275279377,-0.161814199,0.103691177,-0.267281707,-0.264686285,0.015191142,-0.159493250,0.232720549,0.909261681,0.182934931,-0.296359020,0.923143198,-0.187734420
interact,1.558333333,0.779166667,0.195194338,0.103135397,0.127010545,0.180450629,0.014635382,0.275279383,-0.161814182,0.103691186,-0.267281683,-0.264686271,0.015191152,-0.159493232,0.233620250,0.908240913,0.179711575,-0.296274289,0.923182801,-0.187889783
interact,1.562500000,0.781250000,0.195194353,0.103135414,0.127010543,0.180450640,0.014635399,0.275279387,-0.161814165,0.103691197,-0.267281659,-0.264686257,0.015191165,-0.159493213,0.234500947,0.907241615,0.176473933,-0.296189563,0.923222522,-0.188045120
interact,1.566666667,0.783333333,0.195194368,0.103135436,0.127010538,0.180450650,0.014635421,0.275279388,-0.161814148,0.103691212,-0.267281634,-0.264686243,0.015191180,-0.159493192,0.235362509,0.906263923,0.173222277,-0.296104844,0.923262363,-0.188200432
interact,1.570833333,0.785416667,0.195194360,0.103135341,0.127010573,0.180450645,0.014635326,0.275279419,-0.161814139,0.103691246,-0.267281628,-0.264686227,0.015191220,-0.159493179,0.236392878,0.905446958,0.170226433,-0.296020680,0.923298977,-0.188357193
interact,1.575000000,0.787500000,0.195194352,0.103135250,0.127010607,0.180450640,0.014635235,0.275279450,-0.161814130,0.103691285,-0.267281621,-0.264686212,0.015191265,-0.159493164,0.237406507,0.904648487,0.167217323,-0.295936521,0.923335682,-0.188513935
interact,1.579166667,0.789583333,0.195194343,0.103135162,0.127010641,0.180450634,0.014635148,0.275279480,-0.161814120,0.103691328,-0.267281614,-0.264686196,0.015191314,-0.159493149,0.238403269,0.903868616,0.164195165,-0.295852366,0.923372479,-0.188670657
interact,1.583333333,0.791666667,0.195194335,0.103135078,0.127010675,0.180450627,0.014635065,0.275279510,-0.161814111,0.103691376,-0.267281606,-0.264686180,0.015191368,-0.159493134,0.239383042,0.903107453,0.161160182,-0.295768215,0.923409367,-0.188827360
interact,1.587500000,0.793750000,0.195194326,0.103134999,0.127010709,0.180450619,0.014634985,0.275279539,-0.161814102,0.103691429,-0.267281599,-0.264686164,0.015191426,-0.159493118,0.240345703,0.902365102,0.158112600,-0.295684070,0.923446347,-0.188984044
interact,1.591666667,0.795833333,0.195194318,0.103134922,0.127010742,0.180450610,0.014634909,0.275279568,-0.161814093,0.103691486,-0.267281591,-0.264686148,0.015191488,-0.159493102,0.241291130,0.901641668,0.155052647,-0.295599929,0.923483419,-0.189140708
interact,1.595833333,0.797916667,0.195194309,0.103134850,0.127010775,0.180450601,0.014634836,0.275279597,-0.161814084,0.103691548,-0.267281582,-0.264686131,0.015191555,-0.159493085,0.242219203,0.900937252,0.151980554,-0.295515793,0.923520582,-0.189297352
interact,1.600000000,0.800000000,0.195194301,0.103134781,0.127010808,0.180450590,0.014634767,0.275279625,-0.161814075,0.103691615,-0.267281573,-0.264686114,0.015191627,-0.159493067,0.243129802,0.900251954,0.148896553,-0.295431662,0.923557836,-0.189453977
interact,1.604166667,0.802083333,0.195194317,0.103134760,0.127010753,0.180450614,0.014634741,0.275279570,-0.161814099,0.103691637,-0.267281592,-0.264686140,0.015191645,-0.159493088,0.244184308,0.899703669,0.146085632,-0.295348909,0.923592570,-0.189610259
interact,1.608333333,0.804166667,0.195194332,0.103134742,0.127010698,0.180450636,0.014634718,0.275279515,-0.161814121,0.103691666,-0.267281610,-0.264686165,0.015191670,-0.159493108,0.245223805,0.899171694,0.143263466,-0.295266161,0.923627373,-0.189766526
interact,1.612500000,0.806250000,0.195194347,0.103134726,0.127010643,0.180450656,0.014634698,0.275279459,-0.161814143,0.103691702,-0.267281627,-0.264686188,0.015191702,-0.159493127,0.246248181,0.898656108,0.140430240,-0.295183416,0.923662247,-0.189922778
interact,1.616666667,0.808333333,0.195194360,0.103134713,0.127010588,0.180450674,0.014634680,0.275279404,-0.161814164,0.103691745,-0.267281645,-0.264686209,0.015191741,-0.159493146,0.247257329,0.898156988,0.137586142,-0.295100675,0.923697191,-0.190079015
interact,1.620833333,0.810416667,0.195194373,0.103134703,0.127010533,0.180450690,0.014634665,0.275279349,-0.161814184,0.103691795,-0.267281662,-0.264686228,0.015191786,-0.159493164,0.248251140,0.897674409,0.134731362,-0.295017937,0.923732204,-0.190235236
interact,1.625000000,0.812500000,0.195194384,0.103134695,0.127010478,0.180450704,0.014634652,0.275279294,-0.161814203,0.103691853,-0.267281679,-0.264686246,0.015191838,-0.159493181,0.249229508,0.897208447,0.131866091,-0.294935203,0.923767288,-0.190391442
interact,1.629166667,0.814583333,0.195194395,0.103134691,0.127010424,0.180450716,0.014634642,0.275279238,-0.161814221,0.103691917,-0.267281695,-0.264686263,0.015191896,-0.159493197,0.250192325,0.896759173,0.128990524,-0.294852473,0.923802442,-0.190547633
interact,1.633333333,0.816666667,0.195194405,0.103134689,0.127010369,0.180450725,0.014634635,0.275279183,-0.161814238,0.103691989,-0.267281712,-0.264686277,0.015191962,-0.159493213,0.251139486,0.896326661,0.126104856,-0.294769747,0.923837665,-0.190703808
interact,1.637500000,0.818750000,0.195194413,0.103134701,0.127010378,0.180450739,0.014634648,0.275279193,-0.161814219,0.103691998,-0.267281689,-0.264686262,0.015191968,-0.159493195,0.252201120,0.896010004,0.123505567,-0.294689303,0.923870061,-0.190857563
interact,1.641666667,0.820833333,0.195194418,0.103134715,0.127010387,0.180450748,0.014634664,0.275279204,-0.161814196,0.103692018,-0.267281666,-0.264686243,0.015191983,-0.159493175,0.253249407,0.895707473,0.120896847,-0.294608862,0.923902504,-0.191011307
interact,1.645833333,0.822916667,0.195194422,0.103134730,0.127010396,0.180450753,0.014634681,0.275279213,-0.161814171,0.103692047,-0.267281642,-0.264686220,0.015192008,-0.159493155,0.254284304,0.895419122,0.118278849,-0.294528424,0.923934997,-0.191165040
interact,1.650000000,0.825000000,0.195194422,0.103134748,0.127010405,0.180450754,0.014634699,0.275279222,-0.161814144,0.103692086,-0.267281618,-0.264686193,0.015192041,-0.159493133,0.255305768,0.895145002,0.115651724,-0.294447988,0.923967538,-0.191318761
interact,1.654166667,0.827083333,0.195194421,0.103134767,0.127010413,0.180450752,0.014634720,0.275279231,-0.161814115,0.103692136,-0.267281594,-0.264686163,0.015192084,-0.159493110,0.256313754,0.894885164,0.113015626,-0.294367555,0.924000128,-0.191472472
interact,1.658333333,0.829166667,0.195194417,0.103134788,0.127010421,0.180450746,0.014634742,0.275279240,-0.161814083,0.103692195,-0.267281570,-0.264686128,0.015192136,-0.159493086,0.257308220,0.894639657,0.110370712,-0.294287125,0.924032766,-0.191626172
interact,1.662500000,0.831250000,0.195194411,0.103134810,0.127010428,0.180450735,0.014634765,0.275279248,-0.161814049,0.103692264,-0.267281545,-0.264686090,0.015192198,-0.159493060,0.258289124,0.894408531,0.107717137,-0.294206698,0.924065453,-0.191779860
interact,1.666666667,0.833333333,0.195194402,0.103134835,0.127010436,0.180450721,0.014634791,0.275279255,-0.161814012,0.103692343,-0.267281519,-0.264686048,0.015192268,-0.159493034,0.259256426,0.894191834,0.105055065,-0.294126273,0.924098189,-0.191933537
interact,1.670833333,0.835416667,0.195194401,0.103134838,0.127010439,0.180450724,0.014634795,0.275279258,-0.161814033,0.103692387,-0.267281500,-0.264686079,0.015192321,-0.159493020,0.260304939,0.894068322,0.102687824,-0.294049103,0.924127830,-0.192082544
interact,1.675000000,0.837500000,0.195194396,0.103134842,0.127010442,0.180450720,0.014634800,0.275279258,-0.161814050,0.103692444,-0.267281480,-0.264686102,0.015192385,-0.159493003,0.261342181,0.893956775,0.100312594,-0.293971935,0.924157499,-0.192231544
interact,1.679166667,0.839583333,0.195194386,0.103134846,0.127010443,0.180450710,0.014634805,0.275279258,-0.161814063,0.103692513,-0.267281460,-0.264686120,0.015192461,-0.159492985,0.262368043,0.893857231,0.097929556,-0.293894769,0.924187197,-0.192380537
interact,1.683333333,0.841666667,0.195194372,0.103134852,0.127010444,0.180450694,0.014634812,0.275279257,-0.161814072,0.103692596,-0.267281439,-0.264686131,0.015192549,-0.159492965,0.263382419,0.893769729,0.095538894,-0.293817605,0.924216923,-0.192529523
interact,1.687500000,0.843750000,0.195194355,0.103134859,0.127010443,0.180450672,0.014634819,0.275279254,-0.161814076,0.103692691,-0.267281418,-0.264686136,0.015192648,-0.159492943,0.264385206,0.893694304,0.093140791,-0.293740443,0.924246677,-0.192678501
interact,1.691666667,0.845833333,0.195194333,0.103134866,0.127010441,0.180450644,0.014634827,0.275279250,-0.161814077,0.103692799,-0.267281396,-0.264686134,0.015192760,-0.159492919,0.265376300,0.893630989,0.090735433,-0.293663282,0.924276460,-0.192827472
interact,1.695833333,0.847916667,0.195194307,0.103134874,0.127010438,0.180450610,0.014634836,0.275279244,-0.161814073,0.103692920,-0.267281373,-0.264686125,0.015192883,-0.159492893,0.266355599,0.893579816,0.088323009,-0.293586123,0.924306271,-0.192976436
interact,1.700000000,0.850000000,0.195194277,0.103134883,0.127010435,0.180450570,0.014634845,0.275279238,-0.161814066,0.103693054,-0.267281350,-0.264686110,0.015193018,-0.159492866,0.267323005,0.893540814,0.085903707,-0.293508966,0.924336110,-0.193125393
interact,1.704166667,0.852083333,0.195194312,0.103134893,0.127010478,0.180450617,0.014634857,0.275279286,-0.161814095,0.103693046,-0.267281341,-0.264686153,0.015193014,-0.159492864,0.268337471,0.893571128,0.083782197,-0.293436012,0.924362487,-0.193267523
interact,1.708333333,0.854166667,0.195194342,0.103134902,0.127010520,0.180450655,0.014634869,0.275279331,-0.161814119,0.103693053,-0.267281331,-0.264686186,0.015193025,-0.159492860,0.269342470,0.893611340,0.081654212,-0.293363059,0.924388874,-0.193409649
interact,1.712500000,0.856250000,0.195194366,0.103134912,0.127010559,0.180450685,0.014634880,0.275279375,-0.161814137,0.103693076,-0.267281321,-0.264686210,0.015193050,-0.159492853,0.270337914,0.893661471,0.079519886,-0.293290106,0.924415270,-0.193551772
interact,1.716666667,0.858333333,0.195194384,0.103134921,0.127010596,0.180450706,0.014634892,0.275279416,-0.161814150,0.103693115,-0.267281309,-0.264686225,0.015193090,-0.159492844,0.271323720,0.893721541,0.077379357,-0.293217155,0.924441677,-0.193693890
interact,1.720833333,0.860416667,0.195194396,0.103134931,0.127010631,0.180450720,0.014634903,0.275279454,-0.161814156,0.103693169,-0.267281297,-0.264686230,0.015193143,-0.159492831,0.272299804,0.893791567,0.075232764,-0.293144205,0.924468094,-0.193836005
interact,1.725000000,0.862500000,0.195194402,0.103134941,0.127010665,0.180450725,0.014634915,0.275279491,-0.161814156,0.103693238,-0.267281284,-0.264686227,0.015193211,-0.159492816,0.273266084,0.893871567,0.073080249,-0.293071255,0.924494521,-0.193978116
interact,1.729166667,0.864583333,0.195194402,0.103134951,0.127010695,0.180450723,0.014634927,0.275279524,-0.161814151,0.103693324,-0.267281270,-0.264686214,0.015193293,-0.159492798,0.274222478,0.893961555,0.070921952,-0.292998307,0.924520958,-0.194120223
interact,1.733333333,0.866666667,0.195194397,0.103134961,0.127010724,0.180450712,0.014634939,0.275279556,-0.161814140,0.103693424,-0.267281255,-0.264686193,0.015193390,-0.159492776,0.275168908,0.894061545,0.068758018,-0.292925359,0.924547404,-0.194262326
interact,1.737500000,0.868750000,0.195194413,0.103134950,0.127010717,0.180450737,0.014634928,0.275279550,-0.161814166,0.103693431,-0.267281204,-0.264686229,0.015193400,-0.159492729,0.276127503,0.894206913,0.066890510,-0.292857589,0.924570220,-0.194395398
interact,1.741666667,0.870833333,0.195194421,0.103134939,0.127010707,0.180450752,0.014634917,0.275279541,-0.161814185,0.103693456,-0.267281152,-0.264686254,0.015193427,-0.159492678,0.277078372,0.894360213,0.065017875,-0.292789819,0.924593030,-0.194528468
interact,1.745833333,0.872916667,0.195194422,0.103134927,0.127010693,0.180450758,0.014634906,0.275279528,-0.161814197,0.103693499,-0.267281098,-0.264686268,0.015193470,-0.159492623,0.278021450,0.894521454,0.063140210,-0.292722049,0.924615834,-0.194661537
interact,1.750000000,0.875000000,0.195194416,0.103134914,0.127010676,0.180450753,0.014634893,0.275279511,-0.161814201,0.103693559,-0.267281044,-0.264686270,0.015193530,-0.159492564,0.278956673,0.894690644,0.061257615,-0.292654279,0.924638632,-0.194794605
interact,1.754166667,0.877083333,0.195194402,0.103134901,0.127010656,0.180450738,0.014634881,0.275279491,-0.161814198,0.103693637,-0.267280988,-0.264686260,0.015193605,-0.159492502,0.279883977,0.894867789,0.059370191,-0.292586510,0.924661425,-0.194927672
interact,1.758333333,0.879166667,0.195194381,0.103134888,0.127010633,0.180450713,0.014634867,0.275279468,-0.161814187,0.103693733,-0.267280931,-0.264686239,0.015193696,-0.159492436,0.280803301,0.895052897,0.057478039,-0.292518741,0.924684213,-0.195060738
interact,1.762500000,0.881250000,0.195194352,0.103134874,0.127010607,0.180450678,0.014634853,0.275279441,-0.161814170,0.103693847,-0.267280873,-0.264686207,0.015193804,-0.159492366,0.281714582,0.895245971,0.055581261,-0.292450973,0.924706994,-0.195193803
interact,1.766666667,0.883333333,0.195194315,0.103134859,0.127010577,0.180450633,0.014634839,0.275279410,-0.161814144,0.103693978,-0.267280814,-0.264686163,0.015193928,-0.159492292,0.282617759,0.895447015,0.053679960,-0.292383204,0.924729770,-0.195326867
interact,1.770833333,0.885416667,0.195194338,0.103134908,0.127010596,0.180450663,0.014634891,0.275279432,-0.161814157,0.103694047,-0.267280792,-0.264686196,0.015194009,-0.159492279,0.283499092,0.895669555,0.052069829,-0.292321504,0.924748478,-0.195448684
interact,1.775000000,0.887500000,0.195194351,0.103134955,0.127010610,0.180450681,0.014634942,0.275279449,-0.161814162,0.103694136,-0.267280769,-0.264686216,0.015194108,-0.159492262,0.284374344,0.895898196,0.050455763,-0.292259804,0.924767169,-0.195570502
interact,1.779166667,0.889583333,0.195194356,0.103135002,0.127010620,0.180450688,0.014634992,0.275279461,-0.161814158,0.103694244,-0.267280744,-0.264686222,0.015194224,-0.159492240,0.285243470,0.896132942,0.048837828,-0.292198104,0.924785841,-0.195692322
interact,1.783333333,0.891666667,0.195194352,0.103135048,0.127010626,0.180450683,0.014635041,0.275279469,-0.161814146,0.103694371,-0.267280718,-0.264686215,0.015194357,-0.159492214,0.286106424,0.896373791,0.047216092,-0.292136404,0.924804495,-0.195814142
interact,1.787500000,0.893750000,0.195194339,0.103135092,0.127010627,0.180450667,0.014635089,0.275279472,-0.161814125,0.103694517,-0.267280691,-0.264686194,0.015194508,-0.159492184,0.286963161,0.896620746,0.045590623,-0.292074703,0.924823131,-0.195935964
interact,1.791666667,0.895833333,0.195194317,0.103135136,0.127010625,0.180450640,0.014635136,0.275279470,-0.161814095,0.103694683,-0.267280662,-0.264686160,0.015194676,-0.159492148,0.287813636,0.896873806,0.043961491,-0.292013002,0.924841749,-0.196057787
interact,1.795833333,0.897916667,0.195194287,0.103135179,0.127010618,0.180450601,0.014635182,0.275279464,-0.161814057,0.103694868,-0.267280631,-0.264686113,0.015194862,-0.159492109,0.288657806,0.897132971,0.042328764,-0.291951301,0.924860349,-0.196179611
interact,1.800000000,0.900000000,0.195194248,0.103135221,0.127010607,0.180450550,0.014635226,0.275279454,-0.161814010,0.103695072,-0.267280599,-0.264686053,0.015195065,-0.159492064,0.289495626,0.897398238,0.040692514,-0.291889600,0.924878931,-0.196301436
interact,1.804166667,0.902083333,0.195194275,0.103135268,0.127010625,0.180450592,0.014635271,0.275279468,-0.161814052,0.103695156,-0.267280594,-0.264686116,0.015195153,-0.159492076,0.290279485,0.897662126,0.039339382,-0.291834986,0.924893524,-0.196409849
interact,1.808333333,0.904166667,0.195194293,0.103135314,0.127010639,0.180450620,0.014635315,0.275279477,-0.161814085,0.103695261,-0.267280587,-0.264686165,0.015195260,-0.159492082,0.291058783,0.897930455,0.037983352,-0.291780371,0.924908089,-0.196518265
interact,1.812500000,0.906250000,0.195194301,0.103135358,0.127010648,0.180450637,0.014635357,0.275279481,-0.161814108,0.103695385,-0.267280578,-0.264686199,0.015195385,-0.159492083,0.291833489,0.898203225,0.036624465,-0.291725755,0.924922628,-0.196626683
interact,1.816666667,0.908333333,0.195194299,0.103135402,0.127010651,0.180450641,0.014635398,0.275279479,-0.161814123,0.103695530,-0.267280568,-0.264686218,0.015195528,-0.159492079,0.292603575,0.898480434,0.035262766,-0.291671139,0.924937141,-0.196735104
interact,1.820833333,0.910416667,0.195194288,0.103135444,0.127010649,0.180450632,0.014635438,0.275279472,-0.161814128,0.103695695,-0.267280556,-0.264686224,0.015195690,-0.159492070,0.293369010,0.898762078,0.033898295,-0.291616523,0.924951627,-0.196843528
interact,1.825000000,0.912500000,0.195194267,0.103135485,0.127010643,0.180450612,0.014635476,0.275279459,-0.161814123,0.103695879,-0.267280542,-0.264686214,0.015195869,-0.159492056,0.294129765,0.899048156,0.032531097,-0.291561906,0.924966086,-0.196951954
interact,1.829166667,0.914583333,0.195194237,0.103135525,0.127010631,0.180450579,0.014635513,0.275279441,-0.161814110,0.103696084,-0.267280526,-0.264686191,0.015196066,-0.159492036,0.294885811,0.899338664,0.031161215,-0.291507288,0.924980518,-0.197060383
interact,1.833333333,0.916666667,0.195194197,0.103135564,0.127010614,0.180450533,0.014635548,0.275279417,-0.161814087,0.103696309,-0.267280508,-0.264686153,0.015196282,-0.159492012,0.295637120,0.899633600,0.029788693,-0.291452669,0.924994924,-0.197168814
interact,1.837500000,0.918750000,0.195194227,0.103135621,0.127010629,0.180450570,0.014635609,0.275279434,-0.161814095,0.103696359,-0.267280454,-0.264686174,0.015196343,-0.159491967,0.296305188,0.899905754,0.028689548,-0.291406035,0.925004941,-0.197261602
interact,1.841666667,0.920833333,0.195194246,0.103135678,0.127010638,0.180450593,0.014635667,0.275279445,-0.161814094,0.103696430,-0.267280397,-0.264686180,0.015196422,-0.159491917,0.296970055,0.900180896,0.027588392,-0.291359401,0.925014927,-0.197354393
interact,1.845833333,0.922916667,0.195194256,0.103135733,0.127010641,0.180450604,0.014635725,0.275279450,-0.161814083,0.103696520,-0.267280339,-0.264686171,0.015196518,-0.159491861,0.297631704,0.900459024,0.026485246,-0.291312765,0.925024882,-0.197447187
interact,1.850000000,0.925000000,0.195194255,0.103135787,0.127010639,0.180450603,0.014635781,0.275279449,-0.161814062,0.103696630,-0.267280278,-0.264686147,0.015196633,-0.159491800,0.298290119,0.900740136,0.025380134,-0.291266129,0.925034805,-0.197539985
interact,1.854166667,0.927083333,0.195194245,0.103135840,0.127010631,0.180450589,0.014635835,0.275279441,-0.161814033,0.103696760,-0.267280216,-0.264686109,0.015196765,-0.159491733,0.298945281,0.901024229,0.024273081,-0.291219492,0.925044697,-0.197632786
interact,1.858333333,0.929166667,0.195194225,0.103135891,0.127010617,0.180450563,0.014635888,0.275279428,-0.161813993,0.103696909,-0.267280152,-0.264686056,0.015196915,-0.159491661,0.299597174,0.901311300,0.023164110,-0.291172854,0.925054557,-0.197725590
interact,1.862500000,0.931250000,0.195194195,0.103135941,0.127010598,0.180450523,0.014635939,0.275279408,-0.161813945,0.103697079,-0.267280085,-0.264685988,0.015197083,-0.159491583,0.300245780,0.901601347,0.022053246,-0.291126216,0.925064386,-0.197818397
interact,1.866666667,0.933333333,0.195194155,0.103135990,0.127010573,0.180450472,0.014635988,0.275279383,-0.161813887,0.103697268,-0.267280017,-0.264685906,0.015197269,-0.159491500,0.300891082,0.901894365,0.020940513,-0.291079576,0.925074184,-0.197911208
interact,1.870833333,0.935416667,0.195194190,0.103135976,0.127010578,0.180450518,0.014635972,0.275279392,-0.161813902,0.103697287,-0.267279991,-0.264685945,0.015197294,-0.159491487,0.301427481,0.902144602,0.020091087,-0.291041878,0.925079287,-0.197986222
interact,1.875000000,0.937500000,0.195194215,0.103135961,0.127010577,0.180450552,0.014635954,0.275279394,-0.161813908,0.103697324,-0.267279963,-0.264685970,0.015197335,-0.159491468,0.301961854,0.902396618,0.019240379,-0.291004179,0.925084358,-0.198061240
interact,1.879166667,0.939583333,0.195194230,0.103135944,0.127010570,0.180450574,0.014635934,0.275279390,-0.161813905,0.103697381,-0.267279933,-0.264685980,0.015197393,-0.159491444,0.302494191,0.902650411,0.018388400,-0.290966479,0.925089397,-0.198136260
interact,1.883333333,0.941666667,0.195194235,0.103135927,0.127010558,0.180450584,0.014635913,0.275279380,-0.161813893,0.103697456,-0.267279901,-0.264685977,0.015197468,-0.159491414,0.303024483,0.902905979,0.017535161,-0.290928778,0.925094405,-0.198211285
interact,1.887500000,0.943750000,0.195194231,0.103135908,0.127010539,0.180450581,0.014635890,0.275279364,-0.161813871,0.103697550,-0.267279867,-0.264685959,0.015197560,-0.159491379,0.303552722,0.903163320,0.016680674,-0.290891077,0.925099380,-0.198286312
interact,1.891666667,0.945833333,0.195194217,0.103135888,0.127010514,0.180450567,0.014635866,0.275279341,-0.161813841,0.103697662,-0.267279831,-0.264685926,0.015197669,-0.159491337,0.304078900,0.903422432,0.015824952,-0.290853375,0.925104324,-0.198361342
interact,1.895833333,0.947916667,0.195194193,0.103135867,0.127010484,0.180450540,0.014635841,0.275279312,-0.161813802,0.103697793,-0.267279792,-0.264685880,0.015197794,-0.159491290,0.304603006,0.903683313,0.014968004,-0.290815672,0.925109236,-0.198436376
interact,1.900000000,0.950000000,0.195194160,0.103135844,0.127010447,0.180450502,0.014635814,0.275279277,-0.161813754,0.103697943,-0.267279752,-0.264685819,0.015197937,-0.159491238,0.305125033,0.903945960,0.014109846,-0.290777968,0.925114116,-0.198511412
interact,1.904166667,0.952083333,0.195194182,0.103135924,0.127010470,0.180450528,0.014635900,0.275279304,-0.161813786,0.103697942,-0.267279741,-0.264685869,0.015197939,-0.159491244,0.305516921,0.904148559,0.013506292,-0.290750214,0.925114412,-0.198566368
interact,1.908333333,0.954166667,0.195194194,0.103136004,0.127010486,0.180450544,0.014635985,0.275279324,-0.161813810,0.103697958,-0.267279728,-0.264685905,0.015197955,-0.159491246,0.305907727,0.904352008,0.012902033,-0.290722460,0.925114679,-0.198621326
interact,1.912500000,0.956250000,0.195194198,0.103136082,0.127010497,0.180450548,0.014636068,0.275279338,-0.161813826,0.103697991,-0.267279713,-0.264685928,0.015197987,-0.159491241,0.306297449,0.904556306,0.012297071,-0.290694705,0.925114918,-0.198676287
interact,1.916666667,0.958333333,0.195194193,0.103136159,0.127010502,0.180450542,0.014636151,0.275279346,-0.161813833,0.103698040,-0.267279696,-0.264685938,0.015198034,-0.159491232,0.306686084,0.904761451,0.011691411,-0.290666949,0.925115130,-0.198731250
interact,1.920833333,0.960416667,0.195194179,0.103136235,0.127010501,0.180450524,0.014636231,0.275279347,-0.161813833,0.103698106,-0.267279677,-0.264685936,0.015198096,-0.159491217,0.307073627,0.904967444,0.011085059,-0.290639193,0.925115312,-0.198786216
interact,1.925000000,0.962500000,0.195194156,0.103136309,0.127010494,0.180450496,0.014636311,0.275279343,-0.161813824,0.103698188,-0.267279656,-0.264685920,0.015198173,-0.159491196,0.307460076,0.905174282,0.010478017,-0.290611436,0.925115467,-0.198841184
interact,1.929166667,0.964583333,0.195194124,0.103136383,0.127010482,0.180450456,0.014636389,0.275279332,-0.161813808,0.103698288,-0.267279632,-0.264685891,0.015198265,-0.159491170,0.307845427,0.905381965,0.009870290,-0.290583679,0.925115593,-0.198896154
interact,1.933333333,0.966666667,0.195194084,0.103136456,0.127010463,0.180450405,0.014636466,0.275279315,-0.161813783,0.103698404,-0.267279607,-0.264685849,0.015198372,-0.159491139,0.308229676,0.905590490,0.009261886,-0.290555921,0.925115691,-0.198951127
interact,1.937500000,0.968750000,0.195194106,0.103136497,0.127010459,0.180450432,0.014636500,0.275279305,-0.161813806,0.103698361,-0.267279652,-0.264685886,0.015198333,-0.159491191,0.308467535,0.905723962,0.008902032,-0.290539001,0.925110918,-0.198983805
interact,1.941666667,0.970833333,0.195194121,0.103136537,0.127010449,0.180450448,0.014636532,0.275279288,-0.161813822,0.103698332,-0.267279696,-0.264685911,0.015198306,-0.159491239,0.308704991,0.905857672,0.008541888,-0.290522081,0.925106124,-0.199016483
interact,1.945833333,0.972916667,0.195194129,0.103136577,0.127010434,0.180450456,0.014636564,0.275279266,-0.161813832,0.103698317,-0.267279738,-0.264685925,0.015198291,-0.159491282,0.308942043,0.905991619,0.008181454,-0.290505161,0.925101310,-0.199049163
interact,1.950000000,0.975000000,0.195194129,0.103136616,0.127010413,0.180450454,0.014636595,0.275279238,-0.161813834,0.103698316,-0.267279778,-0.264685928,0.015198289,-0.159491320,0.309178691,0.906125804,0.007820732,-0.290488241,0.925096475,-0.199081844
interact,1.954166667,0.977083333,0.195194121,0.103136654,0.127010387,0.180450443,0.014636624,0.275279205,-0.161813830,0.103698329,-0.267279816,-0.264685920,0.015198300,-0.159491353,0.309414932,0.906260227,0.007459723,-0.290471320,0.925091619,-0.199114526
interact,1.958333333,0.979166667,0.195194105,0.103136691,0.127010356,0.180450422,0.014636653,0.275279165,-0.161813818,0.103698355,-0.267279852,-0.264685900,0.015198323,-0.159491382,0.309650768,0.906394886,0.007098427,-0.290454399,0.925086742,-0.199147209
interact,1.962500000,0.981250000,0.195194082,0.103136727,0.127010319,0.180450392,0.014636681,0.275279121,-0.161813800,0.103698395,-0.267279887,-0.264685870,0.015198358,-0.159491405,0.309886197,0.906529782,0.006736845,-0.290437478,0.925081845,-0.199179893
interact,1.966666667,0.983333333,0.195194051,0.103136763,0.127010277,0.180450352,0.014636708,0.275279070,-0.161813775,0.103698449,-0.267279919,-0.264685828,0.015198405,-0.159491424,0.310121217,0.906664915,0.006374978,-0.290420557,0.925076927,-0.199212577
interact,1.970833333,0.985416667,0.195194062,0.103136810,0.127010308,0.180450370,0.014636761,0.275279103,-0.161813784,0.103698400,-0.267279905,-0.264685848,0.015198365,-0.159491419,0.310199554,0.906713401,0.006259943,-0.290415449,0.925066951,-0.199220855
interact,1.975000000,0.987500000,0.195194067,0.103136856,0.127010334,0.180450380,0.014636814,0.275279132,-0.161813788,0.103698361,-0.267279890,-0.264685858,0.015198333,-0.159491411,0.310277846,0.906761868,0.006144861,-0.290410342,0.925056965,-0.199229132
interact,1.979166667,0.989583333,0.195194067,0.103136903,0.127010356,0.180450382,0.014636865,0.275279155,-0.161813786,0.103698332,-0.267279874,-0.264685860,0.015198311,-0.159491398,0.310356094,0.906810317,0.006029730,-0.290405235,0.925046970,-0.199237408
interact,1.983333333,0.991666667,0.195194060,0.103136948,0.127010373,0.180450377,0.014636917,0.275279174,-0.161813780,0.103698314,-0.267279856,-0.264685853,0.015198298,-0.159491382,0.310434299,0.906858748,0.005914550,-0.290400129,0.925036965,-0.199245683
interact,1.987500000,0.993750000,0.195194047,0.103136993,0.127010385,0.180450365,0.014636968,0.275279187,-0.161813767,0.103698306,-0.267279836,-0.264685838,0.015198294,-0.159491361,0.310512461,0.906907160,0.005799321,-0.290395022,0.925026950,-0.199253956
interact,1.991666667,0.995833333,0.195194027,0.103137038,0.127010393,0.180450346,0.014637018,0.275279196,-0.161813750,0.103698308,-0.267279814,-0.264685813,0.015198300,-0.159491337,0.310590580,0.906955553,0.005684043,-0.290389916,0.925016926,-0.199262229
interact,1.995833333,0.997916667,0.195194002,0.103137083,0.127010396,0.180450319,0.014637068,0.275279199,-0.161813727,0.103698321,-0.267279791,-0.264685780,0.015198314,-0.159491308,0.310668654,0.907003928,0.005568716,-0.290384810,0.925006893,-0.199270500
interact,2.000000000,1.000000000,0.195193971,0.103137127,0.127010394,0.180450284,0.014637117,0.275279198,-0.161813698,0.103698344,-0.267279766,-0.264685739,0.015198339,-0.159491275,0.310746686,0.907052285,0.005453341,-0.290379705,0.924996850,-0.199278770
